ISO-10303-21;
HEADER;
/* Generated by software containing ST-Developer
 * from STEP Tools, Inc. (www.steptools.com) 
 */

FILE_DESCRIPTION(
/* description */ (''),
/* implementation_level */ '2;1');

FILE_NAME(
/* name */ 'bauform1.step',
/* time_stamp */ '2026-09-10T10:30:39+02:00',
/* author */ (''),
/* organization */ (''),
/* preprocessor_version */ 'ST-DEVELOPER v20.2',
/* originating_system */ 'Autodesk Translation Framework v15.15.0.0',
/* authorisation */ '');

FILE_SCHEMA (('AUTOMOTIVE_DESIGN { 1 0 10303 214 3 1 1 }'));
ENDSEC;

DATA;
#10=MECHANICAL_DESIGN_GEOMETRIC_PRESENTATION_REPRESENTATION('',(#107,#108,
#109,#110,#111,#112),#14912);
#11=ITEM_DEFINED_TRANSFORMATION($,$,#8827,#9635);
#12=ITEM_DEFINED_TRANSFORMATION($,$,#8892,#9636);
#13=ITEM_DEFINED_TRANSFORMATION($,$,#9074,#9637);
#14=ITEM_DEFINED_TRANSFORMATION($,$,#9566,#9638);
#15=(
REPRESENTATION_RELATIONSHIP($,$,#14932,#14931)
REPRESENTATION_RELATIONSHIP_WITH_TRANSFORMATION(#11)
SHAPE_REPRESENTATION_RELATIONSHIP()
);
#16=(
REPRESENTATION_RELATIONSHIP($,$,#14933,#14931)
REPRESENTATION_RELATIONSHIP_WITH_TRANSFORMATION(#12)
SHAPE_REPRESENTATION_RELATIONSHIP()
);
#17=(
REPRESENTATION_RELATIONSHIP($,$,#14934,#14931)
REPRESENTATION_RELATIONSHIP_WITH_TRANSFORMATION(#13)
SHAPE_REPRESENTATION_RELATIONSHIP()
);
#18=(
REPRESENTATION_RELATIONSHIP($,$,#14935,#14931)
REPRESENTATION_RELATIONSHIP_WITH_TRANSFORMATION(#14)
SHAPE_REPRESENTATION_RELATIONSHIP()
);
#19=CONTEXT_DEPENDENT_SHAPE_REPRESENTATION(#15,#14927);
#20=CONTEXT_DEPENDENT_SHAPE_REPRESENTATION(#16,#14928);
#21=CONTEXT_DEPENDENT_SHAPE_REPRESENTATION(#17,#14929);
#22=CONTEXT_DEPENDENT_SHAPE_REPRESENTATION(#18,#14930);
#23=NEXT_ASSEMBLY_USAGE_OCCURRENCE('1Z115_87_01:1','1Z115_87_01:1',
'1Z115_87_01:1',#14937,#14938,'1Z115_87_01:1');
#24=NEXT_ASSEMBLY_USAGE_OCCURRENCE('1Z321_100_04:1','1Z321_100_04:1',
'1Z321_100_04:1',#14937,#14939,'1Z321_100_04:1');
#25=NEXT_ASSEMBLY_USAGE_OCCURRENCE('1Z321_100_02:1','1Z321_100_02:1',
'1Z321_100_02:1',#14937,#14940,'1Z321_100_02:1');
#26=NEXT_ASSEMBLY_USAGE_OCCURRENCE('1Z115_87_07:1','1Z115_87_07:1',
'1Z115_87_07:1',#14937,#14941,'1Z115_87_07:1');
#27=(
BOUNDED_CURVE()
B_SPLINE_CURVE(2,(#13318,#13319,#13320),.UNSPECIFIED.,.F.,.F.)
B_SPLINE_CURVE_WITH_KNOTS((3,3),(-0.479141137439213,-0.249649161731626),
 .UNSPECIFIED.)
CURVE()
GEOMETRIC_REPRESENTATION_ITEM()
RATIONAL_B_SPLINE_CURVE((1.02626961848104,1.04079586133426,1.03538051769159))
REPRESENTATION_ITEM('')
);
#28=(
BOUNDED_CURVE()
B_SPLINE_CURVE(2,(#13321,#13322,#13323),.UNSPECIFIED.,.F.,.F.)
B_SPLINE_CURVE_WITH_KNOTS((3,3),(-0.374290991201829,-0.144799015494195),
 .UNSPECIFIED.)
CURVE()
GEOMETRIC_REPRESENTATION_ITEM()
RATIONAL_B_SPLINE_CURVE((1.03538051769184,1.04079586133456,1.02626961848122))
REPRESENTATION_ITEM('')
);
#29=(
BOUNDED_CURVE()
B_SPLINE_CURVE(2,(#13359,#13360,#13361),.UNSPECIFIED.,.F.,.F.)
B_SPLINE_CURVE_WITH_KNOTS((3,3),(-0.479141137439213,-0.249649161731626),
 .UNSPECIFIED.)
CURVE()
GEOMETRIC_REPRESENTATION_ITEM()
RATIONAL_B_SPLINE_CURVE((1.02626961848104,1.04079586133426,1.03538051769159))
REPRESENTATION_ITEM('')
);
#30=(
BOUNDED_CURVE()
B_SPLINE_CURVE(2,(#13362,#13363,#13364),.UNSPECIFIED.,.F.,.F.)
B_SPLINE_CURVE_WITH_KNOTS((3,3),(-0.374290991201829,-0.144799015494195),
 .UNSPECIFIED.)
CURVE()
GEOMETRIC_REPRESENTATION_ITEM()
RATIONAL_B_SPLINE_CURVE((1.03538051769184,1.04079586133456,1.02626961848122))
REPRESENTATION_ITEM('')
);
#31=(
BOUNDED_CURVE()
B_SPLINE_CURVE(2,(#14606,#14607,#14608),.UNSPECIFIED.,.F.,.F.)
B_SPLINE_CURVE_WITH_KNOTS((3,3),(-0.479141137439213,-0.249649161731626),
 .UNSPECIFIED.)
CURVE()
GEOMETRIC_REPRESENTATION_ITEM()
RATIONAL_B_SPLINE_CURVE((1.02626961848104,1.04079586133426,1.03538051769159))
REPRESENTATION_ITEM('')
);
#32=(
BOUNDED_CURVE()
B_SPLINE_CURVE(2,(#14611,#14612,#14613),.UNSPECIFIED.,.F.,.F.)
B_SPLINE_CURVE_WITH_KNOTS((3,3),(-0.374290991201829,-0.144799015494195),
 .UNSPECIFIED.)
CURVE()
GEOMETRIC_REPRESENTATION_ITEM()
RATIONAL_B_SPLINE_CURVE((1.03538051769184,1.04079586133456,1.02626961848122))
REPRESENTATION_ITEM('')
);
#33=(
BOUNDED_CURVE()
B_SPLINE_CURVE(2,(#14643,#14644,#14645),.UNSPECIFIED.,.F.,.F.)
B_SPLINE_CURVE_WITH_KNOTS((3,3),(-0.479141137439213,-0.249649161731626),
 .UNSPECIFIED.)
CURVE()
GEOMETRIC_REPRESENTATION_ITEM()
RATIONAL_B_SPLINE_CURVE((1.02626961848104,1.04079586133426,1.03538051769159))
REPRESENTATION_ITEM('')
);
#34=(
BOUNDED_CURVE()
B_SPLINE_CURVE(2,(#14648,#14649,#14650),.UNSPECIFIED.,.F.,.F.)
B_SPLINE_CURVE_WITH_KNOTS((3,3),(-0.374290991201829,-0.144799015494195),
 .UNSPECIFIED.)
CURVE()
GEOMETRIC_REPRESENTATION_ITEM()
RATIONAL_B_SPLINE_CURVE((1.03538051769184,1.04079586133456,1.02626961848122))
REPRESENTATION_ITEM('')
);
#35=(
BOUNDED_CURVE()
B_SPLINE_CURVE(2,(#14795,#14796,#14797),.UNSPECIFIED.,.F.,.F.)
B_SPLINE_CURVE_WITH_KNOTS((3,3),(-0.515476244308742,-0.424456494430038),
 .UNSPECIFIED.)
CURVE()
GEOMETRIC_REPRESENTATION_ITEM()
RATIONAL_B_SPLINE_CURVE((1.14145606832435,1.13309053387043,1.1232688974208))
REPRESENTATION_ITEM('')
);
#36=(
BOUNDED_CURVE()
B_SPLINE_CURVE(2,(#14800,#14801,#14802),.UNSPECIFIED.,.F.,.F.)
B_SPLINE_CURVE_WITH_KNOTS((3,3),(-1.65234148557931,-1.56132173569162),
 .UNSPECIFIED.)
CURVE()
GEOMETRIC_REPRESENTATION_ITEM()
RATIONAL_B_SPLINE_CURVE((1.12326889741887,1.1330905338696,1.14145606832435))
REPRESENTATION_ITEM('')
);
#37=(
BOUNDED_CURVE()
B_SPLINE_CURVE(2,(#14805,#14806,#14807),.UNSPECIFIED.,.F.,.F.)
B_SPLINE_CURVE_WITH_KNOTS((3,3),(-0.930521111606212,-0.249228079864953),
 .UNSPECIFIED.)
CURVE()
GEOMETRIC_REPRESENTATION_ITEM()
RATIONAL_B_SPLINE_CURVE((1.37753235887521,1.29566342865805,1.13129634207201))
REPRESENTATION_ITEM('')
);
#38=(
BOUNDED_CURVE()
B_SPLINE_CURVE(2,(#14810,#14811,#14812),.UNSPECIFIED.,.F.,.F.)
B_SPLINE_CURVE_WITH_KNOTS((3,3),(-2.9640075529474,-2.28271452120622),
 .UNSPECIFIED.)
CURVE()
GEOMETRIC_REPRESENTATION_ITEM()
RATIONAL_B_SPLINE_CURVE((1.13129634207201,1.29566342865803,1.37753235887519))
REPRESENTATION_ITEM('')
);
#39=ELLIPSE('',#8963,4.29639614870187,4.14999999999999);
#40=ELLIPSE('',#8970,4.29639614870189,4.15);
#41=ELLIPSE('',#8972,6.18577517795022,5.975);
#42=ELLIPSE('',#8979,6.1857751779502,5.975);
#43=ELLIPSE('',#9262,0.577350269190571,0.500000000000839);
#44=ELLIPSE('',#9263,0.577350269191182,0.500000000001422);
#45=ELLIPSE('',#9264,0.577350269190897,0.500000000000926);
#46=ELLIPSE('',#9265,0.57735026919001,0.500000000000299);
#47=ELLIPSE('',#9272,0.577350269191986,0.500000000002065);
#48=ELLIPSE('',#9273,0.577350269190284,0.500000000000549);
#49=ELLIPSE('',#9274,0.577350269190303,0.500000000000627);
#50=ELLIPSE('',#9275,0.577350269190504,0.500000000000761);
#51=ELLIPSE('',#9282,0.577350269191302,0.500000000001498);
#52=ELLIPSE('',#9283,0.577350269191003,0.500000000001293);
#53=ELLIPSE('',#9284,0.577350269190676,0.50000000000091);
#54=ELLIPSE('',#9285,0.577350269189911,0.500000000000282);
#55=B_SPLINE_CURVE_WITH_KNOTS('',3,(#12324,#12325,#12326,#12327,#12328,
#12329,#12330,#12331),.UNSPECIFIED.,.F.,.F.,(4,2,2,4),(-1.49663839383305,
-1.45873263164028,-1.38413447877705,-1.30824807940164),.UNSPECIFIED.);
#56=B_SPLINE_CURVE_WITH_KNOTS('',3,(#12335,#12336,#12337,#12338,#12339,
#12340,#12341,#12342),.UNSPECIFIED.,.F.,.F.,(4,2,2,4),(-0.833843153042168,
-0.757956753666758,-0.683358600803527,-0.645452838610756),.UNSPECIFIED.);
#57=B_SPLINE_CURVE_WITH_KNOTS('',3,(#12349,#12350,#12351,#12352,#12353,
#12354,#12355,#12356),.UNSPECIFIED.,.F.,.F.,(4,2,2,4),(-1.49663839383305,
-1.45873263164028,-1.38413447877705,-1.30824807940164),.UNSPECIFIED.);
#58=B_SPLINE_CURVE_WITH_KNOTS('',3,(#12359,#12360,#12361,#12362,#12363,
#12364,#12365,#12366),.UNSPECIFIED.,.F.,.F.,(4,2,2,4),(-0.833843153042168,
-0.757956753666758,-0.683358600803527,-0.645452838610756),.UNSPECIFIED.);
#59=B_SPLINE_CURVE_WITH_KNOTS('',3,(#12404,#12405,#12406,#12407,#12408,
#12409,#12410,#12411),.UNSPECIFIED.,.F.,.F.,(4,2,2,4),(-1.49663839383305,
-1.45873263164028,-1.38413447877705,-1.30824807940163),.UNSPECIFIED.);
#60=B_SPLINE_CURVE_WITH_KNOTS('',3,(#12415,#12416,#12417,#12418,#12419,
#12420,#12421,#12422),.UNSPECIFIED.,.F.,.F.,(4,2,2,4),(-0.833843153042172,
-0.757956753666761,-0.683358600803529,-0.645452838610759),.UNSPECIFIED.);
#61=B_SPLINE_CURVE_WITH_KNOTS('',3,(#12429,#12430,#12431,#12432,#12433,
#12434,#12435,#12436),.UNSPECIFIED.,.F.,.F.,(4,2,2,4),(-1.49663839383305,
-1.45873263164028,-1.38413447877705,-1.30824807940163),.UNSPECIFIED.);
#62=B_SPLINE_CURVE_WITH_KNOTS('',3,(#12439,#12440,#12441,#12442,#12443,
#12444,#12445,#12446),.UNSPECIFIED.,.F.,.F.,(4,2,2,4),(-0.833843153042172,
-0.757956753666761,-0.683358600803529,-0.645452838610759),.UNSPECIFIED.);
#63=B_SPLINE_CURVE_WITH_KNOTS('',3,(#12917,#12918,#12919,#12920),
 .UNSPECIFIED.,.F.,.F.,(4,4),(0.00927523402568822,0.00975684419184869),
 .UNSPECIFIED.);
#64=B_SPLINE_CURVE_WITH_KNOTS('',3,(#12923,#12924,#12925,#12926),
 .UNSPECIFIED.,.F.,.F.,(4,4),(0.00391786118941471,0.00439599932180512),
 .UNSPECIFIED.);
#65=B_SPLINE_CURVE_WITH_KNOTS('',3,(#12935,#12936,#12937,#12938,#12939,
#12940),.UNSPECIFIED.,.F.,.F.,(4,2,4),(0.597387244620596,0.671054099416689,
0.72930186623653),.UNSPECIFIED.);
#66=B_SPLINE_CURVE_WITH_KNOTS('',3,(#12942,#12943,#12944,#12945,#12946,
#12947),.UNSPECIFIED.,.F.,.F.,(4,2,4),(1.25006843243634,1.30942439255664,
1.36878035267695),.UNSPECIFIED.);
#67=B_SPLINE_CURVE_WITH_KNOTS('',3,(#12949,#12950,#12951,#12952,#12953,
#12954),.UNSPECIFIED.,.F.,.F.,(4,2,4),(0.464495258238285,0.522743025058126,
0.596409879854219),.UNSPECIFIED.);
#68=B_SPLINE_CURVE_WITH_KNOTS('',3,(#12958,#12959,#12960,#12961,#12962,
#12963),.UNSPECIFIED.,.F.,.F.,(4,2,4),(0.597387244620596,0.671054099416689,
0.72930186623653),.UNSPECIFIED.);
#69=B_SPLINE_CURVE_WITH_KNOTS('',3,(#12965,#12966,#12967,#12968,#12969,
#12970),.UNSPECIFIED.,.F.,.F.,(4,2,4),(1.25006843243634,1.30942439255664,
1.36878035267695),.UNSPECIFIED.);
#70=B_SPLINE_CURVE_WITH_KNOTS('',3,(#12972,#12973,#12974,#12975,#12976,
#12977),.UNSPECIFIED.,.F.,.F.,(4,2,4),(0.464495258238285,0.522743025058126,
0.596409879854219),.UNSPECIFIED.);
#71=B_SPLINE_CURVE_WITH_KNOTS('',3,(#12984,#12985,#12986,#12987),
 .UNSPECIFIED.,.F.,.F.,(4,4),(0.00927523402568822,0.00975684419184869),
 .UNSPECIFIED.);
#72=B_SPLINE_CURVE_WITH_KNOTS('',3,(#12990,#12991,#12992,#12993),
 .UNSPECIFIED.,.F.,.F.,(4,4),(0.00391786118941471,0.00439599932180512),
 .UNSPECIFIED.);
#73=B_SPLINE_CURVE_WITH_KNOTS('',3,(#13002,#13003,#13004,#13005,#13006,
#13007),.UNSPECIFIED.,.F.,.F.,(4,2,4),(0.597387244620596,0.671054099416689,
0.72930186623653),.UNSPECIFIED.);
#74=B_SPLINE_CURVE_WITH_KNOTS('',3,(#13009,#13010,#13011,#13012,#13013,
#13014),.UNSPECIFIED.,.F.,.F.,(4,2,4),(1.25006843243634,1.30942439255664,
1.36878035267695),.UNSPECIFIED.);
#75=B_SPLINE_CURVE_WITH_KNOTS('',3,(#13016,#13017,#13018,#13019,#13020,
#13021),.UNSPECIFIED.,.F.,.F.,(4,2,4),(0.464495258238285,0.522743025058126,
0.596409879854219),.UNSPECIFIED.);
#76=B_SPLINE_CURVE_WITH_KNOTS('',3,(#13025,#13026,#13027,#13028,#13029,
#13030),.UNSPECIFIED.,.F.,.F.,(4,2,4),(0.597387244620596,0.671054099416689,
0.72930186623653),.UNSPECIFIED.);
#77=B_SPLINE_CURVE_WITH_KNOTS('',3,(#13032,#13033,#13034,#13035,#13036,
#13037),.UNSPECIFIED.,.F.,.F.,(4,2,4),(1.25006843243634,1.30942439255664,
1.36878035267695),.UNSPECIFIED.);
#78=B_SPLINE_CURVE_WITH_KNOTS('',3,(#13039,#13040,#13041,#13042,#13043,
#13044),.UNSPECIFIED.,.F.,.F.,(4,2,4),(0.464495258238285,0.522743025058126,
0.596409879854219),.UNSPECIFIED.);
#79=B_SPLINE_CURVE_WITH_KNOTS('',3,(#13137,#13138,#13139,#13140,#13141,
#13142,#13143,#13144,#13145,#13146,#13147,#13148,#13149,#13150,#13151,#13152,
#13153,#13154,#13155),.UNSPECIFIED.,.F.,.F.,(4,2,2,2,3,2,2,2,4),(-0.754441239469915,
-0.565542931634351,-0.376644623798788,-0.188322311899394,0.,0.188322311899394,
0.376644623798788,0.565542931634351,0.754441239469914),.UNSPECIFIED.);
#80=B_SPLINE_CURVE_WITH_KNOTS('',3,(#13159,#13160,#13161,#13162,#13163,
#13164,#13165,#13166,#13167,#13168,#13169,#13170,#13171,#13172,#13173,#13174,
#13175,#13176),.UNSPECIFIED.,.F.,.F.,(4,2,2,2,2,2,2,2,4),(0.754271776134326,
0.943170083969889,1.13206839180545,1.32039070370485,1.50871301560424,1.69703532750364,
1.88535763940303,2.07425594723859,2.26315425507416),.UNSPECIFIED.);
#81=B_SPLINE_CURVE_WITH_KNOTS('',3,(#13306,#13307,#13308,#13309),
 .UNSPECIFIED.,.F.,.F.,(4,4),(0.00927523402568822,0.00975684419184869),
 .UNSPECIFIED.);
#82=B_SPLINE_CURVE_WITH_KNOTS('',3,(#13310,#13311,#13312,#13313),
 .UNSPECIFIED.,.F.,.F.,(4,4),(0.00391786118941471,0.00439599932180512),
 .UNSPECIFIED.);
#83=B_SPLINE_CURVE_WITH_KNOTS('',3,(#13347,#13348,#13349,#13350),
 .UNSPECIFIED.,.F.,.F.,(4,4),(0.00927523402568822,0.00975684419184869),
 .UNSPECIFIED.);
#84=B_SPLINE_CURVE_WITH_KNOTS('',3,(#13351,#13352,#13353,#13354),
 .UNSPECIFIED.,.F.,.F.,(4,4),(0.00391786118941471,0.00439599932180512),
 .UNSPECIFIED.);
#85=B_SPLINE_CURVE_WITH_KNOTS('',3,(#13475,#13476,#13477,#13478),
 .UNSPECIFIED.,.F.,.F.,(4,4),(0.00391786118941471,0.00439599932180512),
 .UNSPECIFIED.);
#86=B_SPLINE_CURVE_WITH_KNOTS('',3,(#13479,#13480,#13481,#13482),
 .UNSPECIFIED.,.F.,.F.,(4,4),(0.00927523402568822,0.00975684419184869),
 .UNSPECIFIED.);
#87=B_SPLINE_CURVE_WITH_KNOTS('',3,(#13486,#13487,#13488,#13489),
 .UNSPECIFIED.,.F.,.F.,(4,4),(0.00391786118941471,0.00439599932180512),
 .UNSPECIFIED.);
#88=B_SPLINE_CURVE_WITH_KNOTS('',3,(#13490,#13491,#13492,#13493),
 .UNSPECIFIED.,.F.,.F.,(4,4),(0.00927523402568822,0.00975684419184869),
 .UNSPECIFIED.);
#89=B_SPLINE_CURVE_WITH_KNOTS('',3,(#14618,#14619,#14620,#14621),
 .UNSPECIFIED.,.F.,.F.,(4,4),(0.00391786118941471,0.00439599932180512),
 .UNSPECIFIED.);
#90=B_SPLINE_CURVE_WITH_KNOTS('',3,(#14622,#14623,#14624,#14625),
 .UNSPECIFIED.,.F.,.F.,(4,4),(0.00927523402568822,0.00975684419184869),
 .UNSPECIFIED.);
#91=B_SPLINE_CURVE_WITH_KNOTS('',3,(#14655,#14656,#14657,#14658),
 .UNSPECIFIED.,.F.,.F.,(4,4),(0.00391786118941471,0.00439599932180512),
 .UNSPECIFIED.);
#92=B_SPLINE_CURVE_WITH_KNOTS('',3,(#14659,#14660,#14661,#14662),
 .UNSPECIFIED.,.F.,.F.,(4,4),(0.00927523402568822,0.00975684419184869),
 .UNSPECIFIED.);
#93=B_SPLINE_CURVE_WITH_KNOTS('',3,(#14852,#14853,#14854,#14855),
 .UNSPECIFIED.,.F.,.F.,(4,4),(0.044945783363185,0.0615212876952954),
 .UNSPECIFIED.);
#94=B_SPLINE_CURVE_WITH_KNOTS('',3,(#14857,#14858,#14859,#14860),
 .UNSPECIFIED.,.F.,.F.,(4,4),(0.0365848619880279,0.0531603779496503),
 .UNSPECIFIED.);
#95=TOROIDAL_SURFACE('',#8914,2.2679,2.00000000000121);
#96=TOROIDAL_SURFACE('',#8937,2.26789999999998,2.00000000000124);
#97=TOROIDAL_SURFACE('',#9093,4.34999999999998,1.99999999999998);
#98=TOROIDAL_SURFACE('',#9102,4.34999999999998,1.99999999999998);
#99=SHAPE_REPRESENTATION_RELATIONSHIP('SRR','None',#14932,#103);
#100=SHAPE_REPRESENTATION_RELATIONSHIP('SRR','None',#14933,#104);
#101=SHAPE_REPRESENTATION_RELATIONSHIP('SRR','None',#14934,#105);
#102=SHAPE_REPRESENTATION_RELATIONSHIP('SRR','None',#14935,#106);
#103=ADVANCED_BREP_SHAPE_REPRESENTATION('',(#113),#14908);
#104=ADVANCED_BREP_SHAPE_REPRESENTATION('',(#114),#14909);
#105=ADVANCED_BREP_SHAPE_REPRESENTATION('',(#115),#14910);
#106=ADVANCED_BREP_SHAPE_REPRESENTATION('',(#116),#14911);
#107=STYLED_ITEM('',(#14961),#113);
#108=STYLED_ITEM('',(#14962),#8328);
#109=STYLED_ITEM('',(#14962),#8335);
#110=STYLED_ITEM('',(#14961),#114);
#111=STYLED_ITEM('',(#14961),#115);
#112=STYLED_ITEM('',(#14961),#116);
#113=MANIFOLD_SOLID_BREP('Body1',#8777);
#114=MANIFOLD_SOLID_BREP('Body1',#8778);
#115=MANIFOLD_SOLID_BREP('Body1',#8779);
#116=MANIFOLD_SOLID_BREP('Body1',#8780);
#117=FACE_BOUND('',#1091,.T.);
#118=FACE_BOUND('',#1093,.T.);
#119=FACE_BOUND('',#1103,.T.);
#120=FACE_BOUND('',#1105,.T.);
#121=FACE_BOUND('',#1108,.T.);
#122=FACE_BOUND('',#1110,.T.);
#123=FACE_BOUND('',#1112,.T.);
#124=FACE_BOUND('',#1114,.T.);
#125=FACE_BOUND('',#1116,.T.);
#126=FACE_BOUND('',#1153,.T.);
#127=FACE_BOUND('',#1155,.T.);
#128=FACE_BOUND('',#1157,.T.);
#129=FACE_BOUND('',#1159,.T.);
#130=FACE_BOUND('',#1161,.T.);
#131=FACE_BOUND('',#1163,.T.);
#132=FACE_BOUND('',#1165,.T.);
#133=FACE_BOUND('',#1169,.T.);
#134=FACE_BOUND('',#1171,.T.);
#135=FACE_BOUND('',#1173,.T.);
#136=FACE_BOUND('',#1175,.T.);
#137=FACE_BOUND('',#1177,.T.);
#138=FACE_BOUND('',#1179,.T.);
#139=FACE_BOUND('',#1183,.T.);
#140=FACE_BOUND('',#1207,.T.);
#141=FACE_BOUND('',#1209,.T.);
#142=FACE_BOUND('',#1212,.T.);
#143=FACE_BOUND('',#1216,.T.);
#144=FACE_BOUND('',#1249,.T.);
#145=FACE_BOUND('',#1251,.T.);
#146=FACE_BOUND('',#1253,.T.);
#147=FACE_BOUND('',#1293,.T.);
#148=FACE_BOUND('',#1303,.T.);
#149=FACE_BOUND('',#1305,.T.);
#150=FACE_BOUND('',#1307,.T.);
#151=FACE_BOUND('',#1311,.T.);
#152=FACE_BOUND('',#1319,.T.);
#153=FACE_BOUND('',#1320,.T.);
#154=FACE_BOUND('',#1322,.T.);
#155=FACE_BOUND('',#1324,.T.);
#156=FACE_BOUND('',#1328,.T.);
#157=FACE_BOUND('',#1330,.T.);
#158=FACE_BOUND('',#1332,.T.);
#159=FACE_BOUND('',#1334,.T.);
#160=FACE_BOUND('',#1344,.T.);
#161=FACE_BOUND('',#1345,.T.);
#162=FACE_BOUND('',#1347,.T.);
#163=FACE_BOUND('',#1348,.T.);
#164=FACE_BOUND('',#1350,.T.);
#165=FACE_BOUND('',#1351,.T.);
#166=FACE_BOUND('',#1353,.T.);
#167=FACE_BOUND('',#1354,.T.);
#168=FACE_BOUND('',#1355,.T.);
#169=FACE_BOUND('',#1356,.T.);
#170=FACE_BOUND('',#1358,.T.);
#171=FACE_BOUND('',#1359,.T.);
#172=FACE_BOUND('',#1362,.T.);
#173=FACE_BOUND('',#1386,.T.);
#174=FACE_BOUND('',#1430,.T.);
#175=FACE_BOUND('',#1432,.T.);
#176=FACE_BOUND('',#1435,.T.);
#177=FACE_BOUND('',#1437,.T.);
#178=FACE_BOUND('',#1444,.T.);
#179=FACE_BOUND('',#1446,.T.);
#180=FACE_BOUND('',#1449,.T.);
#181=FACE_BOUND('',#1451,.T.);
#182=FACE_BOUND('',#1500,.T.);
#183=FACE_BOUND('',#1502,.T.);
#184=FACE_BOUND('',#1504,.T.);
#185=FACE_BOUND('',#1506,.T.);
#186=FACE_BOUND('',#1523,.T.);
#187=FACE_BOUND('',#1540,.T.);
#188=FACE_BOUND('',#1558,.T.);
#189=FACE_BOUND('',#1576,.T.);
#190=FACE_BOUND('',#1604,.T.);
#191=FACE_BOUND('',#1606,.T.);
#192=FACE_BOUND('',#1625,.T.);
#193=FACE_BOUND('',#1628,.T.);
#194=FACE_BOUND('',#1633,.T.);
#195=FACE_BOUND('',#1639,.T.);
#196=FACE_BOUND('',#1641,.T.);
#197=FACE_BOUND('',#1643,.T.);
#198=FACE_BOUND('',#1645,.T.);
#199=FACE_BOUND('',#1647,.T.);
#200=FACE_BOUND('',#1649,.T.);
#201=PLANE('',#8871);
#202=PLANE('',#8872);
#203=PLANE('',#8873);
#204=PLANE('',#8874);
#205=PLANE('',#8875);
#206=PLANE('',#8876);
#207=PLANE('',#8877);
#208=PLANE('',#8878);
#209=PLANE('',#8879);
#210=PLANE('',#8880);
#211=PLANE('',#8881);
#212=PLANE('',#8882);
#213=PLANE('',#8883);
#214=PLANE('',#8884);
#215=PLANE('',#8885);
#216=PLANE('',#8886);
#217=PLANE('',#8887);
#218=PLANE('',#8888);
#219=PLANE('',#8889);
#220=PLANE('',#8890);
#221=PLANE('',#8891);
#222=PLANE('',#8990);
#223=PLANE('',#8991);
#224=PLANE('',#8992);
#225=PLANE('',#8993);
#226=PLANE('',#8994);
#227=PLANE('',#8995);
#228=PLANE('',#8996);
#229=PLANE('',#8997);
#230=PLANE('',#8998);
#231=PLANE('',#8999);
#232=PLANE('',#9000);
#233=PLANE('',#9001);
#234=PLANE('',#9002);
#235=PLANE('',#9003);
#236=PLANE('',#9004);
#237=PLANE('',#9005);
#238=PLANE('',#9011);
#239=PLANE('',#9012);
#240=PLANE('',#9013);
#241=PLANE('',#9014);
#242=PLANE('',#9015);
#243=PLANE('',#9016);
#244=PLANE('',#9017);
#245=PLANE('',#9018);
#246=PLANE('',#9019);
#247=PLANE('',#9020);
#248=PLANE('',#9021);
#249=PLANE('',#9022);
#250=PLANE('',#9023);
#251=PLANE('',#9024);
#252=PLANE('',#9025);
#253=PLANE('',#9026);
#254=PLANE('',#9027);
#255=PLANE('',#9028);
#256=PLANE('',#9029);
#257=PLANE('',#9030);
#258=PLANE('',#9031);
#259=PLANE('',#9032);
#260=PLANE('',#9033);
#261=PLANE('',#9034);
#262=PLANE('',#9035);
#263=PLANE('',#9036);
#264=PLANE('',#9037);
#265=PLANE('',#9038);
#266=PLANE('',#9039);
#267=PLANE('',#9040);
#268=PLANE('',#9041);
#269=PLANE('',#9042);
#270=PLANE('',#9043);
#271=PLANE('',#9044);
#272=PLANE('',#9045);
#273=PLANE('',#9046);
#274=PLANE('',#9047);
#275=PLANE('',#9048);
#276=PLANE('',#9049);
#277=PLANE('',#9050);
#278=PLANE('',#9051);
#279=PLANE('',#9052);
#280=PLANE('',#9053);
#281=PLANE('',#9054);
#282=PLANE('',#9055);
#283=PLANE('',#9056);
#284=PLANE('',#9057);
#285=PLANE('',#9058);
#286=PLANE('',#9059);
#287=PLANE('',#9060);
#288=PLANE('',#9061);
#289=PLANE('',#9062);
#290=PLANE('',#9063);
#291=PLANE('',#9064);
#292=PLANE('',#9065);
#293=PLANE('',#9066);
#294=PLANE('',#9067);
#295=PLANE('',#9068);
#296=PLANE('',#9069);
#297=PLANE('',#9070);
#298=PLANE('',#9071);
#299=PLANE('',#9072);
#300=PLANE('',#9073);
#301=PLANE('',#9220);
#302=PLANE('',#9221);
#303=PLANE('',#9222);
#304=PLANE('',#9227);
#305=PLANE('',#9228);
#306=PLANE('',#9229);
#307=PLANE('',#9233);
#308=PLANE('',#9234);
#309=PLANE('',#9235);
#310=PLANE('',#9237);
#311=PLANE('',#9239);
#312=PLANE('',#9240);
#313=PLANE('',#9241);
#314=PLANE('',#9242);
#315=PLANE('',#9243);
#316=PLANE('',#9244);
#317=PLANE('',#9246);
#318=PLANE('',#9247);
#319=PLANE('',#9249);
#320=PLANE('',#9256);
#321=PLANE('',#9261);
#322=PLANE('',#9266);
#323=PLANE('',#9271);
#324=PLANE('',#9276);
#325=PLANE('',#9281);
#326=PLANE('',#9286);
#327=PLANE('',#9289);
#328=PLANE('',#9292);
#329=PLANE('',#9295);
#330=PLANE('',#9298);
#331=PLANE('',#9301);
#332=PLANE('',#9304);
#333=PLANE('',#9308);
#334=PLANE('',#9312);
#335=PLANE('',#9316);
#336=PLANE('',#9320);
#337=PLANE('',#9324);
#338=PLANE('',#9325);
#339=PLANE('',#9326);
#340=PLANE('',#9327);
#341=PLANE('',#9329);
#342=PLANE('',#9330);
#343=PLANE('',#9334);
#344=PLANE('',#9335);
#345=PLANE('',#9340);
#346=PLANE('',#9341);
#347=PLANE('',#9344);
#348=PLANE('',#9345);
#349=PLANE('',#9347);
#350=PLANE('',#9349);
#351=PLANE('',#9350);
#352=PLANE('',#9351);
#353=PLANE('',#9352);
#354=PLANE('',#9353);
#355=PLANE('',#9356);
#356=PLANE('',#9357);
#357=PLANE('',#9359);
#358=PLANE('',#9360);
#359=PLANE('',#9361);
#360=PLANE('',#9362);
#361=PLANE('',#9363);
#362=PLANE('',#9364);
#363=PLANE('',#9365);
#364=PLANE('',#9366);
#365=PLANE('',#9367);
#366=PLANE('',#9368);
#367=PLANE('',#9369);
#368=PLANE('',#9371);
#369=PLANE('',#9372);
#370=PLANE('',#9373);
#371=PLANE('',#9374);
#372=PLANE('',#9375);
#373=PLANE('',#9377);
#374=PLANE('',#9378);
#375=PLANE('',#9379);
#376=PLANE('',#9380);
#377=PLANE('',#9382);
#378=PLANE('',#9384);
#379=PLANE('',#9386);
#380=PLANE('',#9387);
#381=PLANE('',#9388);
#382=PLANE('',#9389);
#383=PLANE('',#9390);
#384=PLANE('',#9391);
#385=PLANE('',#9392);
#386=PLANE('',#9393);
#387=PLANE('',#9395);
#388=PLANE('',#9397);
#389=PLANE('',#9398);
#390=PLANE('',#9399);
#391=PLANE('',#9400);
#392=PLANE('',#9401);
#393=PLANE('',#9402);
#394=PLANE('',#9403);
#395=PLANE('',#9404);
#396=PLANE('',#9405);
#397=PLANE('',#9406);
#398=PLANE('',#9407);
#399=PLANE('',#9408);
#400=PLANE('',#9409);
#401=PLANE('',#9410);
#402=PLANE('',#9411);
#403=PLANE('',#9412);
#404=PLANE('',#9413);
#405=PLANE('',#9414);
#406=PLANE('',#9415);
#407=PLANE('',#9416);
#408=PLANE('',#9417);
#409=PLANE('',#9418);
#410=PLANE('',#9419);
#411=PLANE('',#9420);
#412=PLANE('',#9421);
#413=PLANE('',#9422);
#414=PLANE('',#9425);
#415=PLANE('',#9427);
#416=PLANE('',#9429);
#417=PLANE('',#9431);
#418=PLANE('',#9433);
#419=PLANE('',#9436);
#420=PLANE('',#9438);
#421=PLANE('',#9440);
#422=PLANE('',#9443);
#423=PLANE('',#9444);
#424=PLANE('',#9445);
#425=PLANE('',#9446);
#426=PLANE('',#9447);
#427=PLANE('',#9448);
#428=PLANE('',#9449);
#429=PLANE('',#9450);
#430=PLANE('',#9451);
#431=PLANE('',#9452);
#432=PLANE('',#9453);
#433=PLANE('',#9454);
#434=PLANE('',#9455);
#435=PLANE('',#9456);
#436=PLANE('',#9457);
#437=PLANE('',#9458);
#438=PLANE('',#9459);
#439=PLANE('',#9460);
#440=PLANE('',#9461);
#441=PLANE('',#9462);
#442=PLANE('',#9463);
#443=PLANE('',#9464);
#444=PLANE('',#9465);
#445=PLANE('',#9466);
#446=PLANE('',#9467);
#447=PLANE('',#9468);
#448=PLANE('',#9469);
#449=PLANE('',#9470);
#450=PLANE('',#9471);
#451=PLANE('',#9472);
#452=PLANE('',#9473);
#453=PLANE('',#9474);
#454=PLANE('',#9475);
#455=PLANE('',#9476);
#456=PLANE('',#9477);
#457=PLANE('',#9478);
#458=PLANE('',#9479);
#459=PLANE('',#9480);
#460=PLANE('',#9481);
#461=PLANE('',#9482);
#462=PLANE('',#9483);
#463=PLANE('',#9484);
#464=PLANE('',#9485);
#465=PLANE('',#9486);
#466=PLANE('',#9487);
#467=PLANE('',#9488);
#468=PLANE('',#9489);
#469=PLANE('',#9490);
#470=PLANE('',#9491);
#471=PLANE('',#9492);
#472=PLANE('',#9493);
#473=PLANE('',#9494);
#474=PLANE('',#9495);
#475=PLANE('',#9496);
#476=PLANE('',#9497);
#477=PLANE('',#9498);
#478=PLANE('',#9499);
#479=PLANE('',#9500);
#480=PLANE('',#9501);
#481=PLANE('',#9502);
#482=PLANE('',#9503);
#483=PLANE('',#9504);
#484=PLANE('',#9505);
#485=PLANE('',#9506);
#486=PLANE('',#9507);
#487=PLANE('',#9508);
#488=PLANE('',#9509);
#489=PLANE('',#9510);
#490=PLANE('',#9511);
#491=PLANE('',#9512);
#492=PLANE('',#9513);
#493=PLANE('',#9514);
#494=PLANE('',#9515);
#495=PLANE('',#9516);
#496=PLANE('',#9517);
#497=PLANE('',#9518);
#498=PLANE('',#9519);
#499=PLANE('',#9520);
#500=PLANE('',#9521);
#501=PLANE('',#9522);
#502=PLANE('',#9532);
#503=PLANE('',#9542);
#504=PLANE('',#9544);
#505=PLANE('',#9546);
#506=PLANE('',#9547);
#507=PLANE('',#9548);
#508=PLANE('',#9549);
#509=PLANE('',#9551);
#510=PLANE('',#9553);
#511=PLANE('',#9555);
#512=PLANE('',#9556);
#513=PLANE('',#9557);
#514=PLANE('',#9558);
#515=PLANE('',#9560);
#516=PLANE('',#9561);
#517=PLANE('',#9564);
#518=PLANE('',#9565);
#519=PLANE('',#9607);
#520=PLANE('',#9609);
#521=PLANE('',#9610);
#522=PLANE('',#9611);
#523=PLANE('',#9615);
#524=PLANE('',#9616);
#525=PLANE('',#9617);
#526=PLANE('',#9618);
#527=PLANE('',#9619);
#528=PLANE('',#9620);
#529=PLANE('',#9621);
#530=PLANE('',#9623);
#531=PLANE('',#9624);
#532=PLANE('',#9625);
#533=PLANE('',#9626);
#534=PLANE('',#9627);
#535=PLANE('',#9630);
#536=PLANE('',#9633);
#537=PLANE('',#9634);
#538=CONICAL_SURFACE('',#8853,32.5,0.785398163397448);
#539=CONICAL_SURFACE('',#8911,1.42500000000001,0.785398163397449);
#540=CONICAL_SURFACE('',#8926,1.75,0.785398163397448);
#541=CONICAL_SURFACE('',#8932,1.4435,0.785398163397448);
#542=CONICAL_SURFACE('',#8934,1.425,0.78539816339745);
#543=CONICAL_SURFACE('',#8949,1.74999999999999,0.785398163397437);
#544=CONICAL_SURFACE('',#8955,1.4435,0.785398163397437);
#545=CONICAL_SURFACE('',#8960,1.425,0.785398163397448);
#546=CONICAL_SURFACE('',#8967,1.42500000000001,0.785398163397447);
#547=CONICAL_SURFACE('',#8974,4.75,0.291288470840861);
#548=CONICAL_SURFACE('',#8981,4.75,0.291288470840862);
#549=CONICAL_SURFACE('',#9090,2.75,1.0471975511965);
#550=CONICAL_SURFACE('',#9099,2.75,1.0471975511965);
#551=CONICAL_SURFACE('',#9108,2.75,0.523598775598269);
#552=CONICAL_SURFACE('',#9114,2.75,0.523598775598269);
#553=CONICAL_SURFACE('',#9132,1.75,0.08726646259979);
#554=CONICAL_SURFACE('',#9140,1.75,0.08726646259979);
#555=CONICAL_SURFACE('',#9142,3.000003847459,0.0349065850399377);
#556=CONICAL_SURFACE('',#9145,3.00000384745899,0.0349065850399377);
#557=CONICAL_SURFACE('',#9154,2.5,1.43321027653093);
#558=CONICAL_SURFACE('',#9157,9.6959,0.523598775598576);
#559=CONICAL_SURFACE('',#9160,10.5,0.0349065850398643);
#560=CONICAL_SURFACE('',#9163,2.5,1.43321027653093);
#561=CONICAL_SURFACE('',#9166,9.6959,0.523598775598258);
#562=CONICAL_SURFACE('',#9169,10.5,0.0349065850398972);
#563=CONICAL_SURFACE('',#9172,10.6012702315261,0.0349065850398972);
#564=CONICAL_SURFACE('',#9175,10.1000451884327,0.523598775598258);
#565=CONICAL_SURFACE('',#9178,9.000032831326,1.43321027653093);
#566=CONICAL_SURFACE('',#9181,10.601270231526,0.0349065850398643);
#567=CONICAL_SURFACE('',#9184,10.100045188433,0.523598775598576);
#568=CONICAL_SURFACE('',#9187,9.000032831326,1.43321027653093);
#569=CONICAL_SURFACE('',#9205,2.35,1.0471975511965);
#570=CONICAL_SURFACE('',#9207,1.8141016151378,0.261799387799128);
#571=CONICAL_SURFACE('',#9216,2.35,1.0471975511965);
#572=CONICAL_SURFACE('',#9218,1.8141016151378,0.261799387799128);
#573=CONICAL_SURFACE('',#9236,2.75,1.0471975511965);
#574=CONICAL_SURFACE('',#9238,2.75,1.0471975511965);
#575=CONICAL_SURFACE('',#9524,1.8141016151378,0.261799387799128);
#576=CONICAL_SURFACE('',#9526,2.35,1.0471975511965);
#577=CONICAL_SURFACE('',#9534,1.8141016151378,0.261799387799128);
#578=CONICAL_SURFACE('',#9536,2.35,1.0471975511965);
#579=CONICAL_SURFACE('',#9576,4.75,0.261799387799113);
#580=CONICAL_SURFACE('',#9578,5.9996133917893,0.261799387799146);
#581=CONICAL_SURFACE('',#9593,31.2,0.785398163397448);
#582=CONICAL_SURFACE('',#9599,10.3,0.610865238197981);
#583=CONICAL_SURFACE('',#9602,10.620587514471,1.13446401379631);
#584=CONICAL_SURFACE('',#9613,27.75,0.0872664625997316);
#585=FACE_OUTER_BOUND('',#1078,.T.);
#586=FACE_OUTER_BOUND('',#1079,.T.);
#587=FACE_OUTER_BOUND('',#1080,.T.);
#588=FACE_OUTER_BOUND('',#1081,.T.);
#589=FACE_OUTER_BOUND('',#1082,.T.);
#590=FACE_OUTER_BOUND('',#1083,.T.);
#591=FACE_OUTER_BOUND('',#1084,.T.);
#592=FACE_OUTER_BOUND('',#1085,.T.);
#593=FACE_OUTER_BOUND('',#1086,.T.);
#594=FACE_OUTER_BOUND('',#1087,.T.);
#595=FACE_OUTER_BOUND('',#1088,.T.);
#596=FACE_OUTER_BOUND('',#1089,.T.);
#597=FACE_OUTER_BOUND('',#1090,.T.);
#598=FACE_OUTER_BOUND('',#1092,.T.);
#599=FACE_OUTER_BOUND('',#1094,.T.);
#600=FACE_OUTER_BOUND('',#1095,.T.);
#601=FACE_OUTER_BOUND('',#1096,.T.);
#602=FACE_OUTER_BOUND('',#1097,.T.);
#603=FACE_OUTER_BOUND('',#1098,.T.);
#604=FACE_OUTER_BOUND('',#1099,.T.);
#605=FACE_OUTER_BOUND('',#1100,.T.);
#606=FACE_OUTER_BOUND('',#1101,.T.);
#607=FACE_OUTER_BOUND('',#1102,.T.);
#608=FACE_OUTER_BOUND('',#1104,.T.);
#609=FACE_OUTER_BOUND('',#1106,.T.);
#610=FACE_OUTER_BOUND('',#1107,.T.);
#611=FACE_OUTER_BOUND('',#1109,.T.);
#612=FACE_OUTER_BOUND('',#1111,.T.);
#613=FACE_OUTER_BOUND('',#1113,.T.);
#614=FACE_OUTER_BOUND('',#1115,.T.);
#615=FACE_OUTER_BOUND('',#1117,.T.);
#616=FACE_OUTER_BOUND('',#1118,.T.);
#617=FACE_OUTER_BOUND('',#1119,.T.);
#618=FACE_OUTER_BOUND('',#1120,.T.);
#619=FACE_OUTER_BOUND('',#1121,.T.);
#620=FACE_OUTER_BOUND('',#1122,.T.);
#621=FACE_OUTER_BOUND('',#1123,.T.);
#622=FACE_OUTER_BOUND('',#1124,.T.);
#623=FACE_OUTER_BOUND('',#1125,.T.);
#624=FACE_OUTER_BOUND('',#1126,.T.);
#625=FACE_OUTER_BOUND('',#1127,.T.);
#626=FACE_OUTER_BOUND('',#1128,.T.);
#627=FACE_OUTER_BOUND('',#1129,.T.);
#628=FACE_OUTER_BOUND('',#1130,.T.);
#629=FACE_OUTER_BOUND('',#1131,.T.);
#630=FACE_OUTER_BOUND('',#1132,.T.);
#631=FACE_OUTER_BOUND('',#1133,.T.);
#632=FACE_OUTER_BOUND('',#1134,.T.);
#633=FACE_OUTER_BOUND('',#1135,.T.);
#634=FACE_OUTER_BOUND('',#1136,.T.);
#635=FACE_OUTER_BOUND('',#1137,.T.);
#636=FACE_OUTER_BOUND('',#1138,.T.);
#637=FACE_OUTER_BOUND('',#1139,.T.);
#638=FACE_OUTER_BOUND('',#1140,.T.);
#639=FACE_OUTER_BOUND('',#1141,.T.);
#640=FACE_OUTER_BOUND('',#1142,.T.);
#641=FACE_OUTER_BOUND('',#1143,.T.);
#642=FACE_OUTER_BOUND('',#1144,.T.);
#643=FACE_OUTER_BOUND('',#1145,.T.);
#644=FACE_OUTER_BOUND('',#1146,.T.);
#645=FACE_OUTER_BOUND('',#1147,.T.);
#646=FACE_OUTER_BOUND('',#1148,.T.);
#647=FACE_OUTER_BOUND('',#1149,.T.);
#648=FACE_OUTER_BOUND('',#1150,.T.);
#649=FACE_OUTER_BOUND('',#1151,.T.);
#650=FACE_OUTER_BOUND('',#1152,.T.);
#651=FACE_OUTER_BOUND('',#1154,.T.);
#652=FACE_OUTER_BOUND('',#1156,.T.);
#653=FACE_OUTER_BOUND('',#1158,.T.);
#654=FACE_OUTER_BOUND('',#1160,.T.);
#655=FACE_OUTER_BOUND('',#1162,.T.);
#656=FACE_OUTER_BOUND('',#1164,.T.);
#657=FACE_OUTER_BOUND('',#1166,.T.);
#658=FACE_OUTER_BOUND('',#1167,.T.);
#659=FACE_OUTER_BOUND('',#1168,.T.);
#660=FACE_OUTER_BOUND('',#1170,.T.);
#661=FACE_OUTER_BOUND('',#1172,.T.);
#662=FACE_OUTER_BOUND('',#1174,.T.);
#663=FACE_OUTER_BOUND('',#1176,.T.);
#664=FACE_OUTER_BOUND('',#1178,.T.);
#665=FACE_OUTER_BOUND('',#1180,.T.);
#666=FACE_OUTER_BOUND('',#1181,.T.);
#667=FACE_OUTER_BOUND('',#1182,.T.);
#668=FACE_OUTER_BOUND('',#1184,.T.);
#669=FACE_OUTER_BOUND('',#1185,.T.);
#670=FACE_OUTER_BOUND('',#1186,.T.);
#671=FACE_OUTER_BOUND('',#1187,.T.);
#672=FACE_OUTER_BOUND('',#1188,.T.);
#673=FACE_OUTER_BOUND('',#1189,.T.);
#674=FACE_OUTER_BOUND('',#1190,.T.);
#675=FACE_OUTER_BOUND('',#1191,.T.);
#676=FACE_OUTER_BOUND('',#1192,.T.);
#677=FACE_OUTER_BOUND('',#1193,.T.);
#678=FACE_OUTER_BOUND('',#1194,.T.);
#679=FACE_OUTER_BOUND('',#1195,.T.);
#680=FACE_OUTER_BOUND('',#1196,.T.);
#681=FACE_OUTER_BOUND('',#1197,.T.);
#682=FACE_OUTER_BOUND('',#1198,.T.);
#683=FACE_OUTER_BOUND('',#1199,.T.);
#684=FACE_OUTER_BOUND('',#1200,.T.);
#685=FACE_OUTER_BOUND('',#1201,.T.);
#686=FACE_OUTER_BOUND('',#1202,.T.);
#687=FACE_OUTER_BOUND('',#1203,.T.);
#688=FACE_OUTER_BOUND('',#1204,.T.);
#689=FACE_OUTER_BOUND('',#1205,.T.);
#690=FACE_OUTER_BOUND('',#1206,.T.);
#691=FACE_OUTER_BOUND('',#1208,.T.);
#692=FACE_OUTER_BOUND('',#1210,.T.);
#693=FACE_OUTER_BOUND('',#1211,.T.);
#694=FACE_OUTER_BOUND('',#1213,.T.);
#695=FACE_OUTER_BOUND('',#1214,.T.);
#696=FACE_OUTER_BOUND('',#1215,.T.);
#697=FACE_OUTER_BOUND('',#1217,.T.);
#698=FACE_OUTER_BOUND('',#1218,.T.);
#699=FACE_OUTER_BOUND('',#1219,.T.);
#700=FACE_OUTER_BOUND('',#1220,.T.);
#701=FACE_OUTER_BOUND('',#1221,.T.);
#702=FACE_OUTER_BOUND('',#1222,.T.);
#703=FACE_OUTER_BOUND('',#1223,.T.);
#704=FACE_OUTER_BOUND('',#1224,.T.);
#705=FACE_OUTER_BOUND('',#1225,.T.);
#706=FACE_OUTER_BOUND('',#1226,.T.);
#707=FACE_OUTER_BOUND('',#1227,.T.);
#708=FACE_OUTER_BOUND('',#1228,.T.);
#709=FACE_OUTER_BOUND('',#1229,.T.);
#710=FACE_OUTER_BOUND('',#1230,.T.);
#711=FACE_OUTER_BOUND('',#1231,.T.);
#712=FACE_OUTER_BOUND('',#1232,.T.);
#713=FACE_OUTER_BOUND('',#1233,.T.);
#714=FACE_OUTER_BOUND('',#1234,.T.);
#715=FACE_OUTER_BOUND('',#1235,.T.);
#716=FACE_OUTER_BOUND('',#1236,.T.);
#717=FACE_OUTER_BOUND('',#1237,.T.);
#718=FACE_OUTER_BOUND('',#1238,.T.);
#719=FACE_OUTER_BOUND('',#1239,.T.);
#720=FACE_OUTER_BOUND('',#1240,.T.);
#721=FACE_OUTER_BOUND('',#1241,.T.);
#722=FACE_OUTER_BOUND('',#1242,.T.);
#723=FACE_OUTER_BOUND('',#1243,.T.);
#724=FACE_OUTER_BOUND('',#1244,.T.);
#725=FACE_OUTER_BOUND('',#1245,.T.);
#726=FACE_OUTER_BOUND('',#1246,.T.);
#727=FACE_OUTER_BOUND('',#1247,.T.);
#728=FACE_OUTER_BOUND('',#1248,.T.);
#729=FACE_OUTER_BOUND('',#1250,.T.);
#730=FACE_OUTER_BOUND('',#1252,.T.);
#731=FACE_OUTER_BOUND('',#1254,.T.);
#732=FACE_OUTER_BOUND('',#1255,.T.);
#733=FACE_OUTER_BOUND('',#1256,.T.);
#734=FACE_OUTER_BOUND('',#1257,.T.);
#735=FACE_OUTER_BOUND('',#1258,.T.);
#736=FACE_OUTER_BOUND('',#1259,.T.);
#737=FACE_OUTER_BOUND('',#1260,.T.);
#738=FACE_OUTER_BOUND('',#1261,.T.);
#739=FACE_OUTER_BOUND('',#1262,.T.);
#740=FACE_OUTER_BOUND('',#1263,.T.);
#741=FACE_OUTER_BOUND('',#1264,.T.);
#742=FACE_OUTER_BOUND('',#1265,.T.);
#743=FACE_OUTER_BOUND('',#1266,.T.);
#744=FACE_OUTER_BOUND('',#1267,.T.);
#745=FACE_OUTER_BOUND('',#1268,.T.);
#746=FACE_OUTER_BOUND('',#1269,.T.);
#747=FACE_OUTER_BOUND('',#1270,.T.);
#748=FACE_OUTER_BOUND('',#1271,.T.);
#749=FACE_OUTER_BOUND('',#1272,.T.);
#750=FACE_OUTER_BOUND('',#1273,.T.);
#751=FACE_OUTER_BOUND('',#1274,.T.);
#752=FACE_OUTER_BOUND('',#1275,.T.);
#753=FACE_OUTER_BOUND('',#1276,.T.);
#754=FACE_OUTER_BOUND('',#1277,.T.);
#755=FACE_OUTER_BOUND('',#1278,.T.);
#756=FACE_OUTER_BOUND('',#1279,.T.);
#757=FACE_OUTER_BOUND('',#1280,.T.);
#758=FACE_OUTER_BOUND('',#1281,.T.);
#759=FACE_OUTER_BOUND('',#1282,.T.);
#760=FACE_OUTER_BOUND('',#1283,.T.);
#761=FACE_OUTER_BOUND('',#1284,.T.);
#762=FACE_OUTER_BOUND('',#1285,.T.);
#763=FACE_OUTER_BOUND('',#1286,.T.);
#764=FACE_OUTER_BOUND('',#1287,.T.);
#765=FACE_OUTER_BOUND('',#1288,.T.);
#766=FACE_OUTER_BOUND('',#1289,.T.);
#767=FACE_OUTER_BOUND('',#1290,.T.);
#768=FACE_OUTER_BOUND('',#1291,.T.);
#769=FACE_OUTER_BOUND('',#1292,.T.);
#770=FACE_OUTER_BOUND('',#1294,.T.);
#771=FACE_OUTER_BOUND('',#1295,.T.);
#772=FACE_OUTER_BOUND('',#1296,.T.);
#773=FACE_OUTER_BOUND('',#1297,.T.);
#774=FACE_OUTER_BOUND('',#1298,.T.);
#775=FACE_OUTER_BOUND('',#1299,.T.);
#776=FACE_OUTER_BOUND('',#1300,.T.);
#777=FACE_OUTER_BOUND('',#1301,.T.);
#778=FACE_OUTER_BOUND('',#1302,.T.);
#779=FACE_OUTER_BOUND('',#1304,.T.);
#780=FACE_OUTER_BOUND('',#1306,.T.);
#781=FACE_OUTER_BOUND('',#1308,.T.);
#782=FACE_OUTER_BOUND('',#1309,.T.);
#783=FACE_OUTER_BOUND('',#1310,.T.);
#784=FACE_OUTER_BOUND('',#1312,.T.);
#785=FACE_OUTER_BOUND('',#1313,.T.);
#786=FACE_OUTER_BOUND('',#1314,.T.);
#787=FACE_OUTER_BOUND('',#1315,.T.);
#788=FACE_OUTER_BOUND('',#1316,.T.);
#789=FACE_OUTER_BOUND('',#1317,.T.);
#790=FACE_OUTER_BOUND('',#1318,.T.);
#791=FACE_OUTER_BOUND('',#1321,.T.);
#792=FACE_OUTER_BOUND('',#1323,.T.);
#793=FACE_OUTER_BOUND('',#1325,.T.);
#794=FACE_OUTER_BOUND('',#1326,.T.);
#795=FACE_OUTER_BOUND('',#1327,.T.);
#796=FACE_OUTER_BOUND('',#1329,.T.);
#797=FACE_OUTER_BOUND('',#1331,.T.);
#798=FACE_OUTER_BOUND('',#1333,.T.);
#799=FACE_OUTER_BOUND('',#1335,.T.);
#800=FACE_OUTER_BOUND('',#1336,.T.);
#801=FACE_OUTER_BOUND('',#1337,.T.);
#802=FACE_OUTER_BOUND('',#1338,.T.);
#803=FACE_OUTER_BOUND('',#1339,.T.);
#804=FACE_OUTER_BOUND('',#1340,.T.);
#805=FACE_OUTER_BOUND('',#1341,.T.);
#806=FACE_OUTER_BOUND('',#1342,.T.);
#807=FACE_OUTER_BOUND('',#1343,.T.);
#808=FACE_OUTER_BOUND('',#1346,.T.);
#809=FACE_OUTER_BOUND('',#1349,.T.);
#810=FACE_OUTER_BOUND('',#1352,.T.);
#811=FACE_OUTER_BOUND('',#1357,.T.);
#812=FACE_OUTER_BOUND('',#1360,.T.);
#813=FACE_OUTER_BOUND('',#1361,.T.);
#814=FACE_OUTER_BOUND('',#1363,.T.);
#815=FACE_OUTER_BOUND('',#1364,.T.);
#816=FACE_OUTER_BOUND('',#1365,.T.);
#817=FACE_OUTER_BOUND('',#1366,.T.);
#818=FACE_OUTER_BOUND('',#1367,.T.);
#819=FACE_OUTER_BOUND('',#1368,.T.);
#820=FACE_OUTER_BOUND('',#1369,.T.);
#821=FACE_OUTER_BOUND('',#1370,.T.);
#822=FACE_OUTER_BOUND('',#1371,.T.);
#823=FACE_OUTER_BOUND('',#1372,.T.);
#824=FACE_OUTER_BOUND('',#1373,.T.);
#825=FACE_OUTER_BOUND('',#1374,.T.);
#826=FACE_OUTER_BOUND('',#1375,.T.);
#827=FACE_OUTER_BOUND('',#1376,.T.);
#828=FACE_OUTER_BOUND('',#1377,.T.);
#829=FACE_OUTER_BOUND('',#1378,.T.);
#830=FACE_OUTER_BOUND('',#1379,.T.);
#831=FACE_OUTER_BOUND('',#1380,.T.);
#832=FACE_OUTER_BOUND('',#1381,.T.);
#833=FACE_OUTER_BOUND('',#1382,.T.);
#834=FACE_OUTER_BOUND('',#1383,.T.);
#835=FACE_OUTER_BOUND('',#1384,.T.);
#836=FACE_OUTER_BOUND('',#1385,.T.);
#837=FACE_OUTER_BOUND('',#1387,.T.);
#838=FACE_OUTER_BOUND('',#1388,.T.);
#839=FACE_OUTER_BOUND('',#1389,.T.);
#840=FACE_OUTER_BOUND('',#1390,.T.);
#841=FACE_OUTER_BOUND('',#1391,.T.);
#842=FACE_OUTER_BOUND('',#1392,.T.);
#843=FACE_OUTER_BOUND('',#1393,.T.);
#844=FACE_OUTER_BOUND('',#1394,.T.);
#845=FACE_OUTER_BOUND('',#1395,.T.);
#846=FACE_OUTER_BOUND('',#1396,.T.);
#847=FACE_OUTER_BOUND('',#1397,.T.);
#848=FACE_OUTER_BOUND('',#1398,.T.);
#849=FACE_OUTER_BOUND('',#1399,.T.);
#850=FACE_OUTER_BOUND('',#1400,.T.);
#851=FACE_OUTER_BOUND('',#1401,.T.);
#852=FACE_OUTER_BOUND('',#1402,.T.);
#853=FACE_OUTER_BOUND('',#1403,.T.);
#854=FACE_OUTER_BOUND('',#1404,.T.);
#855=FACE_OUTER_BOUND('',#1405,.T.);
#856=FACE_OUTER_BOUND('',#1406,.T.);
#857=FACE_OUTER_BOUND('',#1407,.T.);
#858=FACE_OUTER_BOUND('',#1408,.T.);
#859=FACE_OUTER_BOUND('',#1409,.T.);
#860=FACE_OUTER_BOUND('',#1410,.T.);
#861=FACE_OUTER_BOUND('',#1411,.T.);
#862=FACE_OUTER_BOUND('',#1412,.T.);
#863=FACE_OUTER_BOUND('',#1413,.T.);
#864=FACE_OUTER_BOUND('',#1414,.T.);
#865=FACE_OUTER_BOUND('',#1415,.T.);
#866=FACE_OUTER_BOUND('',#1416,.T.);
#867=FACE_OUTER_BOUND('',#1417,.T.);
#868=FACE_OUTER_BOUND('',#1418,.T.);
#869=FACE_OUTER_BOUND('',#1419,.T.);
#870=FACE_OUTER_BOUND('',#1420,.T.);
#871=FACE_OUTER_BOUND('',#1421,.T.);
#872=FACE_OUTER_BOUND('',#1422,.T.);
#873=FACE_OUTER_BOUND('',#1423,.T.);
#874=FACE_OUTER_BOUND('',#1424,.T.);
#875=FACE_OUTER_BOUND('',#1425,.T.);
#876=FACE_OUTER_BOUND('',#1426,.T.);
#877=FACE_OUTER_BOUND('',#1427,.T.);
#878=FACE_OUTER_BOUND('',#1428,.T.);
#879=FACE_OUTER_BOUND('',#1429,.T.);
#880=FACE_OUTER_BOUND('',#1431,.T.);
#881=FACE_OUTER_BOUND('',#1433,.T.);
#882=FACE_OUTER_BOUND('',#1434,.T.);
#883=FACE_OUTER_BOUND('',#1436,.T.);
#884=FACE_OUTER_BOUND('',#1438,.T.);
#885=FACE_OUTER_BOUND('',#1439,.T.);
#886=FACE_OUTER_BOUND('',#1440,.T.);
#887=FACE_OUTER_BOUND('',#1441,.T.);
#888=FACE_OUTER_BOUND('',#1442,.T.);
#889=FACE_OUTER_BOUND('',#1443,.T.);
#890=FACE_OUTER_BOUND('',#1445,.T.);
#891=FACE_OUTER_BOUND('',#1447,.T.);
#892=FACE_OUTER_BOUND('',#1448,.T.);
#893=FACE_OUTER_BOUND('',#1450,.T.);
#894=FACE_OUTER_BOUND('',#1452,.T.);
#895=FACE_OUTER_BOUND('',#1453,.T.);
#896=FACE_OUTER_BOUND('',#1454,.T.);
#897=FACE_OUTER_BOUND('',#1455,.T.);
#898=FACE_OUTER_BOUND('',#1456,.T.);
#899=FACE_OUTER_BOUND('',#1457,.T.);
#900=FACE_OUTER_BOUND('',#1458,.T.);
#901=FACE_OUTER_BOUND('',#1459,.T.);
#902=FACE_OUTER_BOUND('',#1460,.T.);
#903=FACE_OUTER_BOUND('',#1461,.T.);
#904=FACE_OUTER_BOUND('',#1462,.T.);
#905=FACE_OUTER_BOUND('',#1463,.T.);
#906=FACE_OUTER_BOUND('',#1464,.T.);
#907=FACE_OUTER_BOUND('',#1465,.T.);
#908=FACE_OUTER_BOUND('',#1466,.T.);
#909=FACE_OUTER_BOUND('',#1467,.T.);
#910=FACE_OUTER_BOUND('',#1468,.T.);
#911=FACE_OUTER_BOUND('',#1469,.T.);
#912=FACE_OUTER_BOUND('',#1470,.T.);
#913=FACE_OUTER_BOUND('',#1471,.T.);
#914=FACE_OUTER_BOUND('',#1472,.T.);
#915=FACE_OUTER_BOUND('',#1473,.T.);
#916=FACE_OUTER_BOUND('',#1474,.T.);
#917=FACE_OUTER_BOUND('',#1475,.T.);
#918=FACE_OUTER_BOUND('',#1476,.T.);
#919=FACE_OUTER_BOUND('',#1477,.T.);
#920=FACE_OUTER_BOUND('',#1478,.T.);
#921=FACE_OUTER_BOUND('',#1479,.T.);
#922=FACE_OUTER_BOUND('',#1480,.T.);
#923=FACE_OUTER_BOUND('',#1481,.T.);
#924=FACE_OUTER_BOUND('',#1482,.T.);
#925=FACE_OUTER_BOUND('',#1483,.T.);
#926=FACE_OUTER_BOUND('',#1484,.T.);
#927=FACE_OUTER_BOUND('',#1485,.T.);
#928=FACE_OUTER_BOUND('',#1486,.T.);
#929=FACE_OUTER_BOUND('',#1487,.T.);
#930=FACE_OUTER_BOUND('',#1488,.T.);
#931=FACE_OUTER_BOUND('',#1489,.T.);
#932=FACE_OUTER_BOUND('',#1490,.T.);
#933=FACE_OUTER_BOUND('',#1491,.T.);
#934=FACE_OUTER_BOUND('',#1492,.T.);
#935=FACE_OUTER_BOUND('',#1493,.T.);
#936=FACE_OUTER_BOUND('',#1494,.T.);
#937=FACE_OUTER_BOUND('',#1495,.T.);
#938=FACE_OUTER_BOUND('',#1496,.T.);
#939=FACE_OUTER_BOUND('',#1497,.T.);
#940=FACE_OUTER_BOUND('',#1498,.T.);
#941=FACE_OUTER_BOUND('',#1499,.T.);
#942=FACE_OUTER_BOUND('',#1501,.T.);
#943=FACE_OUTER_BOUND('',#1503,.T.);
#944=FACE_OUTER_BOUND('',#1505,.T.);
#945=FACE_OUTER_BOUND('',#1507,.T.);
#946=FACE_OUTER_BOUND('',#1508,.T.);
#947=FACE_OUTER_BOUND('',#1509,.T.);
#948=FACE_OUTER_BOUND('',#1510,.T.);
#949=FACE_OUTER_BOUND('',#1511,.T.);
#950=FACE_OUTER_BOUND('',#1512,.T.);
#951=FACE_OUTER_BOUND('',#1513,.T.);
#952=FACE_OUTER_BOUND('',#1514,.T.);
#953=FACE_OUTER_BOUND('',#1515,.T.);
#954=FACE_OUTER_BOUND('',#1516,.T.);
#955=FACE_OUTER_BOUND('',#1517,.T.);
#956=FACE_OUTER_BOUND('',#1518,.T.);
#957=FACE_OUTER_BOUND('',#1519,.T.);
#958=FACE_OUTER_BOUND('',#1520,.T.);
#959=FACE_OUTER_BOUND('',#1521,.T.);
#960=FACE_OUTER_BOUND('',#1522,.T.);
#961=FACE_OUTER_BOUND('',#1524,.T.);
#962=FACE_OUTER_BOUND('',#1525,.T.);
#963=FACE_OUTER_BOUND('',#1526,.T.);
#964=FACE_OUTER_BOUND('',#1527,.T.);
#965=FACE_OUTER_BOUND('',#1528,.T.);
#966=FACE_OUTER_BOUND('',#1529,.T.);
#967=FACE_OUTER_BOUND('',#1530,.T.);
#968=FACE_OUTER_BOUND('',#1531,.T.);
#969=FACE_OUTER_BOUND('',#1532,.T.);
#970=FACE_OUTER_BOUND('',#1533,.T.);
#971=FACE_OUTER_BOUND('',#1534,.T.);
#972=FACE_OUTER_BOUND('',#1535,.T.);
#973=FACE_OUTER_BOUND('',#1536,.T.);
#974=FACE_OUTER_BOUND('',#1537,.T.);
#975=FACE_OUTER_BOUND('',#1538,.T.);
#976=FACE_OUTER_BOUND('',#1539,.T.);
#977=FACE_OUTER_BOUND('',#1541,.T.);
#978=FACE_OUTER_BOUND('',#1542,.T.);
#979=FACE_OUTER_BOUND('',#1543,.T.);
#980=FACE_OUTER_BOUND('',#1544,.T.);
#981=FACE_OUTER_BOUND('',#1545,.T.);
#982=FACE_OUTER_BOUND('',#1546,.T.);
#983=FACE_OUTER_BOUND('',#1547,.T.);
#984=FACE_OUTER_BOUND('',#1548,.T.);
#985=FACE_OUTER_BOUND('',#1549,.T.);
#986=FACE_OUTER_BOUND('',#1550,.T.);
#987=FACE_OUTER_BOUND('',#1551,.T.);
#988=FACE_OUTER_BOUND('',#1552,.T.);
#989=FACE_OUTER_BOUND('',#1553,.T.);
#990=FACE_OUTER_BOUND('',#1554,.T.);
#991=FACE_OUTER_BOUND('',#1555,.T.);
#992=FACE_OUTER_BOUND('',#1556,.T.);
#993=FACE_OUTER_BOUND('',#1557,.T.);
#994=FACE_OUTER_BOUND('',#1559,.T.);
#995=FACE_OUTER_BOUND('',#1560,.T.);
#996=FACE_OUTER_BOUND('',#1561,.T.);
#997=FACE_OUTER_BOUND('',#1562,.T.);
#998=FACE_OUTER_BOUND('',#1563,.T.);
#999=FACE_OUTER_BOUND('',#1564,.T.);
#1000=FACE_OUTER_BOUND('',#1565,.T.);
#1001=FACE_OUTER_BOUND('',#1566,.T.);
#1002=FACE_OUTER_BOUND('',#1567,.T.);
#1003=FACE_OUTER_BOUND('',#1568,.T.);
#1004=FACE_OUTER_BOUND('',#1569,.T.);
#1005=FACE_OUTER_BOUND('',#1570,.T.);
#1006=FACE_OUTER_BOUND('',#1571,.T.);
#1007=FACE_OUTER_BOUND('',#1572,.T.);
#1008=FACE_OUTER_BOUND('',#1573,.T.);
#1009=FACE_OUTER_BOUND('',#1574,.T.);
#1010=FACE_OUTER_BOUND('',#1575,.T.);
#1011=FACE_OUTER_BOUND('',#1577,.T.);
#1012=FACE_OUTER_BOUND('',#1578,.T.);
#1013=FACE_OUTER_BOUND('',#1579,.T.);
#1014=FACE_OUTER_BOUND('',#1580,.T.);
#1015=FACE_OUTER_BOUND('',#1581,.T.);
#1016=FACE_OUTER_BOUND('',#1582,.T.);
#1017=FACE_OUTER_BOUND('',#1583,.T.);
#1018=FACE_OUTER_BOUND('',#1584,.T.);
#1019=FACE_OUTER_BOUND('',#1585,.T.);
#1020=FACE_OUTER_BOUND('',#1586,.T.);
#1021=FACE_OUTER_BOUND('',#1587,.T.);
#1022=FACE_OUTER_BOUND('',#1588,.T.);
#1023=FACE_OUTER_BOUND('',#1589,.T.);
#1024=FACE_OUTER_BOUND('',#1590,.T.);
#1025=FACE_OUTER_BOUND('',#1591,.T.);
#1026=FACE_OUTER_BOUND('',#1592,.T.);
#1027=FACE_OUTER_BOUND('',#1593,.T.);
#1028=FACE_OUTER_BOUND('',#1594,.T.);
#1029=FACE_OUTER_BOUND('',#1595,.T.);
#1030=FACE_OUTER_BOUND('',#1596,.T.);
#1031=FACE_OUTER_BOUND('',#1597,.T.);
#1032=FACE_OUTER_BOUND('',#1598,.T.);
#1033=FACE_OUTER_BOUND('',#1599,.T.);
#1034=FACE_OUTER_BOUND('',#1600,.T.);
#1035=FACE_OUTER_BOUND('',#1601,.T.);
#1036=FACE_OUTER_BOUND('',#1602,.T.);
#1037=FACE_OUTER_BOUND('',#1603,.T.);
#1038=FACE_OUTER_BOUND('',#1605,.T.);
#1039=FACE_OUTER_BOUND('',#1607,.T.);
#1040=FACE_OUTER_BOUND('',#1608,.T.);
#1041=FACE_OUTER_BOUND('',#1609,.T.);
#1042=FACE_OUTER_BOUND('',#1610,.T.);
#1043=FACE_OUTER_BOUND('',#1611,.T.);
#1044=FACE_OUTER_BOUND('',#1612,.T.);
#1045=FACE_OUTER_BOUND('',#1613,.T.);
#1046=FACE_OUTER_BOUND('',#1614,.T.);
#1047=FACE_OUTER_BOUND('',#1615,.T.);
#1048=FACE_OUTER_BOUND('',#1616,.T.);
#1049=FACE_OUTER_BOUND('',#1617,.T.);
#1050=FACE_OUTER_BOUND('',#1618,.T.);
#1051=FACE_OUTER_BOUND('',#1619,.T.);
#1052=FACE_OUTER_BOUND('',#1620,.T.);
#1053=FACE_OUTER_BOUND('',#1621,.T.);
#1054=FACE_OUTER_BOUND('',#1622,.T.);
#1055=FACE_OUTER_BOUND('',#1623,.T.);
#1056=FACE_OUTER_BOUND('',#1624,.T.);
#1057=FACE_OUTER_BOUND('',#1626,.T.);
#1058=FACE_OUTER_BOUND('',#1627,.T.);
#1059=FACE_OUTER_BOUND('',#1629,.T.);
#1060=FACE_OUTER_BOUND('',#1630,.T.);
#1061=FACE_OUTER_BOUND('',#1631,.T.);
#1062=FACE_OUTER_BOUND('',#1632,.T.);
#1063=FACE_OUTER_BOUND('',#1634,.T.);
#1064=FACE_OUTER_BOUND('',#1635,.T.);
#1065=FACE_OUTER_BOUND('',#1636,.T.);
#1066=FACE_OUTER_BOUND('',#1637,.T.);
#1067=FACE_OUTER_BOUND('',#1638,.T.);
#1068=FACE_OUTER_BOUND('',#1640,.T.);
#1069=FACE_OUTER_BOUND('',#1642,.T.);
#1070=FACE_OUTER_BOUND('',#1644,.T.);
#1071=FACE_OUTER_BOUND('',#1646,.T.);
#1072=FACE_OUTER_BOUND('',#1648,.T.);
#1073=FACE_OUTER_BOUND('',#1650,.T.);
#1074=FACE_OUTER_BOUND('',#1651,.T.);
#1075=FACE_OUTER_BOUND('',#1652,.T.);
#1076=FACE_OUTER_BOUND('',#1653,.T.);
#1077=FACE_OUTER_BOUND('',#1654,.T.);
#1078=EDGE_LOOP('',(#5721,#5722,#5723,#5724));
#1079=EDGE_LOOP('',(#5725,#5726,#5727,#5728));
#1080=EDGE_LOOP('',(#5729,#5730,#5731,#5732));
#1081=EDGE_LOOP('',(#5733,#5734,#5735,#5736));
#1082=EDGE_LOOP('',(#5737,#5738,#5739,#5740));
#1083=EDGE_LOOP('',(#5741,#5742,#5743,#5744));
#1084=EDGE_LOOP('',(#5745,#5746,#5747,#5748,#5749,#5750,#5751,#5752));
#1085=EDGE_LOOP('',(#5753,#5754,#5755,#5756,#5757,#5758));
#1086=EDGE_LOOP('',(#5759,#5760,#5761,#5762,#5763,#5764,#5765,#5766,#5767));
#1087=EDGE_LOOP('',(#5768,#5769,#5770,#5771,#5772,#5773,#5774,#5775));
#1088=EDGE_LOOP('',(#5776,#5777,#5778,#5779));
#1089=EDGE_LOOP('',(#5780,#5781,#5782,#5783));
#1090=EDGE_LOOP('',(#5784,#5785,#5786,#5787));
#1091=EDGE_LOOP('',(#5788));
#1092=EDGE_LOOP('',(#5789));
#1093=EDGE_LOOP('',(#5790));
#1094=EDGE_LOOP('',(#5791,#5792,#5793));
#1095=EDGE_LOOP('',(#5794,#5795,#5796));
#1096=EDGE_LOOP('',(#5797,#5798,#5799));
#1097=EDGE_LOOP('',(#5800,#5801,#5802));
#1098=EDGE_LOOP('',(#5803,#5804,#5805,#5806,#5807));
#1099=EDGE_LOOP('',(#5808,#5809,#5810,#5811,#5812));
#1100=EDGE_LOOP('',(#5813,#5814,#5815,#5816,#5817));
#1101=EDGE_LOOP('',(#5818,#5819,#5820,#5821,#5822));
#1102=EDGE_LOOP('',(#5823));
#1103=EDGE_LOOP('',(#5824));
#1104=EDGE_LOOP('',(#5825));
#1105=EDGE_LOOP('',(#5826));
#1106=EDGE_LOOP('',(#5827,#5828,#5829,#5830,#5831,#5832));
#1107=EDGE_LOOP('',(#5833));
#1108=EDGE_LOOP('',(#5834));
#1109=EDGE_LOOP('',(#5835));
#1110=EDGE_LOOP('',(#5836));
#1111=EDGE_LOOP('',(#5837));
#1112=EDGE_LOOP('',(#5838));
#1113=EDGE_LOOP('',(#5839));
#1114=EDGE_LOOP('',(#5840));
#1115=EDGE_LOOP('',(#5841));
#1116=EDGE_LOOP('',(#5842));
#1117=EDGE_LOOP('',(#5843,#5844,#5845,#5846));
#1118=EDGE_LOOP('',(#5847,#5848,#5849,#5850));
#1119=EDGE_LOOP('',(#5851,#5852,#5853,#5854));
#1120=EDGE_LOOP('',(#5855,#5856,#5857,#5858));
#1121=EDGE_LOOP('',(#5859,#5860,#5861,#5862));
#1122=EDGE_LOOP('',(#5863,#5864,#5865,#5866));
#1123=EDGE_LOOP('',(#5867,#5868,#5869,#5870));
#1124=EDGE_LOOP('',(#5871,#5872,#5873,#5874));
#1125=EDGE_LOOP('',(#5875,#5876,#5877,#5878));
#1126=EDGE_LOOP('',(#5879,#5880,#5881,#5882));
#1127=EDGE_LOOP('',(#5883,#5884,#5885,#5886,#5887,#5888,#5889,#5890,#5891,
#5892,#5893,#5894));
#1128=EDGE_LOOP('',(#5895,#5896,#5897,#5898));
#1129=EDGE_LOOP('',(#5899,#5900,#5901,#5902));
#1130=EDGE_LOOP('',(#5903,#5904,#5905,#5906,#5907));
#1131=EDGE_LOOP('',(#5908,#5909,#5910,#5911,#5912));
#1132=EDGE_LOOP('',(#5913,#5914,#5915,#5916));
#1133=EDGE_LOOP('',(#5917,#5918,#5919,#5920));
#1134=EDGE_LOOP('',(#5921,#5922,#5923,#5924,#5925,#5926,#5927,#5928,#5929,
#5930,#5931,#5932));
#1135=EDGE_LOOP('',(#5933,#5934,#5935,#5936));
#1136=EDGE_LOOP('',(#5937,#5938,#5939,#5940));
#1137=EDGE_LOOP('',(#5941,#5942,#5943,#5944,#5945));
#1138=EDGE_LOOP('',(#5946,#5947,#5948,#5949,#5950));
#1139=EDGE_LOOP('',(#5951,#5952,#5953,#5954));
#1140=EDGE_LOOP('',(#5955,#5956,#5957,#5958));
#1141=EDGE_LOOP('',(#5959,#5960,#5961,#5962));
#1142=EDGE_LOOP('',(#5963,#5964,#5965,#5966));
#1143=EDGE_LOOP('',(#5967,#5968,#5969,#5970));
#1144=EDGE_LOOP('',(#5971,#5972,#5973,#5974));
#1145=EDGE_LOOP('',(#5975,#5976,#5977,#5978));
#1146=EDGE_LOOP('',(#5979,#5980,#5981,#5982));
#1147=EDGE_LOOP('',(#5983,#5984,#5985,#5986));
#1148=EDGE_LOOP('',(#5987,#5988,#5989,#5990));
#1149=EDGE_LOOP('',(#5991,#5992,#5993,#5994));
#1150=EDGE_LOOP('',(#5995,#5996,#5997,#5998));
#1151=EDGE_LOOP('',(#5999,#6000,#6001,#6002));
#1152=EDGE_LOOP('',(#6003,#6004,#6005,#6006));
#1153=EDGE_LOOP('',(#6007,#6008,#6009,#6010));
#1154=EDGE_LOOP('',(#6011));
#1155=EDGE_LOOP('',(#6012));
#1156=EDGE_LOOP('',(#6013));
#1157=EDGE_LOOP('',(#6014));
#1158=EDGE_LOOP('',(#6015,#6016,#6017,#6018));
#1159=EDGE_LOOP('',(#6019));
#1160=EDGE_LOOP('',(#6020,#6021,#6022,#6023));
#1161=EDGE_LOOP('',(#6024));
#1162=EDGE_LOOP('',(#6025,#6026,#6027,#6028));
#1163=EDGE_LOOP('',(#6029,#6030,#6031,#6032));
#1164=EDGE_LOOP('',(#6033,#6034,#6035,#6036));
#1165=EDGE_LOOP('',(#6037,#6038,#6039,#6040));
#1166=EDGE_LOOP('',(#6041,#6042,#6043,#6044,#6045,#6046));
#1167=EDGE_LOOP('',(#6047,#6048,#6049,#6050,#6051,#6052));
#1168=EDGE_LOOP('',(#6053,#6054,#6055,#6056));
#1169=EDGE_LOOP('',(#6057));
#1170=EDGE_LOOP('',(#6058));
#1171=EDGE_LOOP('',(#6059));
#1172=EDGE_LOOP('',(#6060,#6061,#6062,#6063));
#1173=EDGE_LOOP('',(#6064));
#1174=EDGE_LOOP('',(#6065));
#1175=EDGE_LOOP('',(#6066));
#1176=EDGE_LOOP('',(#6067,#6068,#6069,#6070));
#1177=EDGE_LOOP('',(#6071));
#1178=EDGE_LOOP('',(#6072,#6073,#6074,#6075));
#1179=EDGE_LOOP('',(#6076));
#1180=EDGE_LOOP('',(#6077,#6078,#6079));
#1181=EDGE_LOOP('',(#6080,#6081,#6082));
#1182=EDGE_LOOP('',(#6083,#6084,#6085,#6086));
#1183=EDGE_LOOP('',(#6087,#6088,#6089,#6090));
#1184=EDGE_LOOP('',(#6091,#6092,#6093,#6094,#6095,#6096,#6097,#6098));
#1185=EDGE_LOOP('',(#6099,#6100,#6101,#6102,#6103,#6104,#6105,#6106));
#1186=EDGE_LOOP('',(#6107,#6108,#6109,#6110,#6111,#6112,#6113,#6114));
#1187=EDGE_LOOP('',(#6115,#6116,#6117,#6118,#6119,#6120,#6121,#6122));
#1188=EDGE_LOOP('',(#6123,#6124,#6125,#6126,#6127,#6128));
#1189=EDGE_LOOP('',(#6129,#6130,#6131,#6132,#6133,#6134));
#1190=EDGE_LOOP('',(#6135,#6136,#6137));
#1191=EDGE_LOOP('',(#6138,#6139,#6140));
#1192=EDGE_LOOP('',(#6141,#6142,#6143));
#1193=EDGE_LOOP('',(#6144,#6145,#6146));
#1194=EDGE_LOOP('',(#6147,#6148,#6149,#6150));
#1195=EDGE_LOOP('',(#6151,#6152,#6153,#6154));
#1196=EDGE_LOOP('',(#6155,#6156,#6157,#6158));
#1197=EDGE_LOOP('',(#6159,#6160,#6161,#6162));
#1198=EDGE_LOOP('',(#6163,#6164,#6165,#6166,#6167,#6168,#6169,#6170));
#1199=EDGE_LOOP('',(#6171,#6172,#6173,#6174,#6175,#6176,#6177,#6178));
#1200=EDGE_LOOP('',(#6179,#6180,#6181));
#1201=EDGE_LOOP('',(#6182,#6183,#6184));
#1202=EDGE_LOOP('',(#6185,#6186,#6187,#6188,#6189,#6190,#6191,#6192));
#1203=EDGE_LOOP('',(#6193,#6194,#6195,#6196,#6197,#6198,#6199,#6200));
#1204=EDGE_LOOP('',(#6201,#6202,#6203,#6204,#6205,#6206));
#1205=EDGE_LOOP('',(#6207,#6208,#6209,#6210,#6211,#6212));
#1206=EDGE_LOOP('',(#6213));
#1207=EDGE_LOOP('',(#6214));
#1208=EDGE_LOOP('',(#6215));
#1209=EDGE_LOOP('',(#6216));
#1210=EDGE_LOOP('',(#6217));
#1211=EDGE_LOOP('',(#6218));
#1212=EDGE_LOOP('',(#6219));
#1213=EDGE_LOOP('',(#6220,#6221,#6222,#6223,#6224,#6225));
#1214=EDGE_LOOP('',(#6226));
#1215=EDGE_LOOP('',(#6227));
#1216=EDGE_LOOP('',(#6228));
#1217=EDGE_LOOP('',(#6229,#6230,#6231,#6232,#6233,#6234));
#1218=EDGE_LOOP('',(#6235,#6236,#6237,#6238));
#1219=EDGE_LOOP('',(#6239,#6240,#6241,#6242));
#1220=EDGE_LOOP('',(#6243,#6244,#6245,#6246));
#1221=EDGE_LOOP('',(#6247,#6248,#6249,#6250));
#1222=EDGE_LOOP('',(#6251,#6252,#6253,#6254));
#1223=EDGE_LOOP('',(#6255,#6256,#6257,#6258));
#1224=EDGE_LOOP('',(#6259,#6260,#6261,#6262));
#1225=EDGE_LOOP('',(#6263,#6264,#6265,#6266));
#1226=EDGE_LOOP('',(#6267,#6268,#6269,#6270));
#1227=EDGE_LOOP('',(#6271,#6272,#6273,#6274));
#1228=EDGE_LOOP('',(#6275,#6276,#6277,#6278,#6279,#6280,#6281,#6282,#6283,
#6284,#6285,#6286,#6287));
#1229=EDGE_LOOP('',(#6288,#6289,#6290,#6291));
#1230=EDGE_LOOP('',(#6292,#6293,#6294,#6295));
#1231=EDGE_LOOP('',(#6296,#6297,#6298,#6299));
#1232=EDGE_LOOP('',(#6300,#6301,#6302,#6303));
#1233=EDGE_LOOP('',(#6304,#6305,#6306,#6307));
#1234=EDGE_LOOP('',(#6308,#6309,#6310,#6311));
#1235=EDGE_LOOP('',(#6312,#6313,#6314,#6315));
#1236=EDGE_LOOP('',(#6316,#6317,#6318,#6319));
#1237=EDGE_LOOP('',(#6320,#6321,#6322,#6323));
#1238=EDGE_LOOP('',(#6324,#6325,#6326,#6327));
#1239=EDGE_LOOP('',(#6328,#6329,#6330,#6331,#6332,#6333,#6334,#6335,#6336,
#6337,#6338,#6339,#6340));
#1240=EDGE_LOOP('',(#6341,#6342,#6343,#6344));
#1241=EDGE_LOOP('',(#6345,#6346,#6347,#6348));
#1242=EDGE_LOOP('',(#6349,#6350,#6351,#6352));
#1243=EDGE_LOOP('',(#6353,#6354,#6355,#6356));
#1244=EDGE_LOOP('',(#6357,#6358,#6359,#6360));
#1245=EDGE_LOOP('',(#6361,#6362,#6363,#6364));
#1246=EDGE_LOOP('',(#6365,#6366,#6367,#6368));
#1247=EDGE_LOOP('',(#6369,#6370,#6371,#6372));
#1248=EDGE_LOOP('',(#6373));
#1249=EDGE_LOOP('',(#6374));
#1250=EDGE_LOOP('',(#6375));
#1251=EDGE_LOOP('',(#6376));
#1252=EDGE_LOOP('',(#6377));
#1253=EDGE_LOOP('',(#6378));
#1254=EDGE_LOOP('',(#6379,#6380,#6381,#6382));
#1255=EDGE_LOOP('',(#6383,#6384,#6385,#6386));
#1256=EDGE_LOOP('',(#6387,#6388,#6389,#6390));
#1257=EDGE_LOOP('',(#6391,#6392,#6393,#6394));
#1258=EDGE_LOOP('',(#6395,#6396,#6397,#6398));
#1259=EDGE_LOOP('',(#6399,#6400,#6401,#6402));
#1260=EDGE_LOOP('',(#6403,#6404,#6405,#6406,#6407,#6408,#6409,#6410,#6411,
#6412,#6413,#6414));
#1261=EDGE_LOOP('',(#6415,#6416,#6417,#6418));
#1262=EDGE_LOOP('',(#6419,#6420,#6421,#6422,#6423,#6424,#6425,#6426,#6427,
#6428,#6429,#6430));
#1263=EDGE_LOOP('',(#6431,#6432,#6433,#6434,#6435));
#1264=EDGE_LOOP('',(#6436,#6437,#6438,#6439,#6440));
#1265=EDGE_LOOP('',(#6441,#6442,#6443,#6444,#6445));
#1266=EDGE_LOOP('',(#6446,#6447,#6448,#6449,#6450));
#1267=EDGE_LOOP('',(#6451,#6452,#6453,#6454));
#1268=EDGE_LOOP('',(#6455,#6456,#6457,#6458));
#1269=EDGE_LOOP('',(#6459,#6460,#6461,#6462));
#1270=EDGE_LOOP('',(#6463,#6464,#6465,#6466));
#1271=EDGE_LOOP('',(#6467,#6468,#6469,#6470));
#1272=EDGE_LOOP('',(#6471,#6472,#6473,#6474));
#1273=EDGE_LOOP('',(#6475,#6476,#6477,#6478));
#1274=EDGE_LOOP('',(#6479,#6480,#6481,#6482));
#1275=EDGE_LOOP('',(#6483,#6484,#6485,#6486));
#1276=EDGE_LOOP('',(#6487,#6488,#6489,#6490));
#1277=EDGE_LOOP('',(#6491,#6492,#6493,#6494,#6495,#6496,#6497));
#1278=EDGE_LOOP('',(#6498,#6499,#6500,#6501,#6502,#6503,#6504));
#1279=EDGE_LOOP('',(#6505,#6506,#6507,#6508));
#1280=EDGE_LOOP('',(#6509,#6510,#6511,#6512));
#1281=EDGE_LOOP('',(#6513,#6514,#6515,#6516));
#1282=EDGE_LOOP('',(#6517,#6518,#6519,#6520));
#1283=EDGE_LOOP('',(#6521,#6522,#6523,#6524));
#1284=EDGE_LOOP('',(#6525,#6526,#6527,#6528));
#1285=EDGE_LOOP('',(#6529,#6530,#6531,#6532));
#1286=EDGE_LOOP('',(#6533,#6534,#6535,#6536));
#1287=EDGE_LOOP('',(#6537,#6538,#6539,#6540));
#1288=EDGE_LOOP('',(#6541,#6542,#6543,#6544));
#1289=EDGE_LOOP('',(#6545,#6546,#6547,#6548));
#1290=EDGE_LOOP('',(#6549,#6550,#6551,#6552));
#1291=EDGE_LOOP('',(#6553,#6554,#6555,#6556));
#1292=EDGE_LOOP('',(#6557,#6558,#6559,#6560));
#1293=EDGE_LOOP('',(#6561,#6562,#6563,#6564));
#1294=EDGE_LOOP('',(#6565,#6566,#6567,#6568,#6569,#6570));
#1295=EDGE_LOOP('',(#6571,#6572,#6573,#6574));
#1296=EDGE_LOOP('',(#6575,#6576,#6577,#6578));
#1297=EDGE_LOOP('',(#6579,#6580,#6581,#6582));
#1298=EDGE_LOOP('',(#6583,#6584,#6585,#6586,#6587,#6588));
#1299=EDGE_LOOP('',(#6589,#6590,#6591,#6592));
#1300=EDGE_LOOP('',(#6593,#6594,#6595,#6596));
#1301=EDGE_LOOP('',(#6597,#6598,#6599,#6600));
#1302=EDGE_LOOP('',(#6601));
#1303=EDGE_LOOP('',(#6602));
#1304=EDGE_LOOP('',(#6603));
#1305=EDGE_LOOP('',(#6604));
#1306=EDGE_LOOP('',(#6605,#6606,#6607,#6608,#6609,#6610,#6611,#6612,#6613,
#6614,#6615,#6616,#6617,#6618,#6619));
#1307=EDGE_LOOP('',(#6620,#6621,#6622,#6623));
#1308=EDGE_LOOP('',(#6624,#6625,#6626,#6627,#6628,#6629));
#1309=EDGE_LOOP('',(#6630,#6631,#6632,#6633,#6634,#6635));
#1310=EDGE_LOOP('',(#6636,#6637,#6638,#6639,#6640,#6641,#6642,#6643,#6644,
#6645,#6646,#6647,#6648,#6649,#6650));
#1311=EDGE_LOOP('',(#6651,#6652,#6653,#6654));
#1312=EDGE_LOOP('',(#6655,#6656,#6657,#6658,#6659,#6660));
#1313=EDGE_LOOP('',(#6661,#6662,#6663,#6664,#6665,#6666));
#1314=EDGE_LOOP('',(#6667,#6668));
#1315=EDGE_LOOP('',(#6669,#6670,#6671,#6672));
#1316=EDGE_LOOP('',(#6673,#6674));
#1317=EDGE_LOOP('',(#6675,#6676,#6677,#6678));
#1318=EDGE_LOOP('',(#6679,#6680,#6681,#6682,#6683,#6684,#6685,#6686,#6687,
#6688,#6689,#6690,#6691,#6692,#6693,#6694,#6695,#6696,#6697,#6698,#6699,
#6700,#6701,#6702,#6703,#6704,#6705,#6706,#6707,#6708,#6709,#6710,#6711,
#6712,#6713,#6714,#6715,#6716,#6717,#6718,#6719,#6720,#6721,#6722));
#1319=EDGE_LOOP('',(#6723));
#1320=EDGE_LOOP('',(#6724));
#1321=EDGE_LOOP('',(#6725));
#1322=EDGE_LOOP('',(#6726));
#1323=EDGE_LOOP('',(#6727));
#1324=EDGE_LOOP('',(#6728));
#1325=EDGE_LOOP('',(#6729,#6730,#6731,#6732,#6733,#6734,#6735,#6736));
#1326=EDGE_LOOP('',(#6737,#6738,#6739,#6740,#6741,#6742,#6743,#6744));
#1327=EDGE_LOOP('',(#6745,#6746,#6747,#6748));
#1328=EDGE_LOOP('',(#6749));
#1329=EDGE_LOOP('',(#6750));
#1330=EDGE_LOOP('',(#6751));
#1331=EDGE_LOOP('',(#6752,#6753,#6754,#6755));
#1332=EDGE_LOOP('',(#6756));
#1333=EDGE_LOOP('',(#6757));
#1334=EDGE_LOOP('',(#6758));
#1335=EDGE_LOOP('',(#6759,#6760,#6761,#6762));
#1336=EDGE_LOOP('',(#6763,#6764,#6765,#6766));
#1337=EDGE_LOOP('',(#6767,#6768,#6769,#6770,#6771,#6772,#6773,#6774,#6775,
#6776,#6777,#6778));
#1338=EDGE_LOOP('',(#6779,#6780,#6781,#6782,#6783,#6784,#6785,#6786,#6787,
#6788,#6789,#6790));
#1339=EDGE_LOOP('',(#6791,#6792,#6793,#6794,#6795,#6796,#6797,#6798,#6799,
#6800,#6801,#6802));
#1340=EDGE_LOOP('',(#6803,#6804,#6805,#6806,#6807,#6808,#6809,#6810,#6811,
#6812,#6813,#6814));
#1341=EDGE_LOOP('',(#6815,#6816,#6817,#6818,#6819,#6820,#6821,#6822,#6823,
#6824,#6825,#6826));
#1342=EDGE_LOOP('',(#6827,#6828,#6829,#6830,#6831,#6832,#6833,#6834,#6835,
#6836,#6837,#6838));
#1343=EDGE_LOOP('',(#6839,#6840,#6841,#6842,#6843,#6844));
#1344=EDGE_LOOP('',(#6845));
#1345=EDGE_LOOP('',(#6846));
#1346=EDGE_LOOP('',(#6847,#6848,#6849,#6850,#6851,#6852));
#1347=EDGE_LOOP('',(#6853));
#1348=EDGE_LOOP('',(#6854));
#1349=EDGE_LOOP('',(#6855,#6856,#6857,#6858,#6859,#6860,#6861,#6862,#6863,
#6864,#6865,#6866,#6867,#6868,#6869,#6870,#6871,#6872,#6873,#6874,#6875,
#6876,#6877,#6878,#6879,#6880,#6881,#6882,#6883,#6884,#6885,#6886,#6887,
#6888,#6889,#6890,#6891,#6892,#6893,#6894,#6895,#6896,#6897,#6898));
#1350=EDGE_LOOP('',(#6899,#6900,#6901,#6902));
#1351=EDGE_LOOP('',(#6903,#6904,#6905,#6906));
#1352=EDGE_LOOP('',(#6907,#6908,#6909,#6910,#6911,#6912,#6913,#6914,#6915,
#6916,#6917,#6918,#6919,#6920));
#1353=EDGE_LOOP('',(#6921,#6922,#6923,#6924));
#1354=EDGE_LOOP('',(#6925,#6926,#6927,#6928));
#1355=EDGE_LOOP('',(#6929,#6930,#6931,#6932));
#1356=EDGE_LOOP('',(#6933,#6934,#6935,#6936));
#1357=EDGE_LOOP('',(#6937,#6938,#6939,#6940,#6941,#6942,#6943,#6944,#6945,
#6946,#6947,#6948,#6949,#6950));
#1358=EDGE_LOOP('',(#6951,#6952,#6953,#6954));
#1359=EDGE_LOOP('',(#6955,#6956,#6957,#6958));
#1360=EDGE_LOOP('',(#6959,#6960,#6961,#6962,#6963,#6964,#6965,#6966));
#1361=EDGE_LOOP('',(#6967,#6968,#6969,#6970,#6971,#6972));
#1362=EDGE_LOOP('',(#6973,#6974,#6975,#6976));
#1363=EDGE_LOOP('',(#6977,#6978,#6979,#6980,#6981,#6982,#6983,#6984,#6985,
#6986));
#1364=EDGE_LOOP('',(#6987,#6988,#6989,#6990,#6991,#6992,#6993,#6994,#6995,
#6996));
#1365=EDGE_LOOP('',(#6997,#6998,#6999,#7000,#7001,#7002));
#1366=EDGE_LOOP('',(#7003,#7004,#7005,#7006,#7007,#7008));
#1367=EDGE_LOOP('',(#7009,#7010,#7011,#7012,#7013,#7014));
#1368=EDGE_LOOP('',(#7015,#7016,#7017,#7018,#7019,#7020));
#1369=EDGE_LOOP('',(#7021,#7022,#7023,#7024,#7025,#7026));
#1370=EDGE_LOOP('',(#7027,#7028,#7029,#7030,#7031,#7032));
#1371=EDGE_LOOP('',(#7033,#7034,#7035,#7036));
#1372=EDGE_LOOP('',(#7037,#7038,#7039,#7040));
#1373=EDGE_LOOP('',(#7041,#7042,#7043,#7044));
#1374=EDGE_LOOP('',(#7045,#7046,#7047,#7048));
#1375=EDGE_LOOP('',(#7049,#7050,#7051,#7052));
#1376=EDGE_LOOP('',(#7053,#7054,#7055,#7056));
#1377=EDGE_LOOP('',(#7057,#7058,#7059,#7060));
#1378=EDGE_LOOP('',(#7061,#7062,#7063,#7064));
#1379=EDGE_LOOP('',(#7065,#7066,#7067,#7068));
#1380=EDGE_LOOP('',(#7069,#7070,#7071,#7072));
#1381=EDGE_LOOP('',(#7073,#7074,#7075,#7076));
#1382=EDGE_LOOP('',(#7077,#7078,#7079,#7080));
#1383=EDGE_LOOP('',(#7081,#7082,#7083,#7084));
#1384=EDGE_LOOP('',(#7085,#7086,#7087,#7088));
#1385=EDGE_LOOP('',(#7089,#7090,#7091,#7092,#7093,#7094,#7095,#7096));
#1386=EDGE_LOOP('',(#7097,#7098,#7099,#7100));
#1387=EDGE_LOOP('',(#7101,#7102,#7103,#7104,#7105,#7106,#7107,#7108,#7109,
#7110));
#1388=EDGE_LOOP('',(#7111,#7112,#7113,#7114));
#1389=EDGE_LOOP('',(#7115,#7116,#7117,#7118));
#1390=EDGE_LOOP('',(#7119,#7120,#7121,#7122));
#1391=EDGE_LOOP('',(#7123,#7124,#7125,#7126,#7127,#7128));
#1392=EDGE_LOOP('',(#7129,#7130,#7131,#7132,#7133,#7134));
#1393=EDGE_LOOP('',(#7135,#7136,#7137,#7138,#7139,#7140));
#1394=EDGE_LOOP('',(#7141,#7142,#7143,#7144,#7145,#7146));
#1395=EDGE_LOOP('',(#7147,#7148,#7149,#7150));
#1396=EDGE_LOOP('',(#7151,#7152,#7153,#7154));
#1397=EDGE_LOOP('',(#7155,#7156,#7157,#7158));
#1398=EDGE_LOOP('',(#7159,#7160,#7161,#7162));
#1399=EDGE_LOOP('',(#7163,#7164,#7165,#7166));
#1400=EDGE_LOOP('',(#7167,#7168,#7169,#7170));
#1401=EDGE_LOOP('',(#7171,#7172,#7173,#7174));
#1402=EDGE_LOOP('',(#7175,#7176,#7177,#7178));
#1403=EDGE_LOOP('',(#7179,#7180,#7181,#7182));
#1404=EDGE_LOOP('',(#7183,#7184,#7185,#7186));
#1405=EDGE_LOOP('',(#7187,#7188,#7189,#7190));
#1406=EDGE_LOOP('',(#7191,#7192,#7193,#7194));
#1407=EDGE_LOOP('',(#7195,#7196,#7197,#7198));
#1408=EDGE_LOOP('',(#7199,#7200,#7201,#7202));
#1409=EDGE_LOOP('',(#7203,#7204,#7205,#7206));
#1410=EDGE_LOOP('',(#7207,#7208,#7209,#7210));
#1411=EDGE_LOOP('',(#7211,#7212,#7213,#7214));
#1412=EDGE_LOOP('',(#7215,#7216,#7217,#7218));
#1413=EDGE_LOOP('',(#7219,#7220,#7221,#7222));
#1414=EDGE_LOOP('',(#7223,#7224,#7225,#7226));
#1415=EDGE_LOOP('',(#7227,#7228,#7229,#7230));
#1416=EDGE_LOOP('',(#7231,#7232,#7233,#7234));
#1417=EDGE_LOOP('',(#7235,#7236,#7237,#7238));
#1418=EDGE_LOOP('',(#7239,#7240,#7241,#7242));
#1419=EDGE_LOOP('',(#7243,#7244,#7245,#7246));
#1420=EDGE_LOOP('',(#7247,#7248,#7249,#7250));
#1421=EDGE_LOOP('',(#7251,#7252,#7253,#7254));
#1422=EDGE_LOOP('',(#7255,#7256,#7257,#7258));
#1423=EDGE_LOOP('',(#7259,#7260,#7261,#7262));
#1424=EDGE_LOOP('',(#7263,#7264,#7265,#7266));
#1425=EDGE_LOOP('',(#7267,#7268,#7269,#7270));
#1426=EDGE_LOOP('',(#7271,#7272,#7273,#7274));
#1427=EDGE_LOOP('',(#7275,#7276,#7277,#7278));
#1428=EDGE_LOOP('',(#7279));
#1429=EDGE_LOOP('',(#7280));
#1430=EDGE_LOOP('',(#7281));
#1431=EDGE_LOOP('',(#7282));
#1432=EDGE_LOOP('',(#7283));
#1433=EDGE_LOOP('',(#7284));
#1434=EDGE_LOOP('',(#7285));
#1435=EDGE_LOOP('',(#7286));
#1436=EDGE_LOOP('',(#7287));
#1437=EDGE_LOOP('',(#7288));
#1438=EDGE_LOOP('',(#7289,#7290,#7291,#7292));
#1439=EDGE_LOOP('',(#7293,#7294,#7295,#7296));
#1440=EDGE_LOOP('',(#7297,#7298,#7299,#7300));
#1441=EDGE_LOOP('',(#7301,#7302,#7303,#7304));
#1442=EDGE_LOOP('',(#7305,#7306,#7307,#7308));
#1443=EDGE_LOOP('',(#7309));
#1444=EDGE_LOOP('',(#7310));
#1445=EDGE_LOOP('',(#7311));
#1446=EDGE_LOOP('',(#7312));
#1447=EDGE_LOOP('',(#7313));
#1448=EDGE_LOOP('',(#7314));
#1449=EDGE_LOOP('',(#7315));
#1450=EDGE_LOOP('',(#7316));
#1451=EDGE_LOOP('',(#7317));
#1452=EDGE_LOOP('',(#7318));
#1453=EDGE_LOOP('',(#7319,#7320,#7321,#7322));
#1454=EDGE_LOOP('',(#7323,#7324,#7325,#7326));
#1455=EDGE_LOOP('',(#7327,#7328,#7329,#7330));
#1456=EDGE_LOOP('',(#7331,#7332,#7333,#7334));
#1457=EDGE_LOOP('',(#7335,#7336,#7337,#7338));
#1458=EDGE_LOOP('',(#7339,#7340,#7341,#7342));
#1459=EDGE_LOOP('',(#7343,#7344,#7345,#7346));
#1460=EDGE_LOOP('',(#7347,#7348,#7349,#7350));
#1461=EDGE_LOOP('',(#7351,#7352,#7353,#7354));
#1462=EDGE_LOOP('',(#7355,#7356,#7357,#7358));
#1463=EDGE_LOOP('',(#7359,#7360,#7361,#7362));
#1464=EDGE_LOOP('',(#7363,#7364,#7365,#7366));
#1465=EDGE_LOOP('',(#7367,#7368,#7369,#7370));
#1466=EDGE_LOOP('',(#7371,#7372,#7373,#7374));
#1467=EDGE_LOOP('',(#7375,#7376,#7377,#7378));
#1468=EDGE_LOOP('',(#7379,#7380,#7381,#7382));
#1469=EDGE_LOOP('',(#7383,#7384,#7385,#7386));
#1470=EDGE_LOOP('',(#7387,#7388,#7389,#7390));
#1471=EDGE_LOOP('',(#7391,#7392,#7393,#7394));
#1472=EDGE_LOOP('',(#7395,#7396,#7397,#7398));
#1473=EDGE_LOOP('',(#7399,#7400,#7401,#7402));
#1474=EDGE_LOOP('',(#7403,#7404,#7405,#7406));
#1475=EDGE_LOOP('',(#7407,#7408,#7409,#7410));
#1476=EDGE_LOOP('',(#7411,#7412,#7413,#7414));
#1477=EDGE_LOOP('',(#7415,#7416,#7417,#7418));
#1478=EDGE_LOOP('',(#7419,#7420,#7421,#7422));
#1479=EDGE_LOOP('',(#7423,#7424,#7425,#7426));
#1480=EDGE_LOOP('',(#7427,#7428,#7429,#7430));
#1481=EDGE_LOOP('',(#7431,#7432,#7433,#7434));
#1482=EDGE_LOOP('',(#7435,#7436,#7437,#7438));
#1483=EDGE_LOOP('',(#7439,#7440,#7441,#7442));
#1484=EDGE_LOOP('',(#7443,#7444,#7445,#7446));
#1485=EDGE_LOOP('',(#7447,#7448,#7449,#7450));
#1486=EDGE_LOOP('',(#7451,#7452,#7453,#7454));
#1487=EDGE_LOOP('',(#7455,#7456,#7457,#7458));
#1488=EDGE_LOOP('',(#7459,#7460,#7461,#7462));
#1489=EDGE_LOOP('',(#7463,#7464,#7465,#7466));
#1490=EDGE_LOOP('',(#7467,#7468,#7469,#7470));
#1491=EDGE_LOOP('',(#7471,#7472,#7473,#7474));
#1492=EDGE_LOOP('',(#7475,#7476,#7477,#7478));
#1493=EDGE_LOOP('',(#7479,#7480,#7481,#7482,#7483,#7484,#7485,#7486));
#1494=EDGE_LOOP('',(#7487,#7488,#7489,#7490,#7491,#7492,#7493,#7494));
#1495=EDGE_LOOP('',(#7495,#7496,#7497,#7498));
#1496=EDGE_LOOP('',(#7499,#7500,#7501,#7502));
#1497=EDGE_LOOP('',(#7503,#7504,#7505,#7506));
#1498=EDGE_LOOP('',(#7507,#7508,#7509,#7510));
#1499=EDGE_LOOP('',(#7511));
#1500=EDGE_LOOP('',(#7512));
#1501=EDGE_LOOP('',(#7513));
#1502=EDGE_LOOP('',(#7514));
#1503=EDGE_LOOP('',(#7515));
#1504=EDGE_LOOP('',(#7516));
#1505=EDGE_LOOP('',(#7517));
#1506=EDGE_LOOP('',(#7518));
#1507=EDGE_LOOP('',(#7519,#7520,#7521,#7522));
#1508=EDGE_LOOP('',(#7523,#7524,#7525,#7526));
#1509=EDGE_LOOP('',(#7527,#7528,#7529,#7530));
#1510=EDGE_LOOP('',(#7531,#7532,#7533,#7534));
#1511=EDGE_LOOP('',(#7535,#7536,#7537,#7538));
#1512=EDGE_LOOP('',(#7539,#7540,#7541,#7542));
#1513=EDGE_LOOP('',(#7543,#7544,#7545,#7546));
#1514=EDGE_LOOP('',(#7547,#7548,#7549,#7550));
#1515=EDGE_LOOP('',(#7551,#7552,#7553,#7554));
#1516=EDGE_LOOP('',(#7555,#7556,#7557,#7558));
#1517=EDGE_LOOP('',(#7559,#7560,#7561,#7562));
#1518=EDGE_LOOP('',(#7563,#7564,#7565,#7566));
#1519=EDGE_LOOP('',(#7567,#7568,#7569,#7570));
#1520=EDGE_LOOP('',(#7571,#7572,#7573,#7574));
#1521=EDGE_LOOP('',(#7575,#7576,#7577,#7578));
#1522=EDGE_LOOP('',(#7579,#7580,#7581,#7582,#7583,#7584,#7585,#7586,#7587,
#7588,#7589,#7590,#7591,#7592,#7593,#7594));
#1523=EDGE_LOOP('',(#7595,#7596,#7597,#7598,#7599,#7600,#7601,#7602,#7603,
#7604,#7605,#7606,#7607,#7608,#7609,#7610));
#1524=EDGE_LOOP('',(#7611,#7612,#7613,#7614));
#1525=EDGE_LOOP('',(#7615,#7616,#7617,#7618));
#1526=EDGE_LOOP('',(#7619,#7620,#7621,#7622));
#1527=EDGE_LOOP('',(#7623,#7624,#7625,#7626));
#1528=EDGE_LOOP('',(#7627,#7628,#7629,#7630));
#1529=EDGE_LOOP('',(#7631,#7632,#7633,#7634));
#1530=EDGE_LOOP('',(#7635,#7636,#7637,#7638));
#1531=EDGE_LOOP('',(#7639,#7640,#7641,#7642));
#1532=EDGE_LOOP('',(#7643,#7644,#7645,#7646));
#1533=EDGE_LOOP('',(#7647,#7648,#7649,#7650));
#1534=EDGE_LOOP('',(#7651,#7652,#7653,#7654));
#1535=EDGE_LOOP('',(#7655,#7656,#7657,#7658));
#1536=EDGE_LOOP('',(#7659,#7660,#7661,#7662));
#1537=EDGE_LOOP('',(#7663,#7664,#7665,#7666));
#1538=EDGE_LOOP('',(#7667,#7668,#7669,#7670));
#1539=EDGE_LOOP('',(#7671,#7672,#7673,#7674,#7675,#7676,#7677,#7678,#7679,
#7680,#7681,#7682,#7683,#7684,#7685,#7686));
#1540=EDGE_LOOP('',(#7687,#7688,#7689,#7690,#7691,#7692,#7693,#7694,#7695,
#7696,#7697,#7698,#7699,#7700,#7701,#7702));
#1541=EDGE_LOOP('',(#7703,#7704,#7705,#7706));
#1542=EDGE_LOOP('',(#7707,#7708,#7709,#7710));
#1543=EDGE_LOOP('',(#7711,#7712,#7713,#7714));
#1544=EDGE_LOOP('',(#7715,#7716,#7717,#7718));
#1545=EDGE_LOOP('',(#7719,#7720,#7721,#7722));
#1546=EDGE_LOOP('',(#7723,#7724,#7725,#7726));
#1547=EDGE_LOOP('',(#7727,#7728,#7729,#7730));
#1548=EDGE_LOOP('',(#7731,#7732,#7733,#7734));
#1549=EDGE_LOOP('',(#7735,#7736,#7737,#7738));
#1550=EDGE_LOOP('',(#7739,#7740,#7741,#7742));
#1551=EDGE_LOOP('',(#7743,#7744,#7745,#7746));
#1552=EDGE_LOOP('',(#7747,#7748,#7749,#7750));
#1553=EDGE_LOOP('',(#7751,#7752,#7753,#7754));
#1554=EDGE_LOOP('',(#7755,#7756,#7757,#7758));
#1555=EDGE_LOOP('',(#7759,#7760,#7761,#7762));
#1556=EDGE_LOOP('',(#7763,#7764,#7765,#7766));
#1557=EDGE_LOOP('',(#7767,#7768,#7769,#7770,#7771,#7772,#7773,#7774,#7775,
#7776,#7777,#7778,#7779,#7780,#7781,#7782));
#1558=EDGE_LOOP('',(#7783));
#1559=EDGE_LOOP('',(#7784,#7785,#7786,#7787));
#1560=EDGE_LOOP('',(#7788,#7789,#7790,#7791));
#1561=EDGE_LOOP('',(#7792,#7793,#7794,#7795));
#1562=EDGE_LOOP('',(#7796,#7797,#7798,#7799));
#1563=EDGE_LOOP('',(#7800,#7801,#7802,#7803));
#1564=EDGE_LOOP('',(#7804,#7805,#7806,#7807));
#1565=EDGE_LOOP('',(#7808,#7809,#7810,#7811));
#1566=EDGE_LOOP('',(#7812,#7813,#7814,#7815));
#1567=EDGE_LOOP('',(#7816,#7817,#7818,#7819));
#1568=EDGE_LOOP('',(#7820,#7821,#7822,#7823));
#1569=EDGE_LOOP('',(#7824,#7825,#7826,#7827));
#1570=EDGE_LOOP('',(#7828,#7829,#7830,#7831));
#1571=EDGE_LOOP('',(#7832,#7833,#7834,#7835));
#1572=EDGE_LOOP('',(#7836,#7837,#7838,#7839));
#1573=EDGE_LOOP('',(#7840,#7841,#7842,#7843));
#1574=EDGE_LOOP('',(#7844,#7845,#7846,#7847));
#1575=EDGE_LOOP('',(#7848,#7849,#7850,#7851,#7852,#7853,#7854,#7855,#7856,
#7857,#7858,#7859,#7860,#7861,#7862,#7863));
#1576=EDGE_LOOP('',(#7864));
#1577=EDGE_LOOP('',(#7865));
#1578=EDGE_LOOP('',(#7866));
#1579=EDGE_LOOP('',(#7867,#7868));
#1580=EDGE_LOOP('',(#7869,#7870,#7871,#7872));
#1581=EDGE_LOOP('',(#7873,#7874,#7875,#7876));
#1582=EDGE_LOOP('',(#7877,#7878,#7879,#7880));
#1583=EDGE_LOOP('',(#7881,#7882,#7883,#7884,#7885,#7886,#7887));
#1584=EDGE_LOOP('',(#7888,#7889));
#1585=EDGE_LOOP('',(#7890,#7891,#7892,#7893));
#1586=EDGE_LOOP('',(#7894,#7895,#7896,#7897));
#1587=EDGE_LOOP('',(#7898,#7899,#7900,#7901));
#1588=EDGE_LOOP('',(#7902,#7903,#7904,#7905,#7906,#7907,#7908));
#1589=EDGE_LOOP('',(#7909,#7910,#7911,#7912));
#1590=EDGE_LOOP('',(#7913,#7914,#7915,#7916));
#1591=EDGE_LOOP('',(#7917,#7918,#7919,#7920,#7921,#7922,#7923,#7924,#7925,
#7926,#7927,#7928));
#1592=EDGE_LOOP('',(#7929,#7930,#7931,#7932,#7933,#7934,#7935,#7936));
#1593=EDGE_LOOP('',(#7937,#7938,#7939,#7940,#7941,#7942,#7943,#7944));
#1594=EDGE_LOOP('',(#7945,#7946,#7947,#7948,#7949,#7950,#7951,#7952,#7953,
#7954,#7955,#7956));
#1595=EDGE_LOOP('',(#7957,#7958,#7959,#7960));
#1596=EDGE_LOOP('',(#7961,#7962,#7963,#7964));
#1597=EDGE_LOOP('',(#7965,#7966,#7967,#7968));
#1598=EDGE_LOOP('',(#7969,#7970,#7971,#7972,#7973,#7974,#7975,#7976,#7977,
#7978,#7979,#7980));
#1599=EDGE_LOOP('',(#7981,#7982,#7983,#7984,#7985,#7986,#7987,#7988));
#1600=EDGE_LOOP('',(#7989,#7990,#7991,#7992,#7993,#7994,#7995,#7996));
#1601=EDGE_LOOP('',(#7997,#7998,#7999,#8000,#8001,#8002,#8003,#8004,#8005,
#8006,#8007,#8008));
#1602=EDGE_LOOP('',(#8009,#8010,#8011,#8012));
#1603=EDGE_LOOP('',(#8013,#8014,#8015));
#1604=EDGE_LOOP('',(#8016));
#1605=EDGE_LOOP('',(#8017,#8018,#8019));
#1606=EDGE_LOOP('',(#8020));
#1607=EDGE_LOOP('',(#8021,#8022,#8023,#8024));
#1608=EDGE_LOOP('',(#8025));
#1609=EDGE_LOOP('',(#8026));
#1610=EDGE_LOOP('',(#8027,#8028,#8029,#8030));
#1611=EDGE_LOOP('',(#8031,#8032,#8033,#8034));
#1612=EDGE_LOOP('',(#8035,#8036,#8037,#8038));
#1613=EDGE_LOOP('',(#8039,#8040,#8041,#8042));
#1614=EDGE_LOOP('',(#8043,#8044,#8045,#8046));
#1615=EDGE_LOOP('',(#8047,#8048,#8049,#8050));
#1616=EDGE_LOOP('',(#8051,#8052,#8053,#8054));
#1617=EDGE_LOOP('',(#8055,#8056,#8057,#8058));
#1618=EDGE_LOOP('',(#8059,#8060,#8061,#8062));
#1619=EDGE_LOOP('',(#8063,#8064,#8065,#8066));
#1620=EDGE_LOOP('',(#8067,#8068,#8069,#8070,#8071,#8072,#8073,#8074));
#1621=EDGE_LOOP('',(#8075,#8076,#8077,#8078));
#1622=EDGE_LOOP('',(#8079,#8080,#8081,#8082));
#1623=EDGE_LOOP('',(#8083,#8084,#8085,#8086));
#1624=EDGE_LOOP('',(#8087));
#1625=EDGE_LOOP('',(#8088,#8089,#8090,#8091));
#1626=EDGE_LOOP('',(#8092,#8093,#8094,#8095));
#1627=EDGE_LOOP('',(#8096,#8097,#8098,#8099,#8100));
#1628=EDGE_LOOP('',(#8101));
#1629=EDGE_LOOP('',(#8102,#8103,#8104,#8105,#8106));
#1630=EDGE_LOOP('',(#8107,#8108,#8109,#8110));
#1631=EDGE_LOOP('',(#8111,#8112,#8113,#8114,#8115));
#1632=EDGE_LOOP('',(#8116));
#1633=EDGE_LOOP('',(#8117));
#1634=EDGE_LOOP('',(#8118,#8119,#8120,#8121));
#1635=EDGE_LOOP('',(#8122,#8123,#8124,#8125));
#1636=EDGE_LOOP('',(#8126,#8127,#8128,#8129,#8130,#8131));
#1637=EDGE_LOOP('',(#8132,#8133,#8134,#8135,#8136,#8137));
#1638=EDGE_LOOP('',(#8138,#8139));
#1639=EDGE_LOOP('',(#8140));
#1640=EDGE_LOOP('',(#8141));
#1641=EDGE_LOOP('',(#8142));
#1642=EDGE_LOOP('',(#8143));
#1643=EDGE_LOOP('',(#8144));
#1644=EDGE_LOOP('',(#8145));
#1645=EDGE_LOOP('',(#8146));
#1646=EDGE_LOOP('',(#8147));
#1647=EDGE_LOOP('',(#8148));
#1648=EDGE_LOOP('',(#8149));
#1649=EDGE_LOOP('',(#8150));
#1650=EDGE_LOOP('',(#8151,#8152,#8153,#8154));
#1651=EDGE_LOOP('',(#8155,#8156,#8157,#8158,#8159,#8160,#8161,#8162));
#1652=EDGE_LOOP('',(#8163,#8164,#8165,#8166));
#1653=EDGE_LOOP('',(#8167,#8168,#8169,#8170,#8171,#8172,#8173,#8174));
#1654=EDGE_LOOP('',(#8175,#8176,#8177,#8178));
#1655=LINE('',#12137,#2521);
#1656=LINE('',#12143,#2522);
#1657=LINE('',#12149,#2523);
#1658=LINE('',#12155,#2524);
#1659=LINE('',#12161,#2525);
#1660=LINE('',#12167,#2526);
#1661=LINE('',#12175,#2527);
#1662=LINE('',#12185,#2528);
#1663=LINE('',#12194,#2529);
#1664=LINE('',#12198,#2530);
#1665=LINE('',#12200,#2531);
#1666=LINE('',#12205,#2532);
#1667=LINE('',#12209,#2533);
#1668=LINE('',#12213,#2534);
#1669=LINE('',#12219,#2535);
#1670=LINE('',#12225,#2536);
#1671=LINE('',#12230,#2537);
#1672=LINE('',#12232,#2538);
#1673=LINE('',#12234,#2539);
#1674=LINE('',#12235,#2540);
#1675=LINE('',#12239,#2541);
#1676=LINE('',#12240,#2542);
#1677=LINE('',#12243,#2543);
#1678=LINE('',#12244,#2544);
#1679=LINE('',#12247,#2545);
#1680=LINE('',#12248,#2546);
#1681=LINE('',#12251,#2547);
#1682=LINE('',#12252,#2548);
#1683=LINE('',#12254,#2549);
#1684=LINE('',#12255,#2550);
#1685=LINE('',#12257,#2551);
#1686=LINE('',#12259,#2552);
#1687=LINE('',#12264,#2553);
#1688=LINE('',#12265,#2554);
#1689=LINE('',#12272,#2555);
#1690=LINE('',#12273,#2556);
#1691=LINE('',#12281,#2557);
#1692=LINE('',#12287,#2558);
#1693=LINE('',#12293,#2559);
#1694=LINE('',#12299,#2560);
#1695=LINE('',#12305,#2561);
#1696=LINE('',#12311,#2562);
#1697=LINE('',#12317,#2563);
#1698=LINE('',#12369,#2564);
#1699=LINE('',#12375,#2565);
#1700=LINE('',#12382,#2566);
#1701=LINE('',#12387,#2567);
#1702=LINE('',#12391,#2568);
#1703=LINE('',#12397,#2569);
#1704=LINE('',#12449,#2570);
#1705=LINE('',#12455,#2571);
#1706=LINE('',#12462,#2572);
#1707=LINE('',#12467,#2573);
#1708=LINE('',#12471,#2574);
#1709=LINE('',#12477,#2575);
#1710=LINE('',#12481,#2576);
#1711=LINE('',#12485,#2577);
#1712=LINE('',#12491,#2578);
#1713=LINE('',#12495,#2579);
#1714=LINE('',#12499,#2580);
#1715=LINE('',#12505,#2581);
#1716=LINE('',#12509,#2582);
#1717=LINE('',#12513,#2583);
#1718=LINE('',#12519,#2584);
#1719=LINE('',#12523,#2585);
#1720=LINE('',#12527,#2586);
#1721=LINE('',#12534,#2587);
#1722=LINE('',#12537,#2588);
#1723=LINE('',#12542,#2589);
#1724=LINE('',#12545,#2590);
#1725=LINE('',#12551,#2591);
#1726=LINE('',#12553,#2592);
#1727=LINE('',#12555,#2593);
#1728=LINE('',#12556,#2594);
#1729=LINE('',#12560,#2595);
#1730=LINE('',#12562,#2596);
#1731=LINE('',#12564,#2597);
#1732=LINE('',#12565,#2598);
#1733=LINE('',#12569,#2599);
#1734=LINE('',#12571,#2600);
#1735=LINE('',#12573,#2601);
#1736=LINE('',#12574,#2602);
#1737=LINE('',#12577,#2603);
#1738=LINE('',#12579,#2604);
#1739=LINE('',#12581,#2605);
#1740=LINE('',#12582,#2606);
#1741=LINE('',#12586,#2607);
#1742=LINE('',#12588,#2608);
#1743=LINE('',#12590,#2609);
#1744=LINE('',#12591,#2610);
#1745=LINE('',#12594,#2611);
#1746=LINE('',#12596,#2612);
#1747=LINE('',#12598,#2613);
#1748=LINE('',#12599,#2614);
#1749=LINE('',#12602,#2615);
#1750=LINE('',#12604,#2616);
#1751=LINE('',#12606,#2617);
#1752=LINE('',#12608,#2618);
#1753=LINE('',#12609,#2619);
#1754=LINE('',#12612,#2620);
#1755=LINE('',#12614,#2621);
#1756=LINE('',#12616,#2622);
#1757=LINE('',#12618,#2623);
#1758=LINE('',#12619,#2624);
#1759=LINE('',#12623,#2625);
#1760=LINE('',#12625,#2626);
#1761=LINE('',#12627,#2627);
#1762=LINE('',#12628,#2628);
#1763=LINE('',#12633,#2629);
#1764=LINE('',#12635,#2630);
#1765=LINE('',#12637,#2631);
#1766=LINE('',#12638,#2632);
#1767=LINE('',#12643,#2633);
#1768=LINE('',#12645,#2634);
#1769=LINE('',#12647,#2635);
#1770=LINE('',#12648,#2636);
#1771=LINE('',#12652,#2637);
#1772=LINE('',#12654,#2638);
#1773=LINE('',#12656,#2639);
#1774=LINE('',#12657,#2640);
#1775=LINE('',#12660,#2641);
#1776=LINE('',#12661,#2642);
#1777=LINE('',#12664,#2643);
#1778=LINE('',#12665,#2644);
#1779=LINE('',#12669,#2645);
#1780=LINE('',#12673,#2646);
#1781=LINE('',#12677,#2647);
#1782=LINE('',#12681,#2648);
#1783=LINE('',#12685,#2649);
#1784=LINE('',#12687,#2650);
#1785=LINE('',#12688,#2651);
#1786=LINE('',#12690,#2652);
#1787=LINE('',#12692,#2653);
#1788=LINE('',#12693,#2654);
#1789=LINE('',#12695,#2655);
#1790=LINE('',#12696,#2656);
#1791=LINE('',#12697,#2657);
#1792=LINE('',#12698,#2658);
#1793=LINE('',#12701,#2659);
#1794=LINE('',#12703,#2660);
#1795=LINE('',#12704,#2661);
#1796=LINE('',#12706,#2662);
#1797=LINE('',#12708,#2663);
#1798=LINE('',#12709,#2664);
#1799=LINE('',#12711,#2665);
#1800=LINE('',#12712,#2666);
#1801=LINE('',#12713,#2667);
#1802=LINE('',#12714,#2668);
#1803=LINE('',#12722,#2669);
#1804=LINE('',#12723,#2670);
#1805=LINE('',#12725,#2671);
#1806=LINE('',#12727,#2672);
#1807=LINE('',#12731,#2673);
#1808=LINE('',#12732,#2674);
#1809=LINE('',#12734,#2675);
#1810=LINE('',#12735,#2676);
#1811=LINE('',#12738,#2677);
#1812=LINE('',#12740,#2678);
#1813=LINE('',#12741,#2679);
#1814=LINE('',#12743,#2680);
#1815=LINE('',#12745,#2681);
#1816=LINE('',#12746,#2682);
#1817=LINE('',#12748,#2683);
#1818=LINE('',#12750,#2684);
#1819=LINE('',#12752,#2685);
#1820=LINE('',#12753,#2686);
#1821=LINE('',#12755,#2687);
#1822=LINE('',#12756,#2688);
#1823=LINE('',#12765,#2689);
#1824=LINE('',#12767,#2690);
#1825=LINE('',#12769,#2691);
#1826=LINE('',#12771,#2692);
#1827=LINE('',#12772,#2693);
#1828=LINE('',#12777,#2694);
#1829=LINE('',#12779,#2695);
#1830=LINE('',#12781,#2696);
#1831=LINE('',#12783,#2697);
#1832=LINE('',#12784,#2698);
#1833=LINE('',#12787,#2699);
#1834=LINE('',#12789,#2700);
#1835=LINE('',#12790,#2701);
#1836=LINE('',#12793,#2702);
#1837=LINE('',#12794,#2703);
#1838=LINE('',#12797,#2704);
#1839=LINE('',#12798,#2705);
#1840=LINE('',#12801,#2706);
#1841=LINE('',#12803,#2707);
#1842=LINE('',#12804,#2708);
#1843=LINE('',#12807,#2709);
#1844=LINE('',#12808,#2710);
#1845=LINE('',#12811,#2711);
#1846=LINE('',#12812,#2712);
#1847=LINE('',#12814,#2713);
#1848=LINE('',#12816,#2714);
#1849=LINE('',#12818,#2715);
#1850=LINE('',#12820,#2716);
#1851=LINE('',#12824,#2717);
#1852=LINE('',#12826,#2718);
#1853=LINE('',#12827,#2719);
#1854=LINE('',#12830,#2720);
#1855=LINE('',#12831,#2721);
#1856=LINE('',#12834,#2722);
#1857=LINE('',#12835,#2723);
#1858=LINE('',#12838,#2724);
#1859=LINE('',#12840,#2725);
#1860=LINE('',#12841,#2726);
#1861=LINE('',#12844,#2727);
#1862=LINE('',#12845,#2728);
#1863=LINE('',#12848,#2729);
#1864=LINE('',#12849,#2730);
#1865=LINE('',#12851,#2731);
#1866=LINE('',#12853,#2732);
#1867=LINE('',#12855,#2733);
#1868=LINE('',#12857,#2734);
#1869=LINE('',#12860,#2735);
#1870=LINE('',#12861,#2736);
#1871=LINE('',#12863,#2737);
#1872=LINE('',#12865,#2738);
#1873=LINE('',#12868,#2739);
#1874=LINE('',#12869,#2740);
#1875=LINE('',#12871,#2741);
#1876=LINE('',#12873,#2742);
#1877=LINE('',#12883,#2743);
#1878=LINE('',#12889,#2744);
#1879=LINE('',#12895,#2745);
#1880=LINE('',#12902,#2746);
#1881=LINE('',#12905,#2747);
#1882=LINE('',#12910,#2748);
#1883=LINE('',#13051,#2749);
#1884=LINE('',#13056,#2750);
#1885=LINE('',#13063,#2751);
#1886=LINE('',#13068,#2752);
#1887=LINE('',#13074,#2753);
#1888=LINE('',#13080,#2754);
#1889=LINE('',#13086,#2755);
#1890=LINE('',#13092,#2756);
#1891=LINE('',#13096,#2757);
#1892=LINE('',#13102,#2758);
#1893=LINE('',#13108,#2759);
#1894=LINE('',#13112,#2760);
#1895=LINE('',#13118,#2761);
#1896=LINE('',#13124,#2762);
#1897=LINE('',#13129,#2763);
#1898=LINE('',#13133,#2764);
#1899=LINE('',#13135,#2765);
#1900=LINE('',#13178,#2766);
#1901=LINE('',#13181,#2767);
#1902=LINE('',#13184,#2768);
#1903=LINE('',#13189,#2769);
#1904=LINE('',#13195,#2770);
#1905=LINE('',#13201,#2771);
#1906=LINE('',#13207,#2772);
#1907=LINE('',#13213,#2773);
#1908=LINE('',#13219,#2774);
#1909=LINE('',#13225,#2775);
#1910=LINE('',#13231,#2776);
#1911=LINE('',#13237,#2777);
#1912=LINE('',#13243,#2778);
#1913=LINE('',#13249,#2779);
#1914=LINE('',#13255,#2780);
#1915=LINE('',#13262,#2781);
#1916=LINE('',#13265,#2782);
#1917=LINE('',#13271,#2783);
#1918=LINE('',#13274,#2784);
#1919=LINE('',#13279,#2785);
#1920=LINE('',#13282,#2786);
#1921=LINE('',#13288,#2787);
#1922=LINE('',#13292,#2788);
#1923=LINE('',#13298,#2789);
#1924=LINE('',#13301,#2790);
#1925=LINE('',#13329,#2791);
#1926=LINE('',#13333,#2792);
#1927=LINE('',#13339,#2793);
#1928=LINE('',#13342,#2794);
#1929=LINE('',#13370,#2795);
#1930=LINE('',#13374,#2796);
#1931=LINE('',#13376,#2797);
#1932=LINE('',#13378,#2798);
#1933=LINE('',#13380,#2799);
#1934=LINE('',#13384,#2800);
#1935=LINE('',#13386,#2801);
#1936=LINE('',#13388,#2802);
#1937=LINE('',#13390,#2803);
#1938=LINE('',#13394,#2804);
#1939=LINE('',#13396,#2805);
#1940=LINE('',#13397,#2806);
#1941=LINE('',#13402,#2807);
#1942=LINE('',#13404,#2808);
#1943=LINE('',#13405,#2809);
#1944=LINE('',#13408,#2810);
#1945=LINE('',#13410,#2811);
#1946=LINE('',#13412,#2812);
#1947=LINE('',#13414,#2813);
#1948=LINE('',#13415,#2814);
#1949=LINE('',#13418,#2815);
#1950=LINE('',#13419,#2816);
#1951=LINE('',#13421,#2817);
#1952=LINE('',#13422,#2818);
#1953=LINE('',#13425,#2819);
#1954=LINE('',#13427,#2820);
#1955=LINE('',#13429,#2821);
#1956=LINE('',#13431,#2822);
#1957=LINE('',#13433,#2823);
#1958=LINE('',#13437,#2824);
#1959=LINE('',#13439,#2825);
#1960=LINE('',#13441,#2826);
#1961=LINE('',#13443,#2827);
#1962=LINE('',#13447,#2828);
#1963=LINE('',#13449,#2829);
#1964=LINE('',#13450,#2830);
#1965=LINE('',#13453,#2831);
#1966=LINE('',#13455,#2832);
#1967=LINE('',#13457,#2833);
#1968=LINE('',#13461,#2834);
#1969=LINE('',#13463,#2835);
#1970=LINE('',#13465,#2836);
#1971=LINE('',#13466,#2837);
#1972=LINE('',#13468,#2838);
#1973=LINE('',#13470,#2839);
#1974=LINE('',#13471,#2840);
#1975=LINE('',#13473,#2841);
#1976=LINE('',#13484,#2842);
#1977=LINE('',#13497,#2843);
#1978=LINE('',#13499,#2844);
#1979=LINE('',#13501,#2845);
#1980=LINE('',#13503,#2846);
#1981=LINE('',#13505,#2847);
#1982=LINE('',#13507,#2848);
#1983=LINE('',#13509,#2849);
#1984=LINE('',#13511,#2850);
#1985=LINE('',#13513,#2851);
#1986=LINE('',#13515,#2852);
#1987=LINE('',#13517,#2853);
#1988=LINE('',#13519,#2854);
#1989=LINE('',#13521,#2855);
#1990=LINE('',#13523,#2856);
#1991=LINE('',#13525,#2857);
#1992=LINE('',#13527,#2858);
#1993=LINE('',#13529,#2859);
#1994=LINE('',#13530,#2860);
#1995=LINE('',#13532,#2861);
#1996=LINE('',#13534,#2862);
#1997=LINE('',#13536,#2863);
#1998=LINE('',#13538,#2864);
#1999=LINE('',#13540,#2865);
#2000=LINE('',#13542,#2866);
#2001=LINE('',#13544,#2867);
#2002=LINE('',#13546,#2868);
#2003=LINE('',#13548,#2869);
#2004=LINE('',#13550,#2870);
#2005=LINE('',#13552,#2871);
#2006=LINE('',#13554,#2872);
#2007=LINE('',#13556,#2873);
#2008=LINE('',#13558,#2874);
#2009=LINE('',#13560,#2875);
#2010=LINE('',#13562,#2876);
#2011=LINE('',#13564,#2877);
#2012=LINE('',#13566,#2878);
#2013=LINE('',#13568,#2879);
#2014=LINE('',#13570,#2880);
#2015=LINE('',#13571,#2881);
#2016=LINE('',#13573,#2882);
#2017=LINE('',#13575,#2883);
#2018=LINE('',#13576,#2884);
#2019=LINE('',#13582,#2885);
#2020=LINE('',#13583,#2886);
#2021=LINE('',#13584,#2887);
#2022=LINE('',#13585,#2888);
#2023=LINE('',#13586,#2889);
#2024=LINE('',#13589,#2890);
#2025=LINE('',#13591,#2891);
#2026=LINE('',#13592,#2892);
#2027=LINE('',#13593,#2893);
#2028=LINE('',#13594,#2894);
#2029=LINE('',#13598,#2895);
#2030=LINE('',#13602,#2896);
#2031=LINE('',#13603,#2897);
#2032=LINE('',#13608,#2898);
#2033=LINE('',#13610,#2899);
#2034=LINE('',#13613,#2900);
#2035=LINE('',#13619,#2901);
#2036=LINE('',#13625,#2902);
#2037=LINE('',#13632,#2903);
#2038=LINE('',#13636,#2904);
#2039=LINE('',#13640,#2905);
#2040=LINE('',#13644,#2906);
#2041=LINE('',#13646,#2907);
#2042=LINE('',#13648,#2908);
#2043=LINE('',#13650,#2909);
#2044=LINE('',#13651,#2910);
#2045=LINE('',#13657,#2911);
#2046=LINE('',#13659,#2912);
#2047=LINE('',#13661,#2913);
#2048=LINE('',#13663,#2914);
#2049=LINE('',#13665,#2915);
#2050=LINE('',#13669,#2916);
#2051=LINE('',#13673,#2917);
#2052=LINE('',#13676,#2918);
#2053=LINE('',#13682,#2919);
#2054=LINE('',#13686,#2920);
#2055=LINE('',#13690,#2921);
#2056=LINE('',#13694,#2922);
#2057=LINE('',#13696,#2923);
#2058=LINE('',#13698,#2924);
#2059=LINE('',#13700,#2925);
#2060=LINE('',#13701,#2926);
#2061=LINE('',#13707,#2927);
#2062=LINE('',#13709,#2928);
#2063=LINE('',#13711,#2929);
#2064=LINE('',#13713,#2930);
#2065=LINE('',#13715,#2931);
#2066=LINE('',#13719,#2932);
#2067=LINE('',#13723,#2933);
#2068=LINE('',#13726,#2934);
#2069=LINE('',#13732,#2935);
#2070=LINE('',#13736,#2936);
#2071=LINE('',#13740,#2937);
#2072=LINE('',#13744,#2938);
#2073=LINE('',#13746,#2939);
#2074=LINE('',#13748,#2940);
#2075=LINE('',#13750,#2941);
#2076=LINE('',#13751,#2942);
#2077=LINE('',#13757,#2943);
#2078=LINE('',#13759,#2944);
#2079=LINE('',#13761,#2945);
#2080=LINE('',#13763,#2946);
#2081=LINE('',#13765,#2947);
#2082=LINE('',#13769,#2948);
#2083=LINE('',#13773,#2949);
#2084=LINE('',#13776,#2950);
#2085=LINE('',#13780,#2951);
#2086=LINE('',#13782,#2952);
#2087=LINE('',#13786,#2953);
#2088=LINE('',#13789,#2954);
#2089=LINE('',#13793,#2955);
#2090=LINE('',#13795,#2956);
#2091=LINE('',#13799,#2957);
#2092=LINE('',#13802,#2958);
#2093=LINE('',#13805,#2959);
#2094=LINE('',#13807,#2960);
#2095=LINE('',#13809,#2961);
#2096=LINE('',#13811,#2962);
#2097=LINE('',#13813,#2963);
#2098=LINE('',#13815,#2964);
#2099=LINE('',#13817,#2965);
#2100=LINE('',#13819,#2966);
#2101=LINE('',#13821,#2967);
#2102=LINE('',#13823,#2968);
#2103=LINE('',#13825,#2969);
#2104=LINE('',#13827,#2970);
#2105=LINE('',#13829,#2971);
#2106=LINE('',#13831,#2972);
#2107=LINE('',#13833,#2973);
#2108=LINE('',#13835,#2974);
#2109=LINE('',#13839,#2975);
#2110=LINE('',#13841,#2976);
#2111=LINE('',#13842,#2977);
#2112=LINE('',#13844,#2978);
#2113=LINE('',#13846,#2979);
#2114=LINE('',#13848,#2980);
#2115=LINE('',#13850,#2981);
#2116=LINE('',#13852,#2982);
#2117=LINE('',#13854,#2983);
#2118=LINE('',#13856,#2984);
#2119=LINE('',#13858,#2985);
#2120=LINE('',#13860,#2986);
#2121=LINE('',#13862,#2987);
#2122=LINE('',#13864,#2988);
#2123=LINE('',#13866,#2989);
#2124=LINE('',#13868,#2990);
#2125=LINE('',#13870,#2991);
#2126=LINE('',#13872,#2992);
#2127=LINE('',#13874,#2993);
#2128=LINE('',#13878,#2994);
#2129=LINE('',#13880,#2995);
#2130=LINE('',#13881,#2996);
#2131=LINE('',#13884,#2997);
#2132=LINE('',#13886,#2998);
#2133=LINE('',#13888,#2999);
#2134=LINE('',#13889,#3000);
#2135=LINE('',#13892,#3001);
#2136=LINE('',#13894,#3002);
#2137=LINE('',#13896,#3003);
#2138=LINE('',#13897,#3004);
#2139=LINE('',#13899,#3005);
#2140=LINE('',#13901,#3006);
#2141=LINE('',#13903,#3007);
#2142=LINE('',#13905,#3008);
#2143=LINE('',#13909,#3009);
#2144=LINE('',#13913,#3010);
#2145=LINE('',#13915,#3011);
#2146=LINE('',#13916,#3012);
#2147=LINE('',#13917,#3013);
#2148=LINE('',#13918,#3014);
#2149=LINE('',#13919,#3015);
#2150=LINE('',#13920,#3016);
#2151=LINE('',#13921,#3017);
#2152=LINE('',#13922,#3018);
#2153=LINE('',#13923,#3019);
#2154=LINE('',#13924,#3020);
#2155=LINE('',#13925,#3021);
#2156=LINE('',#13927,#3022);
#2157=LINE('',#13928,#3023);
#2158=LINE('',#13930,#3024);
#2159=LINE('',#13932,#3025);
#2160=LINE('',#13934,#3026);
#2161=LINE('',#13938,#3027);
#2162=LINE('',#13942,#3028);
#2163=LINE('',#13944,#3029);
#2164=LINE('',#13945,#3030);
#2165=LINE('',#13946,#3031);
#2166=LINE('',#13947,#3032);
#2167=LINE('',#13948,#3033);
#2168=LINE('',#13949,#3034);
#2169=LINE('',#13953,#3035);
#2170=LINE('',#13957,#3036);
#2171=LINE('',#13959,#3037);
#2172=LINE('',#13961,#3038);
#2173=LINE('',#13965,#3039);
#2174=LINE('',#13966,#3040);
#2175=LINE('',#13970,#3041);
#2176=LINE('',#13974,#3042);
#2177=LINE('',#13976,#3043);
#2178=LINE('',#13979,#3044);
#2179=LINE('',#13981,#3045);
#2180=LINE('',#13983,#3046);
#2181=LINE('',#13987,#3047);
#2182=LINE('',#13994,#3048);
#2183=LINE('',#13997,#3049);
#2184=LINE('',#14004,#3050);
#2185=LINE('',#14007,#3051);
#2186=LINE('',#14009,#3052);
#2187=LINE('',#14017,#3053);
#2188=LINE('',#14024,#3054);
#2189=LINE('',#14026,#3055);
#2190=LINE('',#14028,#3056);
#2191=LINE('',#14029,#3057);
#2192=LINE('',#14031,#3058);
#2193=LINE('',#14033,#3059);
#2194=LINE('',#14034,#3060);
#2195=LINE('',#14036,#3061);
#2196=LINE('',#14038,#3062);
#2197=LINE('',#14039,#3063);
#2198=LINE('',#14041,#3064);
#2199=LINE('',#14043,#3065);
#2200=LINE('',#14044,#3066);
#2201=LINE('',#14046,#3067);
#2202=LINE('',#14047,#3068);
#2203=LINE('',#14050,#3069);
#2204=LINE('',#14052,#3070);
#2205=LINE('',#14055,#3071);
#2206=LINE('',#14056,#3072);
#2207=LINE('',#14059,#3073);
#2208=LINE('',#14061,#3074);
#2209=LINE('',#14065,#3075);
#2210=LINE('',#14068,#3076);
#2211=LINE('',#14070,#3077);
#2212=LINE('',#14072,#3078);
#2213=LINE('',#14076,#3079);
#2214=LINE('',#14077,#3080);
#2215=LINE('',#14080,#3081);
#2216=LINE('',#14083,#3082);
#2217=LINE('',#14084,#3083);
#2218=LINE('',#14085,#3084);
#2219=LINE('',#14087,#3085);
#2220=LINE('',#14089,#3086);
#2221=LINE('',#14092,#3087);
#2222=LINE('',#14093,#3088);
#2223=LINE('',#14095,#3089);
#2224=LINE('',#14096,#3090);
#2225=LINE('',#14098,#3091);
#2226=LINE('',#14099,#3092);
#2227=LINE('',#14101,#3093);
#2228=LINE('',#14102,#3094);
#2229=LINE('',#14106,#3095);
#2230=LINE('',#14107,#3096);
#2231=LINE('',#14109,#3097);
#2232=LINE('',#14111,#3098);
#2233=LINE('',#14113,#3099);
#2234=LINE('',#14115,#3100);
#2235=LINE('',#14118,#3101);
#2236=LINE('',#14122,#3102);
#2237=LINE('',#14125,#3103);
#2238=LINE('',#14127,#3104);
#2239=LINE('',#14129,#3105);
#2240=LINE('',#14131,#3106);
#2241=LINE('',#14133,#3107);
#2242=LINE('',#14135,#3108);
#2243=LINE('',#14138,#3109);
#2244=LINE('',#14139,#3110);
#2245=LINE('',#14141,#3111);
#2246=LINE('',#14143,#3112);
#2247=LINE('',#14146,#3113);
#2248=LINE('',#14147,#3114);
#2249=LINE('',#14149,#3115);
#2250=LINE('',#14151,#3116);
#2251=LINE('',#14154,#3117);
#2252=LINE('',#14156,#3118);
#2253=LINE('',#14158,#3119);
#2254=LINE('',#14160,#3120);
#2255=LINE('',#14169,#3121);
#2256=LINE('',#14171,#3122);
#2257=LINE('',#14173,#3123);
#2258=LINE('',#14175,#3124);
#2259=LINE('',#14185,#3125);
#2260=LINE('',#14187,#3126);
#2261=LINE('',#14188,#3127);
#2262=LINE('',#14191,#3128);
#2263=LINE('',#14192,#3129);
#2264=LINE('',#14195,#3130);
#2265=LINE('',#14196,#3131);
#2266=LINE('',#14198,#3132);
#2267=LINE('',#14202,#3133);
#2268=LINE('',#14204,#3134);
#2269=LINE('',#14205,#3135);
#2270=LINE('',#14208,#3136);
#2271=LINE('',#14209,#3137);
#2272=LINE('',#14212,#3138);
#2273=LINE('',#14213,#3139);
#2274=LINE('',#14215,#3140);
#2275=LINE('',#14218,#3141);
#2276=LINE('',#14219,#3142);
#2277=LINE('',#14223,#3143);
#2278=LINE('',#14224,#3144);
#2279=LINE('',#14228,#3145);
#2280=LINE('',#14229,#3146);
#2281=LINE('',#14233,#3147);
#2282=LINE('',#14235,#3148);
#2283=LINE('',#14237,#3149);
#2284=LINE('',#14239,#3150);
#2285=LINE('',#14241,#3151);
#2286=LINE('',#14243,#3152);
#2287=LINE('',#14246,#3153);
#2288=LINE('',#14247,#3154);
#2289=LINE('',#14249,#3155);
#2290=LINE('',#14251,#3156);
#2291=LINE('',#14253,#3157);
#2292=LINE('',#14256,#3158);
#2293=LINE('',#14259,#3159);
#2294=LINE('',#14260,#3160);
#2295=LINE('',#14262,#3161);
#2296=LINE('',#14264,#3162);
#2297=LINE('',#14266,#3163);
#2298=LINE('',#14269,#3164);
#2299=LINE('',#14272,#3165);
#2300=LINE('',#14273,#3166);
#2301=LINE('',#14275,#3167);
#2302=LINE('',#14276,#3168);
#2303=LINE('',#14287,#3169);
#2304=LINE('',#14288,#3170);
#2305=LINE('',#14291,#3171);
#2306=LINE('',#14292,#3172);
#2307=LINE('',#14295,#3173);
#2308=LINE('',#14296,#3174);
#2309=LINE('',#14299,#3175);
#2310=LINE('',#14300,#3176);
#2311=LINE('',#14303,#3177);
#2312=LINE('',#14304,#3178);
#2313=LINE('',#14307,#3179);
#2314=LINE('',#14308,#3180);
#2315=LINE('',#14311,#3181);
#2316=LINE('',#14312,#3182);
#2317=LINE('',#14315,#3183);
#2318=LINE('',#14316,#3184);
#2319=LINE('',#14319,#3185);
#2320=LINE('',#14320,#3186);
#2321=LINE('',#14323,#3187);
#2322=LINE('',#14324,#3188);
#2323=LINE('',#14327,#3189);
#2324=LINE('',#14328,#3190);
#2325=LINE('',#14331,#3191);
#2326=LINE('',#14332,#3192);
#2327=LINE('',#14335,#3193);
#2328=LINE('',#14336,#3194);
#2329=LINE('',#14339,#3195);
#2330=LINE('',#14340,#3196);
#2331=LINE('',#14342,#3197);
#2332=LINE('',#14346,#3198);
#2333=LINE('',#14348,#3199);
#2334=LINE('',#14350,#3200);
#2335=LINE('',#14352,#3201);
#2336=LINE('',#14354,#3202);
#2337=LINE('',#14356,#3203);
#2338=LINE('',#14358,#3204);
#2339=LINE('',#14360,#3205);
#2340=LINE('',#14362,#3206);
#2341=LINE('',#14364,#3207);
#2342=LINE('',#14366,#3208);
#2343=LINE('',#14368,#3209);
#2344=LINE('',#14370,#3210);
#2345=LINE('',#14372,#3211);
#2346=LINE('',#14374,#3212);
#2347=LINE('',#14375,#3213);
#2348=LINE('',#14378,#3214);
#2349=LINE('',#14380,#3215);
#2350=LINE('',#14381,#3216);
#2351=LINE('',#14384,#3217);
#2352=LINE('',#14385,#3218);
#2353=LINE('',#14388,#3219);
#2354=LINE('',#14389,#3220);
#2355=LINE('',#14392,#3221);
#2356=LINE('',#14393,#3222);
#2357=LINE('',#14396,#3223);
#2358=LINE('',#14397,#3224);
#2359=LINE('',#14400,#3225);
#2360=LINE('',#14401,#3226);
#2361=LINE('',#14404,#3227);
#2362=LINE('',#14405,#3228);
#2363=LINE('',#14407,#3229);
#2364=LINE('',#14410,#3230);
#2365=LINE('',#14411,#3231);
#2366=LINE('',#14414,#3232);
#2367=LINE('',#14415,#3233);
#2368=LINE('',#14418,#3234);
#2369=LINE('',#14419,#3235);
#2370=LINE('',#14422,#3236);
#2371=LINE('',#14423,#3237);
#2372=LINE('',#14426,#3238);
#2373=LINE('',#14427,#3239);
#2374=LINE('',#14430,#3240);
#2375=LINE('',#14431,#3241);
#2376=LINE('',#14433,#3242);
#2377=LINE('',#14437,#3243);
#2378=LINE('',#14439,#3244);
#2379=LINE('',#14441,#3245);
#2380=LINE('',#14443,#3246);
#2381=LINE('',#14445,#3247);
#2382=LINE('',#14447,#3248);
#2383=LINE('',#14449,#3249);
#2384=LINE('',#14451,#3250);
#2385=LINE('',#14453,#3251);
#2386=LINE('',#14455,#3252);
#2387=LINE('',#14457,#3253);
#2388=LINE('',#14459,#3254);
#2389=LINE('',#14461,#3255);
#2390=LINE('',#14463,#3256);
#2391=LINE('',#14465,#3257);
#2392=LINE('',#14466,#3258);
#2393=LINE('',#14469,#3259);
#2394=LINE('',#14471,#3260);
#2395=LINE('',#14472,#3261);
#2396=LINE('',#14475,#3262);
#2397=LINE('',#14476,#3263);
#2398=LINE('',#14479,#3264);
#2399=LINE('',#14480,#3265);
#2400=LINE('',#14483,#3266);
#2401=LINE('',#14484,#3267);
#2402=LINE('',#14487,#3268);
#2403=LINE('',#14488,#3269);
#2404=LINE('',#14491,#3270);
#2405=LINE('',#14492,#3271);
#2406=LINE('',#14495,#3272);
#2407=LINE('',#14496,#3273);
#2408=LINE('',#14499,#3274);
#2409=LINE('',#14500,#3275);
#2410=LINE('',#14503,#3276);
#2411=LINE('',#14504,#3277);
#2412=LINE('',#14507,#3278);
#2413=LINE('',#14508,#3279);
#2414=LINE('',#14511,#3280);
#2415=LINE('',#14512,#3281);
#2416=LINE('',#14515,#3282);
#2417=LINE('',#14516,#3283);
#2418=LINE('',#14519,#3284);
#2419=LINE('',#14520,#3285);
#2420=LINE('',#14523,#3286);
#2421=LINE('',#14524,#3287);
#2422=LINE('',#14527,#3288);
#2423=LINE('',#14528,#3289);
#2424=LINE('',#14530,#3290);
#2425=LINE('',#14534,#3291);
#2426=LINE('',#14536,#3292);
#2427=LINE('',#14537,#3293);
#2428=LINE('',#14540,#3294);
#2429=LINE('',#14541,#3295);
#2430=LINE('',#14544,#3296);
#2431=LINE('',#14545,#3297);
#2432=LINE('',#14548,#3298);
#2433=LINE('',#14549,#3299);
#2434=LINE('',#14552,#3300);
#2435=LINE('',#14553,#3301);
#2436=LINE('',#14556,#3302);
#2437=LINE('',#14557,#3303);
#2438=LINE('',#14560,#3304);
#2439=LINE('',#14561,#3305);
#2440=LINE('',#14564,#3306);
#2441=LINE('',#14565,#3307);
#2442=LINE('',#14568,#3308);
#2443=LINE('',#14569,#3309);
#2444=LINE('',#14572,#3310);
#2445=LINE('',#14573,#3311);
#2446=LINE('',#14576,#3312);
#2447=LINE('',#14577,#3313);
#2448=LINE('',#14580,#3314);
#2449=LINE('',#14581,#3315);
#2450=LINE('',#14584,#3316);
#2451=LINE('',#14585,#3317);
#2452=LINE('',#14588,#3318);
#2453=LINE('',#14589,#3319);
#2454=LINE('',#14592,#3320);
#2455=LINE('',#14593,#3321);
#2456=LINE('',#14595,#3322);
#2457=LINE('',#14603,#3323);
#2458=LINE('',#14627,#3324);
#2459=LINE('',#14628,#3325);
#2460=LINE('',#14631,#3326);
#2461=LINE('',#14635,#3327);
#2462=LINE('',#14640,#3328);
#2463=LINE('',#14664,#3329);
#2464=LINE('',#14665,#3330);
#2465=LINE('',#14668,#3331);
#2466=LINE('',#14672,#3332);
#2467=LINE('',#14675,#3333);
#2468=LINE('',#14678,#3334);
#2469=LINE('',#14681,#3335);
#2470=LINE('',#14684,#3336);
#2471=LINE('',#14686,#3337);
#2472=LINE('',#14688,#3338);
#2473=LINE('',#14690,#3339);
#2474=LINE('',#14691,#3340);
#2475=LINE('',#14696,#3341);
#2476=LINE('',#14699,#3342);
#2477=LINE('',#14702,#3343);
#2478=LINE('',#14705,#3344);
#2479=LINE('',#14707,#3345);
#2480=LINE('',#14709,#3346);
#2481=LINE('',#14711,#3347);
#2482=LINE('',#14712,#3348);
#2483=LINE('',#14726,#3349);
#2484=LINE('',#14732,#3350);
#2485=LINE('',#14738,#3351);
#2486=LINE('',#14742,#3352);
#2487=LINE('',#14748,#3353);
#2488=LINE('',#14754,#3354);
#2489=LINE('',#14760,#3355);
#2490=LINE('',#14766,#3356);
#2491=LINE('',#14772,#3357);
#2492=LINE('',#14777,#3358);
#2493=LINE('',#14783,#3359);
#2494=LINE('',#14786,#3360);
#2495=LINE('',#14789,#3361);
#2496=LINE('',#14818,#3362);
#2497=LINE('',#14821,#3363);
#2498=LINE('',#14824,#3364);
#2499=LINE('',#14827,#3365);
#2500=LINE('',#14829,#3366);
#2501=LINE('',#14830,#3367);
#2502=LINE('',#14834,#3368);
#2503=LINE('',#14836,#3369);
#2504=LINE('',#14837,#3370);
#2505=LINE('',#14838,#3371);
#2506=LINE('',#14842,#3372);
#2507=LINE('',#14844,#3373);
#2508=LINE('',#14846,#3374);
#2509=LINE('',#14848,#3375);
#2510=LINE('',#14863,#3376);
#2511=LINE('',#14864,#3377);
#2512=LINE('',#14867,#3378);
#2513=LINE('',#14868,#3379);
#2514=LINE('',#14870,#3380);
#2515=LINE('',#14882,#3381);
#2516=LINE('',#14885,#3382);
#2517=LINE('',#14888,#3383);
#2518=LINE('',#14889,#3384);
#2519=LINE('',#14893,#3385);
#2520=LINE('',#14895,#3386);
#2521=VECTOR('',#9647,17.2);
#2522=VECTOR('',#9654,12.);
#2523=VECTOR('',#9661,9.25);
#2524=VECTOR('',#9668,7.6);
#2525=VECTOR('',#9675,4.5);
#2526=VECTOR('',#9682,3.7);
#2527=VECTOR('',#9691,32.5);
#2528=VECTOR('',#9702,32.5);
#2529=VECTOR('',#9711,1000.);
#2530=VECTOR('',#9714,1000.);
#2531=VECTOR('',#9717,30.8);
#2532=VECTOR('',#9722,29.3);
#2533=VECTOR('',#9725,1000.);
#2534=VECTOR('',#9728,1000.);
#2535=VECTOR('',#9735,12.85);
#2536=VECTOR('',#9742,6.5);
#2537=VECTOR('',#9747,1000.);
#2538=VECTOR('',#9748,1000.);
#2539=VECTOR('',#9749,1000.);
#2540=VECTOR('',#9750,1000.);
#2541=VECTOR('',#9755,1000.);
#2542=VECTOR('',#9756,1000.);
#2543=VECTOR('',#9759,1000.);
#2544=VECTOR('',#9760,1000.);
#2545=VECTOR('',#9763,1000.);
#2546=VECTOR('',#9764,1000.);
#2547=VECTOR('',#9767,1000.);
#2548=VECTOR('',#9768,1000.);
#2549=VECTOR('',#9771,1000.);
#2550=VECTOR('',#9772,1000.);
#2551=VECTOR('',#9775,1000.);
#2552=VECTOR('',#9778,1000.);
#2553=VECTOR('',#9787,1000.);
#2554=VECTOR('',#9788,1000.);
#2555=VECTOR('',#9801,1000.);
#2556=VECTOR('',#9802,1000.);
#2557=VECTOR('',#9813,4.5);
#2558=VECTOR('',#9820,4.65);
#2559=VECTOR('',#9827,5.75);
#2560=VECTOR('',#9834,10.);
#2561=VECTOR('',#9841,12.);
#2562=VECTOR('',#9848,12.);
#2563=VECTOR('',#9855,1.42500000000001);
#2564=VECTOR('',#9874,1.42500000000001);
#2565=VECTOR('',#9881,1.42500000000001);
#2566=VECTOR('',#9888,1.75);
#2567=VECTOR('',#9895,1.75);
#2568=VECTOR('',#9900,1.4435);
#2569=VECTOR('',#9907,1.425);
#2570=VECTOR('',#9926,1.425);
#2571=VECTOR('',#9933,1.425);
#2572=VECTOR('',#9940,1.74999999999999);
#2573=VECTOR('',#9947,1.75);
#2574=VECTOR('',#9952,1.4435);
#2575=VECTOR('',#9959,3.75);
#2576=VECTOR('',#9964,1.425);
#2577=VECTOR('',#9969,4.14999999999999);
#2578=VECTOR('',#9976,3.75);
#2579=VECTOR('',#9981,1.42500000000001);
#2580=VECTOR('',#9986,4.15);
#2581=VECTOR('',#9993,5.975);
#2582=VECTOR('',#9998,4.75000000000001);
#2583=VECTOR('',#10003,4.75);
#2584=VECTOR('',#10010,5.975);
#2585=VECTOR('',#10015,4.75);
#2586=VECTOR('',#10020,4.75);
#2587=VECTOR('',#10027,1000.);
#2588=VECTOR('',#10030,1000.);
#2589=VECTOR('',#10033,1000.);
#2590=VECTOR('',#10036,1000.);
#2591=VECTOR('',#10043,1000.);
#2592=VECTOR('',#10044,1000.);
#2593=VECTOR('',#10045,1000.);
#2594=VECTOR('',#10046,1000.);
#2595=VECTOR('',#10049,1000.);
#2596=VECTOR('',#10050,1000.);
#2597=VECTOR('',#10051,1000.);
#2598=VECTOR('',#10052,1000.);
#2599=VECTOR('',#10055,1000.);
#2600=VECTOR('',#10056,1000.);
#2601=VECTOR('',#10057,1000.);
#2602=VECTOR('',#10058,1000.);
#2603=VECTOR('',#10059,1000.);
#2604=VECTOR('',#10060,1000.);
#2605=VECTOR('',#10061,1000.);
#2606=VECTOR('',#10062,1000.);
#2607=VECTOR('',#10065,1000.);
#2608=VECTOR('',#10066,1000.);
#2609=VECTOR('',#10067,1000.);
#2610=VECTOR('',#10068,1000.);
#2611=VECTOR('',#10069,1000.);
#2612=VECTOR('',#10070,1000.);
#2613=VECTOR('',#10071,1000.);
#2614=VECTOR('',#10072,1000.);
#2615=VECTOR('',#10075,1000.);
#2616=VECTOR('',#10076,1000.);
#2617=VECTOR('',#10077,1000.);
#2618=VECTOR('',#10078,1000.);
#2619=VECTOR('',#10079,1000.);
#2620=VECTOR('',#10082,1000.);
#2621=VECTOR('',#10083,1000.);
#2622=VECTOR('',#10084,1000.);
#2623=VECTOR('',#10085,1000.);
#2624=VECTOR('',#10086,1000.);
#2625=VECTOR('',#10089,1000.);
#2626=VECTOR('',#10090,1000.);
#2627=VECTOR('',#10091,1000.);
#2628=VECTOR('',#10092,1000.);
#2629=VECTOR('',#10097,1000.);
#2630=VECTOR('',#10098,1000.);
#2631=VECTOR('',#10099,1000.);
#2632=VECTOR('',#10100,1000.);
#2633=VECTOR('',#10105,1000.);
#2634=VECTOR('',#10106,1000.);
#2635=VECTOR('',#10107,1000.);
#2636=VECTOR('',#10108,1000.);
#2637=VECTOR('',#10111,1000.);
#2638=VECTOR('',#10112,1000.);
#2639=VECTOR('',#10113,1000.);
#2640=VECTOR('',#10114,1000.);
#2641=VECTOR('',#10117,1000.);
#2642=VECTOR('',#10118,1000.);
#2643=VECTOR('',#10121,1000.);
#2644=VECTOR('',#10122,1000.);
#2645=VECTOR('',#10125,1000.);
#2646=VECTOR('',#10128,1000.);
#2647=VECTOR('',#10131,1000.);
#2648=VECTOR('',#10134,1000.);
#2649=VECTOR('',#10139,1000.);
#2650=VECTOR('',#10140,1000.);
#2651=VECTOR('',#10141,1000.);
#2652=VECTOR('',#10142,1000.);
#2653=VECTOR('',#10143,1000.);
#2654=VECTOR('',#10144,1000.);
#2655=VECTOR('',#10147,1000.);
#2656=VECTOR('',#10148,1000.);
#2657=VECTOR('',#10149,1000.);
#2658=VECTOR('',#10150,1000.);
#2659=VECTOR('',#10153,1000.);
#2660=VECTOR('',#10154,1000.);
#2661=VECTOR('',#10155,1000.);
#2662=VECTOR('',#10156,1000.);
#2663=VECTOR('',#10157,1000.);
#2664=VECTOR('',#10158,1000.);
#2665=VECTOR('',#10161,1000.);
#2666=VECTOR('',#10162,1000.);
#2667=VECTOR('',#10163,1000.);
#2668=VECTOR('',#10164,1000.);
#2669=VECTOR('',#10179,1000.);
#2670=VECTOR('',#10180,1000.);
#2671=VECTOR('',#10183,1000.);
#2672=VECTOR('',#10186,1000.);
#2673=VECTOR('',#10191,1000.);
#2674=VECTOR('',#10192,1000.);
#2675=VECTOR('',#10193,1000.);
#2676=VECTOR('',#10194,1000.);
#2677=VECTOR('',#10197,1000.);
#2678=VECTOR('',#10198,1000.);
#2679=VECTOR('',#10199,1000.);
#2680=VECTOR('',#10200,1000.);
#2681=VECTOR('',#10201,1000.);
#2682=VECTOR('',#10202,1000.);
#2683=VECTOR('',#10205,1000.);
#2684=VECTOR('',#10208,1000.);
#2685=VECTOR('',#10211,1000.);
#2686=VECTOR('',#10212,1000.);
#2687=VECTOR('',#10215,1000.);
#2688=VECTOR('',#10216,1000.);
#2689=VECTOR('',#10231,1000.);
#2690=VECTOR('',#10232,1000.);
#2691=VECTOR('',#10233,1000.);
#2692=VECTOR('',#10234,1000.);
#2693=VECTOR('',#10235,1000.);
#2694=VECTOR('',#10242,1000.);
#2695=VECTOR('',#10243,1000.);
#2696=VECTOR('',#10244,1000.);
#2697=VECTOR('',#10245,1000.);
#2698=VECTOR('',#10246,1000.);
#2699=VECTOR('',#10249,1000.);
#2700=VECTOR('',#10250,1000.);
#2701=VECTOR('',#10251,1000.);
#2702=VECTOR('',#10254,1000.);
#2703=VECTOR('',#10255,1000.);
#2704=VECTOR('',#10258,1000.);
#2705=VECTOR('',#10259,1000.);
#2706=VECTOR('',#10262,1000.);
#2707=VECTOR('',#10263,1000.);
#2708=VECTOR('',#10264,1000.);
#2709=VECTOR('',#10267,1000.);
#2710=VECTOR('',#10268,1000.);
#2711=VECTOR('',#10271,1000.);
#2712=VECTOR('',#10272,1000.);
#2713=VECTOR('',#10275,1000.);
#2714=VECTOR('',#10278,1000.);
#2715=VECTOR('',#10281,1000.);
#2716=VECTOR('',#10284,1000.);
#2717=VECTOR('',#10289,1000.);
#2718=VECTOR('',#10290,1000.);
#2719=VECTOR('',#10291,1000.);
#2720=VECTOR('',#10294,1000.);
#2721=VECTOR('',#10295,1000.);
#2722=VECTOR('',#10298,1000.);
#2723=VECTOR('',#10299,1000.);
#2724=VECTOR('',#10302,1000.);
#2725=VECTOR('',#10303,1000.);
#2726=VECTOR('',#10304,1000.);
#2727=VECTOR('',#10307,1000.);
#2728=VECTOR('',#10308,1000.);
#2729=VECTOR('',#10311,1000.);
#2730=VECTOR('',#10312,1000.);
#2731=VECTOR('',#10315,1000.);
#2732=VECTOR('',#10318,1000.);
#2733=VECTOR('',#10321,1000.);
#2734=VECTOR('',#10324,1000.);
#2735=VECTOR('',#10329,1000.);
#2736=VECTOR('',#10330,1000.);
#2737=VECTOR('',#10333,1000.);
#2738=VECTOR('',#10336,1000.);
#2739=VECTOR('',#10341,1000.);
#2740=VECTOR('',#10342,1000.);
#2741=VECTOR('',#10345,1000.);
#2742=VECTOR('',#10348,1000.);
#2743=VECTOR('',#10363,5.6);
#2744=VECTOR('',#10370,5.6);
#2745=VECTOR('',#10377,9.);
#2746=VECTOR('',#10384,1000.);
#2747=VECTOR('',#10387,1000.);
#2748=VECTOR('',#10392,9.);
#2749=VECTOR('',#10435,2.75);
#2750=VECTOR('',#10442,1.74999999999999);
#2751=VECTOR('',#10449,2.75);
#2752=VECTOR('',#10456,1.74999999999999);
#2753=VECTOR('',#10463,4.1);
#2754=VECTOR('',#10470,4.1);
#2755=VECTOR('',#10477,1.6);
#2756=VECTOR('',#10484,1.75);
#2757=VECTOR('',#10489,1.75);
#2758=VECTOR('',#10496,1.6);
#2759=VECTOR('',#10503,1.75);
#2760=VECTOR('',#10508,1.75);
#2761=VECTOR('',#10515,3.000003847459);
#2762=VECTOR('',#10522,3.00000384745899);
#2763=VECTOR('',#10527,1000.);
#2764=VECTOR('',#10530,1000.);
#2765=VECTOR('',#10531,5.);
#2766=VECTOR('',#10536,5.);
#2767=VECTOR('',#10539,1000.);
#2768=VECTOR('',#10542,1000.);
#2769=VECTOR('',#10547,2.5);
#2770=VECTOR('',#10554,9.6959);
#2771=VECTOR('',#10561,10.5);
#2772=VECTOR('',#10568,2.5);
#2773=VECTOR('',#10575,9.6959);
#2774=VECTOR('',#10582,10.5);
#2775=VECTOR('',#10589,10.6012702315261);
#2776=VECTOR('',#10596,10.1000451884327);
#2777=VECTOR('',#10603,9.000032831326);
#2778=VECTOR('',#10610,10.601270231526);
#2779=VECTOR('',#10617,10.100045188433);
#2780=VECTOR('',#10624,9.000032831326);
#2781=VECTOR('',#10631,1000.);
#2782=VECTOR('',#10634,1000.);
#2783=VECTOR('',#10639,1000.);
#2784=VECTOR('',#10642,1000.);
#2785=VECTOR('',#10645,1000.);
#2786=VECTOR('',#10648,1000.);
#2787=VECTOR('',#10653,1000.);
#2788=VECTOR('',#10658,1000.);
#2789=VECTOR('',#10663,1000.);
#2790=VECTOR('',#10666,1000.);
#2791=VECTOR('',#10679,1000.);
#2792=VECTOR('',#10684,1000.);
#2793=VECTOR('',#10689,1000.);
#2794=VECTOR('',#10692,1000.);
#2795=VECTOR('',#10707,1000.);
#2796=VECTOR('',#10710,1000.);
#2797=VECTOR('',#10711,1000.);
#2798=VECTOR('',#10712,1000.);
#2799=VECTOR('',#10713,1000.);
#2800=VECTOR('',#10716,1000.);
#2801=VECTOR('',#10717,1000.);
#2802=VECTOR('',#10718,1000.);
#2803=VECTOR('',#10719,1000.);
#2804=VECTOR('',#10722,1000.);
#2805=VECTOR('',#10723,1000.);
#2806=VECTOR('',#10724,1000.);
#2807=VECTOR('',#10727,1000.);
#2808=VECTOR('',#10728,1000.);
#2809=VECTOR('',#10729,1000.);
#2810=VECTOR('',#10732,1000.);
#2811=VECTOR('',#10733,1000.);
#2812=VECTOR('',#10734,1000.);
#2813=VECTOR('',#10735,1000.);
#2814=VECTOR('',#10736,1000.);
#2815=VECTOR('',#10739,1000.);
#2816=VECTOR('',#10740,1000.);
#2817=VECTOR('',#10741,1000.);
#2818=VECTOR('',#10742,1000.);
#2819=VECTOR('',#10745,1000.);
#2820=VECTOR('',#10746,1000.);
#2821=VECTOR('',#10747,1000.);
#2822=VECTOR('',#10748,1000.);
#2823=VECTOR('',#10749,1000.);
#2824=VECTOR('',#10752,1000.);
#2825=VECTOR('',#10753,1000.);
#2826=VECTOR('',#10754,1000.);
#2827=VECTOR('',#10755,1000.);
#2828=VECTOR('',#10758,1000.);
#2829=VECTOR('',#10759,1000.);
#2830=VECTOR('',#10760,1000.);
#2831=VECTOR('',#10761,1000.);
#2832=VECTOR('',#10762,1000.);
#2833=VECTOR('',#10763,1000.);
#2834=VECTOR('',#10768,1000.);
#2835=VECTOR('',#10769,1000.);
#2836=VECTOR('',#10770,1000.);
#2837=VECTOR('',#10771,1000.);
#2838=VECTOR('',#10774,1000.);
#2839=VECTOR('',#10775,1000.);
#2840=VECTOR('',#10776,1000.);
#2841=VECTOR('',#10779,1000.);
#2842=VECTOR('',#10784,1000.);
#2843=VECTOR('',#10789,1000.);
#2844=VECTOR('',#10790,1000.);
#2845=VECTOR('',#10791,1000.);
#2846=VECTOR('',#10792,1000.);
#2847=VECTOR('',#10793,1000.);
#2848=VECTOR('',#10794,1000.);
#2849=VECTOR('',#10795,1000.);
#2850=VECTOR('',#10796,1000.);
#2851=VECTOR('',#10797,1000.);
#2852=VECTOR('',#10798,1000.);
#2853=VECTOR('',#10799,1000.);
#2854=VECTOR('',#10800,1000.);
#2855=VECTOR('',#10801,1000.);
#2856=VECTOR('',#10802,1000.);
#2857=VECTOR('',#10803,1000.);
#2858=VECTOR('',#10804,1000.);
#2859=VECTOR('',#10805,1000.);
#2860=VECTOR('',#10806,1000.);
#2861=VECTOR('',#10807,1000.);
#2862=VECTOR('',#10808,1000.);
#2863=VECTOR('',#10809,1000.);
#2864=VECTOR('',#10810,1000.);
#2865=VECTOR('',#10811,1000.);
#2866=VECTOR('',#10812,1000.);
#2867=VECTOR('',#10813,1000.);
#2868=VECTOR('',#10814,1000.);
#2869=VECTOR('',#10815,1000.);
#2870=VECTOR('',#10816,1000.);
#2871=VECTOR('',#10817,1000.);
#2872=VECTOR('',#10818,1000.);
#2873=VECTOR('',#10819,1000.);
#2874=VECTOR('',#10820,1000.);
#2875=VECTOR('',#10821,1000.);
#2876=VECTOR('',#10822,1000.);
#2877=VECTOR('',#10823,1000.);
#2878=VECTOR('',#10824,1000.);
#2879=VECTOR('',#10825,1000.);
#2880=VECTOR('',#10826,1000.);
#2881=VECTOR('',#10827,1000.);
#2882=VECTOR('',#10828,1000.);
#2883=VECTOR('',#10829,1000.);
#2884=VECTOR('',#10830,1000.);
#2885=VECTOR('',#10837,1000.);
#2886=VECTOR('',#10838,1000.);
#2887=VECTOR('',#10839,1000.);
#2888=VECTOR('',#10840,1000.);
#2889=VECTOR('',#10841,1000.);
#2890=VECTOR('',#10844,1000.);
#2891=VECTOR('',#10845,1000.);
#2892=VECTOR('',#10846,1000.);
#2893=VECTOR('',#10847,1000.);
#2894=VECTOR('',#10848,1000.);
#2895=VECTOR('',#10851,1000.);
#2896=VECTOR('',#10854,1000.);
#2897=VECTOR('',#10855,1000.);
#2898=VECTOR('',#10860,1000.);
#2899=VECTOR('',#10861,1000.);
#2900=VECTOR('',#10864,1000.);
#2901=VECTOR('',#10871,1000.);
#2902=VECTOR('',#10878,1000.);
#2903=VECTOR('',#10885,1000.);
#2904=VECTOR('',#10888,1000.);
#2905=VECTOR('',#10891,1000.);
#2906=VECTOR('',#10894,1000.);
#2907=VECTOR('',#10895,1000.);
#2908=VECTOR('',#10896,1000.);
#2909=VECTOR('',#10897,1000.);
#2910=VECTOR('',#10898,1000.);
#2911=VECTOR('',#10903,1000.);
#2912=VECTOR('',#10904,1000.);
#2913=VECTOR('',#10905,1000.);
#2914=VECTOR('',#10906,1000.);
#2915=VECTOR('',#10907,1000.);
#2916=VECTOR('',#10910,1000.);
#2917=VECTOR('',#10913,1000.);
#2918=VECTOR('',#10916,1000.);
#2919=VECTOR('',#10921,1000.);
#2920=VECTOR('',#10924,1000.);
#2921=VECTOR('',#10927,1000.);
#2922=VECTOR('',#10930,1000.);
#2923=VECTOR('',#10931,1000.);
#2924=VECTOR('',#10932,1000.);
#2925=VECTOR('',#10933,1000.);
#2926=VECTOR('',#10934,1000.);
#2927=VECTOR('',#10939,1000.);
#2928=VECTOR('',#10940,1000.);
#2929=VECTOR('',#10941,1000.);
#2930=VECTOR('',#10942,1000.);
#2931=VECTOR('',#10943,1000.);
#2932=VECTOR('',#10946,1000.);
#2933=VECTOR('',#10949,1000.);
#2934=VECTOR('',#10952,1000.);
#2935=VECTOR('',#10957,1000.);
#2936=VECTOR('',#10960,1000.);
#2937=VECTOR('',#10963,1000.);
#2938=VECTOR('',#10966,1000.);
#2939=VECTOR('',#10967,1000.);
#2940=VECTOR('',#10968,1000.);
#2941=VECTOR('',#10969,1000.);
#2942=VECTOR('',#10970,1000.);
#2943=VECTOR('',#10975,1000.);
#2944=VECTOR('',#10976,1000.);
#2945=VECTOR('',#10977,1000.);
#2946=VECTOR('',#10978,1000.);
#2947=VECTOR('',#10979,1000.);
#2948=VECTOR('',#10982,1000.);
#2949=VECTOR('',#10985,1000.);
#2950=VECTOR('',#10988,1000.);
#2951=VECTOR('',#10991,1000.);
#2952=VECTOR('',#10992,1000.);
#2953=VECTOR('',#10995,1000.);
#2954=VECTOR('',#10998,1000.);
#2955=VECTOR('',#11001,1000.);
#2956=VECTOR('',#11002,1000.);
#2957=VECTOR('',#11005,1000.);
#2958=VECTOR('',#11008,1000.);
#2959=VECTOR('',#11011,1000.);
#2960=VECTOR('',#11012,1000.);
#2961=VECTOR('',#11013,1000.);
#2962=VECTOR('',#11014,1000.);
#2963=VECTOR('',#11015,1000.);
#2964=VECTOR('',#11016,1000.);
#2965=VECTOR('',#11017,1000.);
#2966=VECTOR('',#11018,1000.);
#2967=VECTOR('',#11019,1000.);
#2968=VECTOR('',#11020,1000.);
#2969=VECTOR('',#11021,1000.);
#2970=VECTOR('',#11022,1000.);
#2971=VECTOR('',#11023,1000.);
#2972=VECTOR('',#11024,1000.);
#2973=VECTOR('',#11025,1000.);
#2974=VECTOR('',#11026,1000.);
#2975=VECTOR('',#11029,1000.);
#2976=VECTOR('',#11030,1000.);
#2977=VECTOR('',#11031,1000.);
#2978=VECTOR('',#11032,1000.);
#2979=VECTOR('',#11033,1000.);
#2980=VECTOR('',#11034,1000.);
#2981=VECTOR('',#11035,1000.);
#2982=VECTOR('',#11036,1000.);
#2983=VECTOR('',#11037,1000.);
#2984=VECTOR('',#11038,1000.);
#2985=VECTOR('',#11039,1000.);
#2986=VECTOR('',#11040,1000.);
#2987=VECTOR('',#11041,1000.);
#2988=VECTOR('',#11042,1000.);
#2989=VECTOR('',#11043,1000.);
#2990=VECTOR('',#11044,1000.);
#2991=VECTOR('',#11045,1000.);
#2992=VECTOR('',#11046,1000.);
#2993=VECTOR('',#11047,1000.);
#2994=VECTOR('',#11050,1000.);
#2995=VECTOR('',#11051,1000.);
#2996=VECTOR('',#11052,1000.);
#2997=VECTOR('',#11053,1000.);
#2998=VECTOR('',#11054,1000.);
#2999=VECTOR('',#11055,1000.);
#3000=VECTOR('',#11056,1000.);
#3001=VECTOR('',#11057,1000.);
#3002=VECTOR('',#11058,1000.);
#3003=VECTOR('',#11059,1000.);
#3004=VECTOR('',#11060,1000.);
#3005=VECTOR('',#11063,1000.);
#3006=VECTOR('',#11064,1000.);
#3007=VECTOR('',#11065,1000.);
#3008=VECTOR('',#11066,1000.);
#3009=VECTOR('',#11069,1000.);
#3010=VECTOR('',#11072,1000.);
#3011=VECTOR('',#11073,1000.);
#3012=VECTOR('',#11074,1000.);
#3013=VECTOR('',#11075,1000.);
#3014=VECTOR('',#11076,1000.);
#3015=VECTOR('',#11077,1000.);
#3016=VECTOR('',#11078,1000.);
#3017=VECTOR('',#11079,1000.);
#3018=VECTOR('',#11080,1000.);
#3019=VECTOR('',#11081,1000.);
#3020=VECTOR('',#11082,1000.);
#3021=VECTOR('',#11083,1000.);
#3022=VECTOR('',#11086,1000.);
#3023=VECTOR('',#11087,1000.);
#3024=VECTOR('',#11088,1000.);
#3025=VECTOR('',#11089,1000.);
#3026=VECTOR('',#11090,1000.);
#3027=VECTOR('',#11093,1000.);
#3028=VECTOR('',#11096,1000.);
#3029=VECTOR('',#11097,1000.);
#3030=VECTOR('',#11098,1000.);
#3031=VECTOR('',#11099,1000.);
#3032=VECTOR('',#11100,1000.);
#3033=VECTOR('',#11101,1000.);
#3034=VECTOR('',#11102,1000.);
#3035=VECTOR('',#11105,1000.);
#3036=VECTOR('',#11108,1000.);
#3037=VECTOR('',#11109,1000.);
#3038=VECTOR('',#11110,1000.);
#3039=VECTOR('',#11113,1000.);
#3040=VECTOR('',#11114,1000.);
#3041=VECTOR('',#11117,1000.);
#3042=VECTOR('',#11120,1000.);
#3043=VECTOR('',#11121,1000.);
#3044=VECTOR('',#11124,1000.);
#3045=VECTOR('',#11125,1000.);
#3046=VECTOR('',#11126,1000.);
#3047=VECTOR('',#11131,1000.);
#3048=VECTOR('',#11138,1000.);
#3049=VECTOR('',#11141,1000.);
#3050=VECTOR('',#11148,1000.);
#3051=VECTOR('',#11151,1000.);
#3052=VECTOR('',#11152,1000.);
#3053=VECTOR('',#11161,1000.);
#3054=VECTOR('',#11168,1000.);
#3055=VECTOR('',#11171,1000.);
#3056=VECTOR('',#11172,1000.);
#3057=VECTOR('',#11173,1000.);
#3058=VECTOR('',#11176,1000.);
#3059=VECTOR('',#11177,1000.);
#3060=VECTOR('',#11178,1000.);
#3061=VECTOR('',#11181,1000.);
#3062=VECTOR('',#11182,1000.);
#3063=VECTOR('',#11183,1000.);
#3064=VECTOR('',#11186,1000.);
#3065=VECTOR('',#11187,1000.);
#3066=VECTOR('',#11188,1000.);
#3067=VECTOR('',#11191,1000.);
#3068=VECTOR('',#11192,1000.);
#3069=VECTOR('',#11197,1000.);
#3070=VECTOR('',#11200,1000.);
#3071=VECTOR('',#11205,1000.);
#3072=VECTOR('',#11206,1000.);
#3073=VECTOR('',#11211,1000.);
#3074=VECTOR('',#11214,1000.);
#3075=VECTOR('',#11219,1000.);
#3076=VECTOR('',#11222,1000.);
#3077=VECTOR('',#11225,1000.);
#3078=VECTOR('',#11228,1000.);
#3079=VECTOR('',#11235,1000.);
#3080=VECTOR('',#11236,1000.);
#3081=VECTOR('',#11239,1000.);
#3082=VECTOR('',#11242,1000.);
#3083=VECTOR('',#11243,1000.);
#3084=VECTOR('',#11244,1000.);
#3085=VECTOR('',#11247,1000.);
#3086=VECTOR('',#11250,1000.);
#3087=VECTOR('',#11255,1000.);
#3088=VECTOR('',#11256,1000.);
#3089=VECTOR('',#11259,1000.);
#3090=VECTOR('',#11260,1000.);
#3091=VECTOR('',#11263,1000.);
#3092=VECTOR('',#11264,1000.);
#3093=VECTOR('',#11267,1000.);
#3094=VECTOR('',#11268,1000.);
#3095=VECTOR('',#11275,1000.);
#3096=VECTOR('',#11276,1000.);
#3097=VECTOR('',#11279,1000.);
#3098=VECTOR('',#11282,1000.);
#3099=VECTOR('',#11285,1000.);
#3100=VECTOR('',#11288,1000.);
#3101=VECTOR('',#11293,1000.);
#3102=VECTOR('',#11300,1000.);
#3103=VECTOR('',#11305,1000.);
#3104=VECTOR('',#11308,1000.);
#3105=VECTOR('',#11311,1000.);
#3106=VECTOR('',#11314,1000.);
#3107=VECTOR('',#11317,1000.);
#3108=VECTOR('',#11320,1000.);
#3109=VECTOR('',#11325,1000.);
#3110=VECTOR('',#11326,1000.);
#3111=VECTOR('',#11329,1000.);
#3112=VECTOR('',#11332,1000.);
#3113=VECTOR('',#11337,1000.);
#3114=VECTOR('',#11338,1000.);
#3115=VECTOR('',#11341,1000.);
#3116=VECTOR('',#11344,1000.);
#3117=VECTOR('',#11349,1000.);
#3118=VECTOR('',#11352,1000.);
#3119=VECTOR('',#11355,1000.);
#3120=VECTOR('',#11358,1000.);
#3121=VECTOR('',#11375,1000.);
#3122=VECTOR('',#11378,1000.);
#3123=VECTOR('',#11381,1000.);
#3124=VECTOR('',#11384,1000.);
#3125=VECTOR('',#11401,1000.);
#3126=VECTOR('',#11402,1000.);
#3127=VECTOR('',#11403,1000.);
#3128=VECTOR('',#11406,1000.);
#3129=VECTOR('',#11407,1000.);
#3130=VECTOR('',#11410,1000.);
#3131=VECTOR('',#11411,1000.);
#3132=VECTOR('',#11414,1000.);
#3133=VECTOR('',#11419,1000.);
#3134=VECTOR('',#11420,1000.);
#3135=VECTOR('',#11421,1000.);
#3136=VECTOR('',#11424,1000.);
#3137=VECTOR('',#11425,1000.);
#3138=VECTOR('',#11428,1000.);
#3139=VECTOR('',#11429,1000.);
#3140=VECTOR('',#11432,1000.);
#3141=VECTOR('',#11437,1000.);
#3142=VECTOR('',#11438,1000.);
#3143=VECTOR('',#11445,1000.);
#3144=VECTOR('',#11446,1000.);
#3145=VECTOR('',#11453,1000.);
#3146=VECTOR('',#11454,1000.);
#3147=VECTOR('',#11461,1000.);
#3148=VECTOR('',#11464,1000.);
#3149=VECTOR('',#11467,1000.);
#3150=VECTOR('',#11470,1000.);
#3151=VECTOR('',#11473,1000.);
#3152=VECTOR('',#11476,1000.);
#3153=VECTOR('',#11481,1000.);
#3154=VECTOR('',#11482,1000.);
#3155=VECTOR('',#11485,1000.);
#3156=VECTOR('',#11488,1000.);
#3157=VECTOR('',#11491,1000.);
#3158=VECTOR('',#11496,1000.);
#3159=VECTOR('',#11501,1000.);
#3160=VECTOR('',#11502,1000.);
#3161=VECTOR('',#11505,1000.);
#3162=VECTOR('',#11508,1000.);
#3163=VECTOR('',#11511,1000.);
#3164=VECTOR('',#11516,1000.);
#3165=VECTOR('',#11521,1000.);
#3166=VECTOR('',#11522,1000.);
#3167=VECTOR('',#11525,1000.);
#3168=VECTOR('',#11526,1000.);
#3169=VECTOR('',#11545,1000.);
#3170=VECTOR('',#11546,1000.);
#3171=VECTOR('',#11549,1000.);
#3172=VECTOR('',#11550,1000.);
#3173=VECTOR('',#11553,1000.);
#3174=VECTOR('',#11554,1000.);
#3175=VECTOR('',#11557,1000.);
#3176=VECTOR('',#11558,1000.);
#3177=VECTOR('',#11561,1000.);
#3178=VECTOR('',#11562,1000.);
#3179=VECTOR('',#11565,1000.);
#3180=VECTOR('',#11566,1000.);
#3181=VECTOR('',#11569,1000.);
#3182=VECTOR('',#11570,1000.);
#3183=VECTOR('',#11573,1000.);
#3184=VECTOR('',#11574,1000.);
#3185=VECTOR('',#11577,1000.);
#3186=VECTOR('',#11578,1000.);
#3187=VECTOR('',#11581,1000.);
#3188=VECTOR('',#11582,1000.);
#3189=VECTOR('',#11585,1000.);
#3190=VECTOR('',#11586,1000.);
#3191=VECTOR('',#11589,1000.);
#3192=VECTOR('',#11590,1000.);
#3193=VECTOR('',#11593,1000.);
#3194=VECTOR('',#11594,1000.);
#3195=VECTOR('',#11597,1000.);
#3196=VECTOR('',#11598,1000.);
#3197=VECTOR('',#11601,1000.);
#3198=VECTOR('',#11604,1000.);
#3199=VECTOR('',#11605,1000.);
#3200=VECTOR('',#11606,1000.);
#3201=VECTOR('',#11607,1000.);
#3202=VECTOR('',#11608,1000.);
#3203=VECTOR('',#11609,1000.);
#3204=VECTOR('',#11610,1000.);
#3205=VECTOR('',#11611,1000.);
#3206=VECTOR('',#11612,1000.);
#3207=VECTOR('',#11613,1000.);
#3208=VECTOR('',#11614,1000.);
#3209=VECTOR('',#11615,1000.);
#3210=VECTOR('',#11616,1000.);
#3211=VECTOR('',#11617,1000.);
#3212=VECTOR('',#11618,1000.);
#3213=VECTOR('',#11619,1000.);
#3214=VECTOR('',#11622,1000.);
#3215=VECTOR('',#11623,1000.);
#3216=VECTOR('',#11624,1000.);
#3217=VECTOR('',#11627,1000.);
#3218=VECTOR('',#11628,1000.);
#3219=VECTOR('',#11631,1000.);
#3220=VECTOR('',#11632,1000.);
#3221=VECTOR('',#11635,1000.);
#3222=VECTOR('',#11636,1000.);
#3223=VECTOR('',#11639,1000.);
#3224=VECTOR('',#11640,1000.);
#3225=VECTOR('',#11643,1000.);
#3226=VECTOR('',#11644,1000.);
#3227=VECTOR('',#11647,1000.);
#3228=VECTOR('',#11648,1000.);
#3229=VECTOR('',#11651,1000.);
#3230=VECTOR('',#11654,1000.);
#3231=VECTOR('',#11655,1000.);
#3232=VECTOR('',#11658,1000.);
#3233=VECTOR('',#11659,1000.);
#3234=VECTOR('',#11662,1000.);
#3235=VECTOR('',#11663,1000.);
#3236=VECTOR('',#11666,1000.);
#3237=VECTOR('',#11667,1000.);
#3238=VECTOR('',#11670,1000.);
#3239=VECTOR('',#11671,1000.);
#3240=VECTOR('',#11674,1000.);
#3241=VECTOR('',#11675,1000.);
#3242=VECTOR('',#11678,1000.);
#3243=VECTOR('',#11681,1000.);
#3244=VECTOR('',#11682,1000.);
#3245=VECTOR('',#11683,1000.);
#3246=VECTOR('',#11684,1000.);
#3247=VECTOR('',#11685,1000.);
#3248=VECTOR('',#11686,1000.);
#3249=VECTOR('',#11687,1000.);
#3250=VECTOR('',#11688,1000.);
#3251=VECTOR('',#11689,1000.);
#3252=VECTOR('',#11690,1000.);
#3253=VECTOR('',#11691,1000.);
#3254=VECTOR('',#11692,1000.);
#3255=VECTOR('',#11693,1000.);
#3256=VECTOR('',#11694,1000.);
#3257=VECTOR('',#11695,1000.);
#3258=VECTOR('',#11696,1000.);
#3259=VECTOR('',#11699,1000.);
#3260=VECTOR('',#11700,1000.);
#3261=VECTOR('',#11701,1000.);
#3262=VECTOR('',#11704,1000.);
#3263=VECTOR('',#11705,1000.);
#3264=VECTOR('',#11708,1000.);
#3265=VECTOR('',#11709,1000.);
#3266=VECTOR('',#11712,1000.);
#3267=VECTOR('',#11713,1000.);
#3268=VECTOR('',#11716,1000.);
#3269=VECTOR('',#11717,1000.);
#3270=VECTOR('',#11720,1000.);
#3271=VECTOR('',#11721,1000.);
#3272=VECTOR('',#11724,1000.);
#3273=VECTOR('',#11725,1000.);
#3274=VECTOR('',#11728,1000.);
#3275=VECTOR('',#11729,1000.);
#3276=VECTOR('',#11732,1000.);
#3277=VECTOR('',#11733,1000.);
#3278=VECTOR('',#11736,1000.);
#3279=VECTOR('',#11737,1000.);
#3280=VECTOR('',#11740,1000.);
#3281=VECTOR('',#11741,1000.);
#3282=VECTOR('',#11744,1000.);
#3283=VECTOR('',#11745,1000.);
#3284=VECTOR('',#11748,1000.);
#3285=VECTOR('',#11749,1000.);
#3286=VECTOR('',#11752,1000.);
#3287=VECTOR('',#11753,1000.);
#3288=VECTOR('',#11756,1000.);
#3289=VECTOR('',#11757,1000.);
#3290=VECTOR('',#11760,1000.);
#3291=VECTOR('',#11765,1000.);
#3292=VECTOR('',#11766,1000.);
#3293=VECTOR('',#11767,1000.);
#3294=VECTOR('',#11770,1000.);
#3295=VECTOR('',#11771,1000.);
#3296=VECTOR('',#11774,1000.);
#3297=VECTOR('',#11775,1000.);
#3298=VECTOR('',#11778,1000.);
#3299=VECTOR('',#11779,1000.);
#3300=VECTOR('',#11782,1000.);
#3301=VECTOR('',#11783,1000.);
#3302=VECTOR('',#11786,1000.);
#3303=VECTOR('',#11787,1000.);
#3304=VECTOR('',#11790,1000.);
#3305=VECTOR('',#11791,1000.);
#3306=VECTOR('',#11794,1000.);
#3307=VECTOR('',#11795,1000.);
#3308=VECTOR('',#11798,1000.);
#3309=VECTOR('',#11799,1000.);
#3310=VECTOR('',#11802,1000.);
#3311=VECTOR('',#11803,1000.);
#3312=VECTOR('',#11806,1000.);
#3313=VECTOR('',#11807,1000.);
#3314=VECTOR('',#11810,1000.);
#3315=VECTOR('',#11811,1000.);
#3316=VECTOR('',#11814,1000.);
#3317=VECTOR('',#11815,1000.);
#3318=VECTOR('',#11818,1000.);
#3319=VECTOR('',#11819,1000.);
#3320=VECTOR('',#11822,1000.);
#3321=VECTOR('',#11823,1000.);
#3322=VECTOR('',#11826,1000.);
#3323=VECTOR('',#11837,1000.);
#3324=VECTOR('',#11848,1000.);
#3325=VECTOR('',#11849,1000.);
#3326=VECTOR('',#11852,1000.);
#3327=VECTOR('',#11857,1000.);
#3328=VECTOR('',#11862,1000.);
#3329=VECTOR('',#11873,1000.);
#3330=VECTOR('',#11874,1000.);
#3331=VECTOR('',#11877,1000.);
#3332=VECTOR('',#11882,1000.);
#3333=VECTOR('',#11885,1000.);
#3334=VECTOR('',#11888,1000.);
#3335=VECTOR('',#11891,1000.);
#3336=VECTOR('',#11894,1000.);
#3337=VECTOR('',#11897,1000.);
#3338=VECTOR('',#11900,1000.);
#3339=VECTOR('',#11903,1000.);
#3340=VECTOR('',#11904,1000.);
#3341=VECTOR('',#11911,1000.);
#3342=VECTOR('',#11914,1000.);
#3343=VECTOR('',#11917,1000.);
#3344=VECTOR('',#11920,1000.);
#3345=VECTOR('',#11923,1000.);
#3346=VECTOR('',#11926,1000.);
#3347=VECTOR('',#11929,1000.);
#3348=VECTOR('',#11930,1000.);
#3349=VECTOR('',#11953,2.5);
#3350=VECTOR('',#11960,1.35);
#3351=VECTOR('',#11967,4.75);
#3352=VECTOR('',#11972,4.75);
#3353=VECTOR('',#11979,5.9996133917893);
#3354=VECTOR('',#11986,8.75);
#3355=VECTOR('',#11993,9.7);
#3356=VECTOR('',#12000,29.05);
#3357=VECTOR('',#12007,31.2);
#3358=VECTOR('',#12014,31.2);
#3359=VECTOR('',#12019,1000.);
#3360=VECTOR('',#12022,32.4);
#3361=VECTOR('',#12025,1000.);
#3362=VECTOR('',#12040,1000.);
#3363=VECTOR('',#12043,1000.);
#3364=VECTOR('',#12046,1000.);
#3365=VECTOR('',#12049,1000.);
#3366=VECTOR('',#12052,1000.);
#3367=VECTOR('',#12053,1000.);
#3368=VECTOR('',#12056,1000.);
#3369=VECTOR('',#12057,1000.);
#3370=VECTOR('',#12058,1000.);
#3371=VECTOR('',#12059,1000.);
#3372=VECTOR('',#12062,1000.);
#3373=VECTOR('',#12063,1000.);
#3374=VECTOR('',#12064,1000.);
#3375=VECTOR('',#12065,1000.);
#3376=VECTOR('',#12074,1000.);
#3377=VECTOR('',#12075,1000.);
#3378=VECTOR('',#12080,1000.);
#3379=VECTOR('',#12081,1000.);
#3380=VECTOR('',#12084,1000.);
#3381=VECTOR('',#12105,1000.);
#3382=VECTOR('',#12108,1000.);
#3383=VECTOR('',#12111,1000.);
#3384=VECTOR('',#12112,1000.);
#3385=VECTOR('',#12117,1000.);
#3386=VECTOR('',#12120,1000.);
#3387=CIRCLE('',#8829,17.2);
#3388=CIRCLE('',#8830,17.2);
#3389=CIRCLE('',#8832,12.);
#3390=CIRCLE('',#8833,12.);
#3391=CIRCLE('',#8835,9.25);
#3392=CIRCLE('',#8836,9.25);
#3393=CIRCLE('',#8838,7.6);
#3394=CIRCLE('',#8839,7.6);
#3395=CIRCLE('',#8841,4.5);
#3396=CIRCLE('',#8842,4.5);
#3397=CIRCLE('',#8844,3.7);
#3398=CIRCLE('',#8845,3.7);
#3399=CIRCLE('',#8847,32.5);
#3400=CIRCLE('',#8848,32.5);
#3401=CIRCLE('',#8849,32.5);
#3402=CIRCLE('',#8850,32.5);
#3403=CIRCLE('',#8851,32.5);
#3404=CIRCLE('',#8852,32.5);
#3405=CIRCLE('',#8854,30.8);
#3406=CIRCLE('',#8855,30.8);
#3407=CIRCLE('',#8857,30.8);
#3408=CIRCLE('',#8858,30.8);
#3409=CIRCLE('',#8859,30.8);
#3410=CIRCLE('',#8861,29.3);
#3411=CIRCLE('',#8862,29.3);
#3412=CIRCLE('',#8863,29.3);
#3413=CIRCLE('',#8864,29.3);
#3414=CIRCLE('',#8866,12.85);
#3415=CIRCLE('',#8867,12.85);
#3416=CIRCLE('',#8869,6.5);
#3417=CIRCLE('',#8870,6.5);
#3418=CIRCLE('',#8894,4.5);
#3419=CIRCLE('',#8895,4.5);
#3420=CIRCLE('',#8897,4.65);
#3421=CIRCLE('',#8898,4.65);
#3422=CIRCLE('',#8900,5.75);
#3423=CIRCLE('',#8901,5.75);
#3424=CIRCLE('',#8903,10.);
#3425=CIRCLE('',#8904,10.);
#3426=CIRCLE('',#8906,12.);
#3427=CIRCLE('',#8907,12.);
#3428=CIRCLE('',#8909,12.);
#3429=CIRCLE('',#8910,12.);
#3430=CIRCLE('',#8912,4.006706475966);
#3431=CIRCLE('',#8913,1.42500000000001);
#3432=CIRCLE('',#8915,3.93822930884965);
#3433=CIRCLE('',#8916,2.26790000000001);
#3434=CIRCLE('',#8917,3.93822930884965);
#3435=CIRCLE('',#8918,2.00000000000121);
#3436=CIRCLE('',#8919,3.93822930884965);
#3437=CIRCLE('',#8920,2.26790000000001);
#3438=CIRCLE('',#8922,1.42500000000001);
#3439=CIRCLE('',#8924,1.42500000000001);
#3440=CIRCLE('',#8925,1.42500000000001);
#3441=CIRCLE('',#8927,1.75);
#3442=CIRCLE('',#8928,1.4435);
#3443=CIRCLE('',#8929,1.75);
#3444=CIRCLE('',#8931,1.75);
#3445=CIRCLE('',#8933,1.4435);
#3446=CIRCLE('',#8935,4.00670647596599);
#3447=CIRCLE('',#8936,1.425);
#3448=CIRCLE('',#8938,3.93822930884965);
#3449=CIRCLE('',#8939,2.2679);
#3450=CIRCLE('',#8940,3.93822930884965);
#3451=CIRCLE('',#8941,2.00000000000124);
#3452=CIRCLE('',#8942,3.93822930884965);
#3453=CIRCLE('',#8943,2.2679);
#3454=CIRCLE('',#8945,1.425);
#3455=CIRCLE('',#8947,1.425);
#3456=CIRCLE('',#8948,1.425);
#3457=CIRCLE('',#8950,1.74999999999999);
#3458=CIRCLE('',#8951,1.4435);
#3459=CIRCLE('',#8952,1.74999999999999);
#3460=CIRCLE('',#8954,1.74999999999999);
#3461=CIRCLE('',#8956,1.4435);
#3462=CIRCLE('',#8958,3.75);
#3463=CIRCLE('',#8959,3.75);
#3464=CIRCLE('',#8961,4.14999999999999);
#3465=CIRCLE('',#8965,3.75);
#3466=CIRCLE('',#8966,3.75);
#3467=CIRCLE('',#8968,4.15);
#3468=CIRCLE('',#8973,5.975);
#3469=CIRCLE('',#8975,4.75);
#3470=CIRCLE('',#8977,4.75);
#3471=CIRCLE('',#8980,5.975);
#3472=CIRCLE('',#8982,4.75);
#3473=CIRCLE('',#8984,4.75);
#3474=CIRCLE('',#8986,690.000000000025);
#3475=CIRCLE('',#8987,690.000000000025);
#3476=CIRCLE('',#8988,690.000000000025);
#3477=CIRCLE('',#8989,690.000000000025);
#3478=CIRCLE('',#9007,689.400000000041);
#3479=CIRCLE('',#9008,689.400000000041);
#3480=CIRCLE('',#9009,689.400000000041);
#3481=CIRCLE('',#9010,689.400000000041);
#3482=CIRCLE('',#9076,5.6);
#3483=CIRCLE('',#9077,5.6);
#3484=CIRCLE('',#9079,5.6);
#3485=CIRCLE('',#9080,5.6);
#3486=CIRCLE('',#9082,9.);
#3487=CIRCLE('',#9083,9.);
#3488=CIRCLE('',#9085,10.5);
#3489=CIRCLE('',#9086,10.5);
#3490=CIRCLE('',#9088,9.);
#3491=CIRCLE('',#9089,9.);
#3492=CIRCLE('',#9091,2.35);
#3493=CIRCLE('',#9092,2.75);
#3494=CIRCLE('',#9094,2.92171431429142);
#3495=CIRCLE('',#9095,1.99999999999998);
#3496=CIRCLE('',#9096,2.35);
#3497=CIRCLE('',#9097,2.35);
#3498=CIRCLE('',#9098,2.35);
#3499=CIRCLE('',#9100,2.35);
#3500=CIRCLE('',#9101,2.75);
#3501=CIRCLE('',#9103,2.92171431429142);
#3502=CIRCLE('',#9104,1.99999999999998);
#3503=CIRCLE('',#9105,2.35);
#3504=CIRCLE('',#9106,2.35);
#3505=CIRCLE('',#9107,2.35);
#3506=CIRCLE('',#9109,1.74999999999999);
#3507=CIRCLE('',#9110,2.75);
#3508=CIRCLE('',#9111,1.74999999999999);
#3509=CIRCLE('',#9113,1.74999999999999);
#3510=CIRCLE('',#9115,1.74999999999999);
#3511=CIRCLE('',#9116,2.75);
#3512=CIRCLE('',#9117,1.74999999999999);
#3513=CIRCLE('',#9119,1.74999999999999);
#3514=CIRCLE('',#9121,4.1);
#3515=CIRCLE('',#9122,4.1);
#3516=CIRCLE('',#9124,4.1);
#3517=CIRCLE('',#9125,4.1);
#3518=CIRCLE('',#9127,1.6);
#3519=CIRCLE('',#9128,1.6);
#3520=CIRCLE('',#9130,1.75);
#3521=CIRCLE('',#9131,1.75);
#3522=CIRCLE('',#9133,1.924977327052);
#3523=CIRCLE('',#9135,1.6);
#3524=CIRCLE('',#9136,1.6);
#3525=CIRCLE('',#9138,1.75);
#3526=CIRCLE('',#9139,1.75);
#3527=CIRCLE('',#9141,1.924977327052);
#3528=CIRCLE('',#9143,3.000003847459);
#3529=CIRCLE('',#9144,2.82540000000001);
#3530=CIRCLE('',#9146,3.00000384745899);
#3531=CIRCLE('',#9147,2.8254);
#3532=CIRCLE('',#9149,5.);
#3533=CIRCLE('',#9150,5.);
#3534=CIRCLE('',#9152,5.);
#3535=CIRCLE('',#9153,5.);
#3536=CIRCLE('',#9155,2.5);
#3537=CIRCLE('',#9156,9.000032831326);
#3538=CIRCLE('',#9158,10.100045188433);
#3539=CIRCLE('',#9159,9.6959);
#3540=CIRCLE('',#9161,10.5);
#3541=CIRCLE('',#9162,10.601270231526);
#3542=CIRCLE('',#9164,2.5);
#3543=CIRCLE('',#9165,9.000032831326);
#3544=CIRCLE('',#9167,10.1000451884327);
#3545=CIRCLE('',#9168,9.6959);
#3546=CIRCLE('',#9170,10.5);
#3547=CIRCLE('',#9171,10.6012702315261);
#3548=CIRCLE('',#9173,10.5);
#3549=CIRCLE('',#9174,10.6012702315261);
#3550=CIRCLE('',#9176,10.1000451884327);
#3551=CIRCLE('',#9177,9.6959);
#3552=CIRCLE('',#9179,2.5);
#3553=CIRCLE('',#9180,9.000032831326);
#3554=CIRCLE('',#9182,10.5);
#3555=CIRCLE('',#9183,10.601270231526);
#3556=CIRCLE('',#9185,10.100045188433);
#3557=CIRCLE('',#9186,9.6959);
#3558=CIRCLE('',#9188,2.5);
#3559=CIRCLE('',#9189,9.000032831326);
#3560=CIRCLE('',#9191,2.25);
#3561=CIRCLE('',#9192,2.25);
#3562=CIRCLE('',#9194,690.000000000015);
#3563=CIRCLE('',#9195,690.000000000015);
#3564=CIRCLE('',#9196,690.000000000015);
#3565=CIRCLE('',#9197,690.000000000015);
#3566=CIRCLE('',#9199,2.35);
#3567=CIRCLE('',#9200,991.650705487327);
#3568=CIRCLE('',#9201,991.650705457608);
#3569=CIRCLE('',#9203,2.75);
#3570=CIRCLE('',#9204,2.75);
#3571=CIRCLE('',#9206,2.35);
#3572=CIRCLE('',#9208,1.8141016151378);
#3573=CIRCLE('',#9210,2.35);
#3574=CIRCLE('',#9211,991.650705474236);
#3575=CIRCLE('',#9212,991.650705479409);
#3576=CIRCLE('',#9214,2.75);
#3577=CIRCLE('',#9215,2.75);
#3578=CIRCLE('',#9217,2.35);
#3579=CIRCLE('',#9219,1.8141016151378);
#3580=CIRCLE('',#9223,10.5);
#3581=CIRCLE('',#9224,6.29999999999999);
#3582=CIRCLE('',#9225,5.5);
#3583=CIRCLE('',#9226,3.5);
#3584=CIRCLE('',#9230,6.29999999999999);
#3585=CIRCLE('',#9231,5.5);
#3586=CIRCLE('',#9232,3.5);
#3587=CIRCLE('',#9245,3.5);
#3588=CIRCLE('',#9248,3.5);
#3589=CIRCLE('',#9251,689.000000000059);
#3590=CIRCLE('',#9252,689.00000000006);
#3591=CIRCLE('',#9254,689.00000000006);
#3592=CIRCLE('',#9255,689.000000000059);
#3593=CIRCLE('',#9257,0.500000000000958);
#3594=CIRCLE('',#9258,0.500000000000944);
#3595=CIRCLE('',#9259,0.500000000000923);
#3596=CIRCLE('',#9260,0.500000000000944);
#3597=CIRCLE('',#9267,0.500000000000941);
#3598=CIRCLE('',#9268,0.500000000000934);
#3599=CIRCLE('',#9269,0.500000000000937);
#3600=CIRCLE('',#9270,0.500000000000958);
#3601=CIRCLE('',#9277,0.500000000000958);
#3602=CIRCLE('',#9278,0.500000000000944);
#3603=CIRCLE('',#9279,0.500000000000923);
#3604=CIRCLE('',#9280,0.500000000000944);
#3605=CIRCLE('',#9287,13.9999999999985);
#3606=CIRCLE('',#9288,13.9999999999984);
#3607=CIRCLE('',#9290,13.9999999999984);
#3608=CIRCLE('',#9291,13.9999999999985);
#3609=CIRCLE('',#9293,6.29999999999999);
#3610=CIRCLE('',#9294,6.29999999999999);
#3611=CIRCLE('',#9296,13.9999999999984);
#3612=CIRCLE('',#9297,13.9999999999985);
#3613=CIRCLE('',#9299,13.9999999999985);
#3614=CIRCLE('',#9300,13.9999999999984);
#3615=CIRCLE('',#9302,5.5);
#3616=CIRCLE('',#9303,2.25);
#3617=CIRCLE('',#9305,5.5);
#3618=CIRCLE('',#9306,4.00000000000043);
#3619=CIRCLE('',#9307,2.25);
#3620=CIRCLE('',#9309,3.99999999999952);
#3621=CIRCLE('',#9310,684.000000000034);
#3622=CIRCLE('',#9311,3.99999999999936);
#3623=CIRCLE('',#9313,3.99999999999936);
#3624=CIRCLE('',#9314,684.000000000034);
#3625=CIRCLE('',#9315,3.99999999999952);
#3626=CIRCLE('',#9317,3.99999999999936);
#3627=CIRCLE('',#9318,684.000000000034);
#3628=CIRCLE('',#9319,3.99999999999952);
#3629=CIRCLE('',#9321,3.99999999999952);
#3630=CIRCLE('',#9322,684.000000000034);
#3631=CIRCLE('',#9323,3.99999999999936);
#3632=CIRCLE('',#9339,2.25);
#3633=CIRCLE('',#9343,4.00000000000043);
#3634=CIRCLE('',#9346,2.25);
#3635=CIRCLE('',#9523,1.8141016151378);
#3636=CIRCLE('',#9525,2.35);
#3637=CIRCLE('',#9527,2.75);
#3638=CIRCLE('',#9530,991.650705487327);
#3639=CIRCLE('',#9531,991.650705457608);
#3640=CIRCLE('',#9533,1.8141016151378);
#3641=CIRCLE('',#9535,2.35);
#3642=CIRCLE('',#9537,2.75);
#3643=CIRCLE('',#9540,991.650705474236);
#3644=CIRCLE('',#9541,991.650705479409);
#3645=CIRCLE('',#9543,0.599999999999999);
#3646=CIRCLE('',#9545,0.599999999999999);
#3647=CIRCLE('',#9552,0.599999999999999);
#3648=CIRCLE('',#9554,0.599999999999999);
#3649=CIRCLE('',#9562,10.5);
#3650=CIRCLE('',#9568,2.5);
#3651=CIRCLE('',#9569,2.5);
#3652=CIRCLE('',#9571,1.35);
#3653=CIRCLE('',#9572,1.35);
#3654=CIRCLE('',#9574,4.75);
#3655=CIRCLE('',#9575,4.75);
#3656=CIRCLE('',#9577,5.6);
#3657=CIRCLE('',#9579,5.9996133917893);
#3658=CIRCLE('',#9580,7.125);
#3659=CIRCLE('',#9582,8.75);
#3660=CIRCLE('',#9583,8.75);
#3661=CIRCLE('',#9585,9.7);
#3662=CIRCLE('',#9586,9.7);
#3663=CIRCLE('',#9588,29.05);
#3664=CIRCLE('',#9589,29.05);
#3665=CIRCLE('',#9591,31.2);
#3666=CIRCLE('',#9592,31.2);
#3667=CIRCLE('',#9594,32.4);
#3668=CIRCLE('',#9596,32.4000000000022);
#3669=CIRCLE('',#9597,32.4);
#3670=CIRCLE('',#9598,32.4);
#3671=CIRCLE('',#9600,10.3);
#3672=CIRCLE('',#9601,10.620587514471);
#3673=CIRCLE('',#9603,15.);
#3674=CIRCLE('',#9605,27.);
#3675=CIRCLE('',#9606,27.);
#3676=CIRCLE('',#9608,27.5500000000002);
#3677=CIRCLE('',#9612,26.306437051822);
#3678=CIRCLE('',#9614,27.75);
#3679=CIRCLE('',#9622,10.3);
#3680=CIRCLE('',#9629,10.3);
#3681=CIRCLE('',#9632,27.5500000000002);
#3682=VERTEX_POINT('',#12134);
#3683=VERTEX_POINT('',#12136);
#3684=VERTEX_POINT('',#12140);
#3685=VERTEX_POINT('',#12142);
#3686=VERTEX_POINT('',#12146);
#3687=VERTEX_POINT('',#12148);
#3688=VERTEX_POINT('',#12152);
#3689=VERTEX_POINT('',#12154);
#3690=VERTEX_POINT('',#12158);
#3691=VERTEX_POINT('',#12160);
#3692=VERTEX_POINT('',#12164);
#3693=VERTEX_POINT('',#12166);
#3694=VERTEX_POINT('',#12170);
#3695=VERTEX_POINT('',#12171);
#3696=VERTEX_POINT('',#12174);
#3697=VERTEX_POINT('',#12176);
#3698=VERTEX_POINT('',#12178);
#3699=VERTEX_POINT('',#12180);
#3700=VERTEX_POINT('',#12184);
#3701=VERTEX_POINT('',#12186);
#3702=VERTEX_POINT('',#12190);
#3703=VERTEX_POINT('',#12191);
#3704=VERTEX_POINT('',#12193);
#3705=VERTEX_POINT('',#12195);
#3706=VERTEX_POINT('',#12197);
#3707=VERTEX_POINT('',#12202);
#3708=VERTEX_POINT('',#12204);
#3709=VERTEX_POINT('',#12206);
#3710=VERTEX_POINT('',#12208);
#3711=VERTEX_POINT('',#12210);
#3712=VERTEX_POINT('',#12212);
#3713=VERTEX_POINT('',#12216);
#3714=VERTEX_POINT('',#12218);
#3715=VERTEX_POINT('',#12222);
#3716=VERTEX_POINT('',#12224);
#3717=VERTEX_POINT('',#12228);
#3718=VERTEX_POINT('',#12229);
#3719=VERTEX_POINT('',#12231);
#3720=VERTEX_POINT('',#12233);
#3721=VERTEX_POINT('',#12238);
#3722=VERTEX_POINT('',#12242);
#3723=VERTEX_POINT('',#12246);
#3724=VERTEX_POINT('',#12250);
#3725=VERTEX_POINT('',#12278);
#3726=VERTEX_POINT('',#12280);
#3727=VERTEX_POINT('',#12284);
#3728=VERTEX_POINT('',#12286);
#3729=VERTEX_POINT('',#12290);
#3730=VERTEX_POINT('',#12292);
#3731=VERTEX_POINT('',#12296);
#3732=VERTEX_POINT('',#12298);
#3733=VERTEX_POINT('',#12302);
#3734=VERTEX_POINT('',#12304);
#3735=VERTEX_POINT('',#12308);
#3736=VERTEX_POINT('',#12310);
#3737=VERTEX_POINT('',#12314);
#3738=VERTEX_POINT('',#12316);
#3739=VERTEX_POINT('',#12320);
#3740=VERTEX_POINT('',#12321);
#3741=VERTEX_POINT('',#12323);
#3742=VERTEX_POINT('',#12332);
#3743=VERTEX_POINT('',#12334);
#3744=VERTEX_POINT('',#12343);
#3745=VERTEX_POINT('',#12346);
#3746=VERTEX_POINT('',#12348);
#3747=VERTEX_POINT('',#12357);
#3748=VERTEX_POINT('',#12368);
#3749=VERTEX_POINT('',#12372);
#3750=VERTEX_POINT('',#12374);
#3751=VERTEX_POINT('',#12378);
#3752=VERTEX_POINT('',#12379);
#3753=VERTEX_POINT('',#12381);
#3754=VERTEX_POINT('',#12386);
#3755=VERTEX_POINT('',#12390);
#3756=VERTEX_POINT('',#12394);
#3757=VERTEX_POINT('',#12396);
#3758=VERTEX_POINT('',#12400);
#3759=VERTEX_POINT('',#12401);
#3760=VERTEX_POINT('',#12403);
#3761=VERTEX_POINT('',#12412);
#3762=VERTEX_POINT('',#12414);
#3763=VERTEX_POINT('',#12423);
#3764=VERTEX_POINT('',#12426);
#3765=VERTEX_POINT('',#12428);
#3766=VERTEX_POINT('',#12437);
#3767=VERTEX_POINT('',#12448);
#3768=VERTEX_POINT('',#12452);
#3769=VERTEX_POINT('',#12454);
#3770=VERTEX_POINT('',#12458);
#3771=VERTEX_POINT('',#12459);
#3772=VERTEX_POINT('',#12461);
#3773=VERTEX_POINT('',#12466);
#3774=VERTEX_POINT('',#12470);
#3775=VERTEX_POINT('',#12474);
#3776=VERTEX_POINT('',#12476);
#3777=VERTEX_POINT('',#12480);
#3778=VERTEX_POINT('',#12484);
#3779=VERTEX_POINT('',#12488);
#3780=VERTEX_POINT('',#12490);
#3781=VERTEX_POINT('',#12494);
#3782=VERTEX_POINT('',#12498);
#3783=VERTEX_POINT('',#12502);
#3784=VERTEX_POINT('',#12504);
#3785=VERTEX_POINT('',#12508);
#3786=VERTEX_POINT('',#12512);
#3787=VERTEX_POINT('',#12516);
#3788=VERTEX_POINT('',#12518);
#3789=VERTEX_POINT('',#12522);
#3790=VERTEX_POINT('',#12526);
#3791=VERTEX_POINT('',#12530);
#3792=VERTEX_POINT('',#12531);
#3793=VERTEX_POINT('',#12533);
#3794=VERTEX_POINT('',#12535);
#3795=VERTEX_POINT('',#12538);
#3796=VERTEX_POINT('',#12539);
#3797=VERTEX_POINT('',#12541);
#3798=VERTEX_POINT('',#12543);
#3799=VERTEX_POINT('',#12549);
#3800=VERTEX_POINT('',#12550);
#3801=VERTEX_POINT('',#12552);
#3802=VERTEX_POINT('',#12554);
#3803=VERTEX_POINT('',#12558);
#3804=VERTEX_POINT('',#12559);
#3805=VERTEX_POINT('',#12561);
#3806=VERTEX_POINT('',#12563);
#3807=VERTEX_POINT('',#12567);
#3808=VERTEX_POINT('',#12568);
#3809=VERTEX_POINT('',#12570);
#3810=VERTEX_POINT('',#12572);
#3811=VERTEX_POINT('',#12575);
#3812=VERTEX_POINT('',#12576);
#3813=VERTEX_POINT('',#12578);
#3814=VERTEX_POINT('',#12580);
#3815=VERTEX_POINT('',#12584);
#3816=VERTEX_POINT('',#12585);
#3817=VERTEX_POINT('',#12587);
#3818=VERTEX_POINT('',#12589);
#3819=VERTEX_POINT('',#12592);
#3820=VERTEX_POINT('',#12593);
#3821=VERTEX_POINT('',#12595);
#3822=VERTEX_POINT('',#12597);
#3823=VERTEX_POINT('',#12601);
#3824=VERTEX_POINT('',#12603);
#3825=VERTEX_POINT('',#12605);
#3826=VERTEX_POINT('',#12607);
#3827=VERTEX_POINT('',#12611);
#3828=VERTEX_POINT('',#12613);
#3829=VERTEX_POINT('',#12615);
#3830=VERTEX_POINT('',#12617);
#3831=VERTEX_POINT('',#12621);
#3832=VERTEX_POINT('',#12622);
#3833=VERTEX_POINT('',#12624);
#3834=VERTEX_POINT('',#12626);
#3835=VERTEX_POINT('',#12631);
#3836=VERTEX_POINT('',#12632);
#3837=VERTEX_POINT('',#12634);
#3838=VERTEX_POINT('',#12636);
#3839=VERTEX_POINT('',#12641);
#3840=VERTEX_POINT('',#12642);
#3841=VERTEX_POINT('',#12644);
#3842=VERTEX_POINT('',#12646);
#3843=VERTEX_POINT('',#12650);
#3844=VERTEX_POINT('',#12651);
#3845=VERTEX_POINT('',#12653);
#3846=VERTEX_POINT('',#12655);
#3847=VERTEX_POINT('',#12659);
#3848=VERTEX_POINT('',#12663);
#3849=VERTEX_POINT('',#12667);
#3850=VERTEX_POINT('',#12668);
#3851=VERTEX_POINT('',#12670);
#3852=VERTEX_POINT('',#12672);
#3853=VERTEX_POINT('',#12675);
#3854=VERTEX_POINT('',#12676);
#3855=VERTEX_POINT('',#12678);
#3856=VERTEX_POINT('',#12680);
#3857=VERTEX_POINT('',#12684);
#3858=VERTEX_POINT('',#12686);
#3859=VERTEX_POINT('',#12689);
#3860=VERTEX_POINT('',#12691);
#3861=VERTEX_POINT('',#12700);
#3862=VERTEX_POINT('',#12702);
#3863=VERTEX_POINT('',#12705);
#3864=VERTEX_POINT('',#12707);
#3865=VERTEX_POINT('',#12730);
#3866=VERTEX_POINT('',#12733);
#3867=VERTEX_POINT('',#12737);
#3868=VERTEX_POINT('',#12739);
#3869=VERTEX_POINT('',#12742);
#3870=VERTEX_POINT('',#12744);
#3871=VERTEX_POINT('',#12764);
#3872=VERTEX_POINT('',#12766);
#3873=VERTEX_POINT('',#12768);
#3874=VERTEX_POINT('',#12770);
#3875=VERTEX_POINT('',#12776);
#3876=VERTEX_POINT('',#12778);
#3877=VERTEX_POINT('',#12780);
#3878=VERTEX_POINT('',#12782);
#3879=VERTEX_POINT('',#12786);
#3880=VERTEX_POINT('',#12788);
#3881=VERTEX_POINT('',#12792);
#3882=VERTEX_POINT('',#12796);
#3883=VERTEX_POINT('',#12800);
#3884=VERTEX_POINT('',#12802);
#3885=VERTEX_POINT('',#12806);
#3886=VERTEX_POINT('',#12810);
#3887=VERTEX_POINT('',#12823);
#3888=VERTEX_POINT('',#12825);
#3889=VERTEX_POINT('',#12829);
#3890=VERTEX_POINT('',#12833);
#3891=VERTEX_POINT('',#12837);
#3892=VERTEX_POINT('',#12839);
#3893=VERTEX_POINT('',#12843);
#3894=VERTEX_POINT('',#12847);
#3895=VERTEX_POINT('',#12880);
#3896=VERTEX_POINT('',#12882);
#3897=VERTEX_POINT('',#12886);
#3898=VERTEX_POINT('',#12888);
#3899=VERTEX_POINT('',#12892);
#3900=VERTEX_POINT('',#12894);
#3901=VERTEX_POINT('',#12898);
#3902=VERTEX_POINT('',#12899);
#3903=VERTEX_POINT('',#12901);
#3904=VERTEX_POINT('',#12903);
#3905=VERTEX_POINT('',#12907);
#3906=VERTEX_POINT('',#12909);
#3907=VERTEX_POINT('',#12913);
#3908=VERTEX_POINT('',#12914);
#3909=VERTEX_POINT('',#12916);
#3910=VERTEX_POINT('',#12921);
#3911=VERTEX_POINT('',#12928);
#3912=VERTEX_POINT('',#12930);
#3913=VERTEX_POINT('',#12932);
#3914=VERTEX_POINT('',#12934);
#3915=VERTEX_POINT('',#12941);
#3916=VERTEX_POINT('',#12948);
#3917=VERTEX_POINT('',#12955);
#3918=VERTEX_POINT('',#12957);
#3919=VERTEX_POINT('',#12964);
#3920=VERTEX_POINT('',#12971);
#3921=VERTEX_POINT('',#12980);
#3922=VERTEX_POINT('',#12981);
#3923=VERTEX_POINT('',#12983);
#3924=VERTEX_POINT('',#12988);
#3925=VERTEX_POINT('',#12995);
#3926=VERTEX_POINT('',#12997);
#3927=VERTEX_POINT('',#12999);
#3928=VERTEX_POINT('',#13001);
#3929=VERTEX_POINT('',#13008);
#3930=VERTEX_POINT('',#13015);
#3931=VERTEX_POINT('',#13022);
#3932=VERTEX_POINT('',#13024);
#3933=VERTEX_POINT('',#13031);
#3934=VERTEX_POINT('',#13038);
#3935=VERTEX_POINT('',#13047);
#3936=VERTEX_POINT('',#13048);
#3937=VERTEX_POINT('',#13050);
#3938=VERTEX_POINT('',#13055);
#3939=VERTEX_POINT('',#13059);
#3940=VERTEX_POINT('',#13060);
#3941=VERTEX_POINT('',#13062);
#3942=VERTEX_POINT('',#13067);
#3943=VERTEX_POINT('',#13071);
#3944=VERTEX_POINT('',#13073);
#3945=VERTEX_POINT('',#13077);
#3946=VERTEX_POINT('',#13079);
#3947=VERTEX_POINT('',#13083);
#3948=VERTEX_POINT('',#13085);
#3949=VERTEX_POINT('',#13089);
#3950=VERTEX_POINT('',#13091);
#3951=VERTEX_POINT('',#13095);
#3952=VERTEX_POINT('',#13099);
#3953=VERTEX_POINT('',#13101);
#3954=VERTEX_POINT('',#13105);
#3955=VERTEX_POINT('',#13107);
#3956=VERTEX_POINT('',#13111);
#3957=VERTEX_POINT('',#13115);
#3958=VERTEX_POINT('',#13117);
#3959=VERTEX_POINT('',#13121);
#3960=VERTEX_POINT('',#13123);
#3961=VERTEX_POINT('',#13127);
#3962=VERTEX_POINT('',#13128);
#3963=VERTEX_POINT('',#13130);
#3964=VERTEX_POINT('',#13132);
#3965=VERTEX_POINT('',#13134);
#3966=VERTEX_POINT('',#13157);
#3967=VERTEX_POINT('',#13158);
#3968=VERTEX_POINT('',#13177);
#3969=VERTEX_POINT('',#13180);
#3970=VERTEX_POINT('',#13182);
#3971=VERTEX_POINT('',#13186);
#3972=VERTEX_POINT('',#13188);
#3973=VERTEX_POINT('',#13192);
#3974=VERTEX_POINT('',#13194);
#3975=VERTEX_POINT('',#13198);
#3976=VERTEX_POINT('',#13200);
#3977=VERTEX_POINT('',#13204);
#3978=VERTEX_POINT('',#13206);
#3979=VERTEX_POINT('',#13210);
#3980=VERTEX_POINT('',#13212);
#3981=VERTEX_POINT('',#13216);
#3982=VERTEX_POINT('',#13218);
#3983=VERTEX_POINT('',#13222);
#3984=VERTEX_POINT('',#13224);
#3985=VERTEX_POINT('',#13228);
#3986=VERTEX_POINT('',#13230);
#3987=VERTEX_POINT('',#13234);
#3988=VERTEX_POINT('',#13236);
#3989=VERTEX_POINT('',#13240);
#3990=VERTEX_POINT('',#13242);
#3991=VERTEX_POINT('',#13246);
#3992=VERTEX_POINT('',#13248);
#3993=VERTEX_POINT('',#13252);
#3994=VERTEX_POINT('',#13254);
#3995=VERTEX_POINT('',#13258);
#3996=VERTEX_POINT('',#13259);
#3997=VERTEX_POINT('',#13261);
#3998=VERTEX_POINT('',#13263);
#3999=VERTEX_POINT('',#13267);
#4000=VERTEX_POINT('',#13268);
#4001=VERTEX_POINT('',#13270);
#4002=VERTEX_POINT('',#13272);
#4003=VERTEX_POINT('',#13275);
#4004=VERTEX_POINT('',#13276);
#4005=VERTEX_POINT('',#13278);
#4006=VERTEX_POINT('',#13280);
#4007=VERTEX_POINT('',#13284);
#4008=VERTEX_POINT('',#13285);
#4009=VERTEX_POINT('',#13287);
#4010=VERTEX_POINT('',#13290);
#4011=VERTEX_POINT('',#13294);
#4012=VERTEX_POINT('',#13295);
#4013=VERTEX_POINT('',#13297);
#4014=VERTEX_POINT('',#13299);
#4015=VERTEX_POINT('',#13303);
#4016=VERTEX_POINT('',#13304);
#4017=VERTEX_POINT('',#13315);
#4018=VERTEX_POINT('',#13316);
#4019=VERTEX_POINT('',#13325);
#4020=VERTEX_POINT('',#13326);
#4021=VERTEX_POINT('',#13328);
#4022=VERTEX_POINT('',#13331);
#4023=VERTEX_POINT('',#13335);
#4024=VERTEX_POINT('',#13336);
#4025=VERTEX_POINT('',#13338);
#4026=VERTEX_POINT('',#13340);
#4027=VERTEX_POINT('',#13344);
#4028=VERTEX_POINT('',#13345);
#4029=VERTEX_POINT('',#13356);
#4030=VERTEX_POINT('',#13357);
#4031=VERTEX_POINT('',#13368);
#4032=VERTEX_POINT('',#13369);
#4033=VERTEX_POINT('',#13371);
#4034=VERTEX_POINT('',#13373);
#4035=VERTEX_POINT('',#13375);
#4036=VERTEX_POINT('',#13377);
#4037=VERTEX_POINT('',#13379);
#4038=VERTEX_POINT('',#13381);
#4039=VERTEX_POINT('',#13383);
#4040=VERTEX_POINT('',#13385);
#4041=VERTEX_POINT('',#13387);
#4042=VERTEX_POINT('',#13389);
#4043=VERTEX_POINT('',#13391);
#4044=VERTEX_POINT('',#13393);
#4045=VERTEX_POINT('',#13395);
#4046=VERTEX_POINT('',#13398);
#4047=VERTEX_POINT('',#13399);
#4048=VERTEX_POINT('',#13401);
#4049=VERTEX_POINT('',#13403);
#4050=VERTEX_POINT('',#13407);
#4051=VERTEX_POINT('',#13409);
#4052=VERTEX_POINT('',#13411);
#4053=VERTEX_POINT('',#13413);
#4054=VERTEX_POINT('',#13417);
#4055=VERTEX_POINT('',#13420);
#4056=VERTEX_POINT('',#13424);
#4057=VERTEX_POINT('',#13426);
#4058=VERTEX_POINT('',#13428);
#4059=VERTEX_POINT('',#13430);
#4060=VERTEX_POINT('',#13432);
#4061=VERTEX_POINT('',#13434);
#4062=VERTEX_POINT('',#13436);
#4063=VERTEX_POINT('',#13438);
#4064=VERTEX_POINT('',#13440);
#4065=VERTEX_POINT('',#13442);
#4066=VERTEX_POINT('',#13444);
#4067=VERTEX_POINT('',#13446);
#4068=VERTEX_POINT('',#13448);
#4069=VERTEX_POINT('',#13451);
#4070=VERTEX_POINT('',#13452);
#4071=VERTEX_POINT('',#13454);
#4072=VERTEX_POINT('',#13456);
#4073=VERTEX_POINT('',#13460);
#4074=VERTEX_POINT('',#13462);
#4075=VERTEX_POINT('',#13464);
#4076=VERTEX_POINT('',#13469);
#4077=VERTEX_POINT('',#13495);
#4078=VERTEX_POINT('',#13496);
#4079=VERTEX_POINT('',#13498);
#4080=VERTEX_POINT('',#13500);
#4081=VERTEX_POINT('',#13502);
#4082=VERTEX_POINT('',#13504);
#4083=VERTEX_POINT('',#13506);
#4084=VERTEX_POINT('',#13508);
#4085=VERTEX_POINT('',#13510);
#4086=VERTEX_POINT('',#13512);
#4087=VERTEX_POINT('',#13514);
#4088=VERTEX_POINT('',#13516);
#4089=VERTEX_POINT('',#13518);
#4090=VERTEX_POINT('',#13520);
#4091=VERTEX_POINT('',#13522);
#4092=VERTEX_POINT('',#13524);
#4093=VERTEX_POINT('',#13526);
#4094=VERTEX_POINT('',#13528);
#4095=VERTEX_POINT('',#13531);
#4096=VERTEX_POINT('',#13533);
#4097=VERTEX_POINT('',#13535);
#4098=VERTEX_POINT('',#13537);
#4099=VERTEX_POINT('',#13539);
#4100=VERTEX_POINT('',#13541);
#4101=VERTEX_POINT('',#13543);
#4102=VERTEX_POINT('',#13545);
#4103=VERTEX_POINT('',#13547);
#4104=VERTEX_POINT('',#13549);
#4105=VERTEX_POINT('',#13551);
#4106=VERTEX_POINT('',#13553);
#4107=VERTEX_POINT('',#13555);
#4108=VERTEX_POINT('',#13557);
#4109=VERTEX_POINT('',#13559);
#4110=VERTEX_POINT('',#13561);
#4111=VERTEX_POINT('',#13563);
#4112=VERTEX_POINT('',#13565);
#4113=VERTEX_POINT('',#13567);
#4114=VERTEX_POINT('',#13569);
#4115=VERTEX_POINT('',#13572);
#4116=VERTEX_POINT('',#13574);
#4117=VERTEX_POINT('',#13580);
#4118=VERTEX_POINT('',#13581);
#4119=VERTEX_POINT('',#13588);
#4120=VERTEX_POINT('',#13590);
#4121=VERTEX_POINT('',#13596);
#4122=VERTEX_POINT('',#13597);
#4123=VERTEX_POINT('',#13599);
#4124=VERTEX_POINT('',#13601);
#4125=VERTEX_POINT('',#13606);
#4126=VERTEX_POINT('',#13607);
#4127=VERTEX_POINT('',#13609);
#4128=VERTEX_POINT('',#13611);
#4129=VERTEX_POINT('',#13616);
#4130=VERTEX_POINT('',#13618);
#4131=VERTEX_POINT('',#13622);
#4132=VERTEX_POINT('',#13624);
#4133=VERTEX_POINT('',#13628);
#4134=VERTEX_POINT('',#13629);
#4135=VERTEX_POINT('',#13631);
#4136=VERTEX_POINT('',#13633);
#4137=VERTEX_POINT('',#13635);
#4138=VERTEX_POINT('',#13637);
#4139=VERTEX_POINT('',#13639);
#4140=VERTEX_POINT('',#13641);
#4141=VERTEX_POINT('',#13643);
#4142=VERTEX_POINT('',#13645);
#4143=VERTEX_POINT('',#13647);
#4144=VERTEX_POINT('',#13649);
#4145=VERTEX_POINT('',#13653);
#4146=VERTEX_POINT('',#13654);
#4147=VERTEX_POINT('',#13656);
#4148=VERTEX_POINT('',#13658);
#4149=VERTEX_POINT('',#13660);
#4150=VERTEX_POINT('',#13662);
#4151=VERTEX_POINT('',#13664);
#4152=VERTEX_POINT('',#13666);
#4153=VERTEX_POINT('',#13668);
#4154=VERTEX_POINT('',#13670);
#4155=VERTEX_POINT('',#13672);
#4156=VERTEX_POINT('',#13674);
#4157=VERTEX_POINT('',#13678);
#4158=VERTEX_POINT('',#13679);
#4159=VERTEX_POINT('',#13681);
#4160=VERTEX_POINT('',#13683);
#4161=VERTEX_POINT('',#13685);
#4162=VERTEX_POINT('',#13687);
#4163=VERTEX_POINT('',#13689);
#4164=VERTEX_POINT('',#13691);
#4165=VERTEX_POINT('',#13693);
#4166=VERTEX_POINT('',#13695);
#4167=VERTEX_POINT('',#13697);
#4168=VERTEX_POINT('',#13699);
#4169=VERTEX_POINT('',#13703);
#4170=VERTEX_POINT('',#13704);
#4171=VERTEX_POINT('',#13706);
#4172=VERTEX_POINT('',#13708);
#4173=VERTEX_POINT('',#13710);
#4174=VERTEX_POINT('',#13712);
#4175=VERTEX_POINT('',#13714);
#4176=VERTEX_POINT('',#13716);
#4177=VERTEX_POINT('',#13718);
#4178=VERTEX_POINT('',#13720);
#4179=VERTEX_POINT('',#13722);
#4180=VERTEX_POINT('',#13724);
#4181=VERTEX_POINT('',#13728);
#4182=VERTEX_POINT('',#13729);
#4183=VERTEX_POINT('',#13731);
#4184=VERTEX_POINT('',#13733);
#4185=VERTEX_POINT('',#13735);
#4186=VERTEX_POINT('',#13737);
#4187=VERTEX_POINT('',#13739);
#4188=VERTEX_POINT('',#13741);
#4189=VERTEX_POINT('',#13743);
#4190=VERTEX_POINT('',#13745);
#4191=VERTEX_POINT('',#13747);
#4192=VERTEX_POINT('',#13749);
#4193=VERTEX_POINT('',#13753);
#4194=VERTEX_POINT('',#13754);
#4195=VERTEX_POINT('',#13756);
#4196=VERTEX_POINT('',#13758);
#4197=VERTEX_POINT('',#13760);
#4198=VERTEX_POINT('',#13762);
#4199=VERTEX_POINT('',#13764);
#4200=VERTEX_POINT('',#13766);
#4201=VERTEX_POINT('',#13768);
#4202=VERTEX_POINT('',#13770);
#4203=VERTEX_POINT('',#13772);
#4204=VERTEX_POINT('',#13774);
#4205=VERTEX_POINT('',#13778);
#4206=VERTEX_POINT('',#13779);
#4207=VERTEX_POINT('',#13781);
#4208=VERTEX_POINT('',#13783);
#4209=VERTEX_POINT('',#13785);
#4210=VERTEX_POINT('',#13787);
#4211=VERTEX_POINT('',#13791);
#4212=VERTEX_POINT('',#13792);
#4213=VERTEX_POINT('',#13794);
#4214=VERTEX_POINT('',#13796);
#4215=VERTEX_POINT('',#13798);
#4216=VERTEX_POINT('',#13800);
#4217=VERTEX_POINT('',#13804);
#4218=VERTEX_POINT('',#13806);
#4219=VERTEX_POINT('',#13808);
#4220=VERTEX_POINT('',#13810);
#4221=VERTEX_POINT('',#13812);
#4222=VERTEX_POINT('',#13814);
#4223=VERTEX_POINT('',#13816);
#4224=VERTEX_POINT('',#13818);
#4225=VERTEX_POINT('',#13820);
#4226=VERTEX_POINT('',#13822);
#4227=VERTEX_POINT('',#13824);
#4228=VERTEX_POINT('',#13826);
#4229=VERTEX_POINT('',#13828);
#4230=VERTEX_POINT('',#13830);
#4231=VERTEX_POINT('',#13832);
#4232=VERTEX_POINT('',#13834);
#4233=VERTEX_POINT('',#13836);
#4234=VERTEX_POINT('',#13838);
#4235=VERTEX_POINT('',#13840);
#4236=VERTEX_POINT('',#13843);
#4237=VERTEX_POINT('',#13845);
#4238=VERTEX_POINT('',#13847);
#4239=VERTEX_POINT('',#13849);
#4240=VERTEX_POINT('',#13851);
#4241=VERTEX_POINT('',#13853);
#4242=VERTEX_POINT('',#13855);
#4243=VERTEX_POINT('',#13857);
#4244=VERTEX_POINT('',#13859);
#4245=VERTEX_POINT('',#13861);
#4246=VERTEX_POINT('',#13863);
#4247=VERTEX_POINT('',#13865);
#4248=VERTEX_POINT('',#13867);
#4249=VERTEX_POINT('',#13869);
#4250=VERTEX_POINT('',#13871);
#4251=VERTEX_POINT('',#13873);
#4252=VERTEX_POINT('',#13875);
#4253=VERTEX_POINT('',#13877);
#4254=VERTEX_POINT('',#13879);
#4255=VERTEX_POINT('',#13882);
#4256=VERTEX_POINT('',#13883);
#4257=VERTEX_POINT('',#13885);
#4258=VERTEX_POINT('',#13887);
#4259=VERTEX_POINT('',#13890);
#4260=VERTEX_POINT('',#13891);
#4261=VERTEX_POINT('',#13893);
#4262=VERTEX_POINT('',#13895);
#4263=VERTEX_POINT('',#13900);
#4264=VERTEX_POINT('',#13902);
#4265=VERTEX_POINT('',#13904);
#4266=VERTEX_POINT('',#13906);
#4267=VERTEX_POINT('',#13908);
#4268=VERTEX_POINT('',#13910);
#4269=VERTEX_POINT('',#13912);
#4270=VERTEX_POINT('',#13914);
#4271=VERTEX_POINT('',#13929);
#4272=VERTEX_POINT('',#13931);
#4273=VERTEX_POINT('',#13933);
#4274=VERTEX_POINT('',#13935);
#4275=VERTEX_POINT('',#13937);
#4276=VERTEX_POINT('',#13939);
#4277=VERTEX_POINT('',#13941);
#4278=VERTEX_POINT('',#13943);
#4279=VERTEX_POINT('',#13951);
#4280=VERTEX_POINT('',#13952);
#4281=VERTEX_POINT('',#13954);
#4282=VERTEX_POINT('',#13956);
#4283=VERTEX_POINT('',#13958);
#4284=VERTEX_POINT('',#13960);
#4285=VERTEX_POINT('',#13962);
#4286=VERTEX_POINT('',#13964);
#4287=VERTEX_POINT('',#13968);
#4288=VERTEX_POINT('',#13969);
#4289=VERTEX_POINT('',#13971);
#4290=VERTEX_POINT('',#13973);
#4291=VERTEX_POINT('',#13975);
#4292=VERTEX_POINT('',#13977);
#4293=VERTEX_POINT('',#13980);
#4294=VERTEX_POINT('',#13982);
#4295=VERTEX_POINT('',#13986);
#4296=VERTEX_POINT('',#13988);
#4297=VERTEX_POINT('',#13990);
#4298=VERTEX_POINT('',#13992);
#4299=VERTEX_POINT('',#13996);
#4300=VERTEX_POINT('',#13998);
#4301=VERTEX_POINT('',#14000);
#4302=VERTEX_POINT('',#14002);
#4303=VERTEX_POINT('',#14006);
#4304=VERTEX_POINT('',#14008);
#4305=VERTEX_POINT('',#14010);
#4306=VERTEX_POINT('',#14012);
#4307=VERTEX_POINT('',#14016);
#4308=VERTEX_POINT('',#14018);
#4309=VERTEX_POINT('',#14020);
#4310=VERTEX_POINT('',#14022);
#4311=VERTEX_POINT('',#14027);
#4312=VERTEX_POINT('',#14032);
#4313=VERTEX_POINT('',#14037);
#4314=VERTEX_POINT('',#14042);
#4315=VERTEX_POINT('',#14064);
#4316=VERTEX_POINT('',#14066);
#4317=VERTEX_POINT('',#14079);
#4318=VERTEX_POINT('',#14081);
#4319=VERTEX_POINT('',#14184);
#4320=VERTEX_POINT('',#14186);
#4321=VERTEX_POINT('',#14190);
#4322=VERTEX_POINT('',#14194);
#4323=VERTEX_POINT('',#14201);
#4324=VERTEX_POINT('',#14203);
#4325=VERTEX_POINT('',#14207);
#4326=VERTEX_POINT('',#14211);
#4327=VERTEX_POINT('',#14286);
#4328=VERTEX_POINT('',#14290);
#4329=VERTEX_POINT('',#14294);
#4330=VERTEX_POINT('',#14298);
#4331=VERTEX_POINT('',#14302);
#4332=VERTEX_POINT('',#14306);
#4333=VERTEX_POINT('',#14310);
#4334=VERTEX_POINT('',#14314);
#4335=VERTEX_POINT('',#14318);
#4336=VERTEX_POINT('',#14322);
#4337=VERTEX_POINT('',#14326);
#4338=VERTEX_POINT('',#14330);
#4339=VERTEX_POINT('',#14334);
#4340=VERTEX_POINT('',#14338);
#4341=VERTEX_POINT('',#14344);
#4342=VERTEX_POINT('',#14345);
#4343=VERTEX_POINT('',#14347);
#4344=VERTEX_POINT('',#14349);
#4345=VERTEX_POINT('',#14351);
#4346=VERTEX_POINT('',#14353);
#4347=VERTEX_POINT('',#14355);
#4348=VERTEX_POINT('',#14357);
#4349=VERTEX_POINT('',#14359);
#4350=VERTEX_POINT('',#14361);
#4351=VERTEX_POINT('',#14363);
#4352=VERTEX_POINT('',#14365);
#4353=VERTEX_POINT('',#14367);
#4354=VERTEX_POINT('',#14369);
#4355=VERTEX_POINT('',#14371);
#4356=VERTEX_POINT('',#14373);
#4357=VERTEX_POINT('',#14377);
#4358=VERTEX_POINT('',#14379);
#4359=VERTEX_POINT('',#14383);
#4360=VERTEX_POINT('',#14387);
#4361=VERTEX_POINT('',#14391);
#4362=VERTEX_POINT('',#14395);
#4363=VERTEX_POINT('',#14399);
#4364=VERTEX_POINT('',#14403);
#4365=VERTEX_POINT('',#14409);
#4366=VERTEX_POINT('',#14413);
#4367=VERTEX_POINT('',#14417);
#4368=VERTEX_POINT('',#14421);
#4369=VERTEX_POINT('',#14425);
#4370=VERTEX_POINT('',#14429);
#4371=VERTEX_POINT('',#14435);
#4372=VERTEX_POINT('',#14436);
#4373=VERTEX_POINT('',#14438);
#4374=VERTEX_POINT('',#14440);
#4375=VERTEX_POINT('',#14442);
#4376=VERTEX_POINT('',#14444);
#4377=VERTEX_POINT('',#14446);
#4378=VERTEX_POINT('',#14448);
#4379=VERTEX_POINT('',#14450);
#4380=VERTEX_POINT('',#14452);
#4381=VERTEX_POINT('',#14454);
#4382=VERTEX_POINT('',#14456);
#4383=VERTEX_POINT('',#14458);
#4384=VERTEX_POINT('',#14460);
#4385=VERTEX_POINT('',#14462);
#4386=VERTEX_POINT('',#14464);
#4387=VERTEX_POINT('',#14468);
#4388=VERTEX_POINT('',#14470);
#4389=VERTEX_POINT('',#14474);
#4390=VERTEX_POINT('',#14478);
#4391=VERTEX_POINT('',#14482);
#4392=VERTEX_POINT('',#14486);
#4393=VERTEX_POINT('',#14490);
#4394=VERTEX_POINT('',#14494);
#4395=VERTEX_POINT('',#14498);
#4396=VERTEX_POINT('',#14502);
#4397=VERTEX_POINT('',#14506);
#4398=VERTEX_POINT('',#14510);
#4399=VERTEX_POINT('',#14514);
#4400=VERTEX_POINT('',#14518);
#4401=VERTEX_POINT('',#14522);
#4402=VERTEX_POINT('',#14526);
#4403=VERTEX_POINT('',#14533);
#4404=VERTEX_POINT('',#14535);
#4405=VERTEX_POINT('',#14539);
#4406=VERTEX_POINT('',#14543);
#4407=VERTEX_POINT('',#14547);
#4408=VERTEX_POINT('',#14551);
#4409=VERTEX_POINT('',#14555);
#4410=VERTEX_POINT('',#14559);
#4411=VERTEX_POINT('',#14563);
#4412=VERTEX_POINT('',#14567);
#4413=VERTEX_POINT('',#14571);
#4414=VERTEX_POINT('',#14575);
#4415=VERTEX_POINT('',#14579);
#4416=VERTEX_POINT('',#14583);
#4417=VERTEX_POINT('',#14587);
#4418=VERTEX_POINT('',#14591);
#4419=VERTEX_POINT('',#14600);
#4420=VERTEX_POINT('',#14601);
#4421=VERTEX_POINT('',#14605);
#4422=VERTEX_POINT('',#14609);
#4423=VERTEX_POINT('',#14615);
#4424=VERTEX_POINT('',#14616);
#4425=VERTEX_POINT('',#14630);
#4426=VERTEX_POINT('',#14633);
#4427=VERTEX_POINT('',#14637);
#4428=VERTEX_POINT('',#14638);
#4429=VERTEX_POINT('',#14642);
#4430=VERTEX_POINT('',#14646);
#4431=VERTEX_POINT('',#14652);
#4432=VERTEX_POINT('',#14653);
#4433=VERTEX_POINT('',#14667);
#4434=VERTEX_POINT('',#14670);
#4435=VERTEX_POINT('',#14674);
#4436=VERTEX_POINT('',#14676);
#4437=VERTEX_POINT('',#14680);
#4438=VERTEX_POINT('',#14682);
#4439=VERTEX_POINT('',#14695);
#4440=VERTEX_POINT('',#14697);
#4441=VERTEX_POINT('',#14701);
#4442=VERTEX_POINT('',#14703);
#4443=VERTEX_POINT('',#14723);
#4444=VERTEX_POINT('',#14725);
#4445=VERTEX_POINT('',#14729);
#4446=VERTEX_POINT('',#14731);
#4447=VERTEX_POINT('',#14735);
#4448=VERTEX_POINT('',#14737);
#4449=VERTEX_POINT('',#14741);
#4450=VERTEX_POINT('',#14745);
#4451=VERTEX_POINT('',#14747);
#4452=VERTEX_POINT('',#14751);
#4453=VERTEX_POINT('',#14753);
#4454=VERTEX_POINT('',#14757);
#4455=VERTEX_POINT('',#14759);
#4456=VERTEX_POINT('',#14763);
#4457=VERTEX_POINT('',#14765);
#4458=VERTEX_POINT('',#14769);
#4459=VERTEX_POINT('',#14771);
#4460=VERTEX_POINT('',#14775);
#4461=VERTEX_POINT('',#14779);
#4462=VERTEX_POINT('',#14780);
#4463=VERTEX_POINT('',#14782);
#4464=VERTEX_POINT('',#14784);
#4465=VERTEX_POINT('',#14787);
#4466=VERTEX_POINT('',#14791);
#4467=VERTEX_POINT('',#14792);
#4468=VERTEX_POINT('',#14794);
#4469=VERTEX_POINT('',#14798);
#4470=VERTEX_POINT('',#14804);
#4471=VERTEX_POINT('',#14808);
#4472=VERTEX_POINT('',#14814);
#4473=VERTEX_POINT('',#14815);
#4474=VERTEX_POINT('',#14817);
#4475=VERTEX_POINT('',#14819);
#4476=VERTEX_POINT('',#14823);
#4477=VERTEX_POINT('',#14825);
#4478=VERTEX_POINT('',#14832);
#4479=VERTEX_POINT('',#14833);
#4480=VERTEX_POINT('',#14835);
#4481=VERTEX_POINT('',#14840);
#4482=VERTEX_POINT('',#14841);
#4483=VERTEX_POINT('',#14843);
#4484=VERTEX_POINT('',#14845);
#4485=VERTEX_POINT('',#14847);
#4486=VERTEX_POINT('',#14851);
#4487=VERTEX_POINT('',#14856);
#4488=VERTEX_POINT('',#14881);
#4489=VERTEX_POINT('',#14883);
#4490=VERTEX_POINT('',#14887);
#4491=VERTEX_POINT('',#14891);
#4492=EDGE_CURVE('',#3682,#3682,#3387,.T.);
#4493=EDGE_CURVE('',#3682,#3683,#1655,.T.);
#4494=EDGE_CURVE('',#3683,#3683,#3388,.T.);
#4495=EDGE_CURVE('',#3684,#3684,#3389,.T.);
#4496=EDGE_CURVE('',#3684,#3685,#1656,.T.);
#4497=EDGE_CURVE('',#3685,#3685,#3390,.T.);
#4498=EDGE_CURVE('',#3686,#3686,#3391,.T.);
#4499=EDGE_CURVE('',#3686,#3687,#1657,.T.);
#4500=EDGE_CURVE('',#3687,#3687,#3392,.T.);
#4501=EDGE_CURVE('',#3688,#3688,#3393,.T.);
#4502=EDGE_CURVE('',#3688,#3689,#1658,.T.);
#4503=EDGE_CURVE('',#3689,#3689,#3394,.T.);
#4504=EDGE_CURVE('',#3690,#3690,#3395,.T.);
#4505=EDGE_CURVE('',#3690,#3691,#1659,.T.);
#4506=EDGE_CURVE('',#3691,#3691,#3396,.T.);
#4507=EDGE_CURVE('',#3692,#3692,#3397,.T.);
#4508=EDGE_CURVE('',#3692,#3693,#1660,.T.);
#4509=EDGE_CURVE('',#3693,#3693,#3398,.T.);
#4510=EDGE_CURVE('',#3694,#3695,#3399,.T.);
#4511=EDGE_CURVE('',#3695,#3694,#3400,.T.);
#4512=EDGE_CURVE('',#3695,#3696,#1661,.T.);
#4513=EDGE_CURVE('',#3697,#3696,#3401,.T.);
#4514=EDGE_CURVE('',#3698,#3697,#3402,.T.);
#4515=EDGE_CURVE('',#3699,#3698,#3403,.T.);
#4516=EDGE_CURVE('',#3696,#3699,#3404,.T.);
#4517=EDGE_CURVE('',#3694,#3700,#1662,.T.);
#4518=EDGE_CURVE('',#3701,#3700,#3405,.T.);
#4519=EDGE_CURVE('',#3700,#3701,#3406,.T.);
#4520=EDGE_CURVE('',#3702,#3703,#3407,.T.);
#4521=EDGE_CURVE('',#3702,#3704,#1663,.T.);
#4522=EDGE_CURVE('',#3704,#3705,#3408,.T.);
#4523=EDGE_CURVE('',#3706,#3705,#1664,.T.);
#4524=EDGE_CURVE('',#3703,#3706,#3409,.T.);
#4525=EDGE_CURVE('',#3703,#3701,#1665,.T.);
#4526=EDGE_CURVE('',#3707,#3707,#3410,.T.);
#4527=EDGE_CURVE('',#3707,#3708,#1666,.T.);
#4528=EDGE_CURVE('',#3708,#3709,#3411,.T.);
#4529=EDGE_CURVE('',#3710,#3709,#1667,.T.);
#4530=EDGE_CURVE('',#3711,#3710,#3412,.T.);
#4531=EDGE_CURVE('',#3711,#3712,#1668,.T.);
#4532=EDGE_CURVE('',#3712,#3708,#3413,.T.);
#4533=EDGE_CURVE('',#3713,#3713,#3414,.T.);
#4534=EDGE_CURVE('',#3713,#3714,#1669,.T.);
#4535=EDGE_CURVE('',#3714,#3714,#3415,.T.);
#4536=EDGE_CURVE('',#3715,#3715,#3416,.T.);
#4537=EDGE_CURVE('',#3715,#3716,#1670,.T.);
#4538=EDGE_CURVE('',#3716,#3716,#3417,.T.);
#4539=EDGE_CURVE('',#3717,#3718,#1671,.T.);
#4540=EDGE_CURVE('',#3719,#3717,#1672,.T.);
#4541=EDGE_CURVE('',#3720,#3719,#1673,.T.);
#4542=EDGE_CURVE('',#3718,#3720,#1674,.T.);
#4543=EDGE_CURVE('',#3721,#3698,#1675,.T.);
#4544=EDGE_CURVE('',#3697,#3721,#1676,.T.);
#4545=EDGE_CURVE('',#3722,#3697,#1677,.T.);
#4546=EDGE_CURVE('',#3696,#3722,#1678,.T.);
#4547=EDGE_CURVE('',#3723,#3696,#1679,.T.);
#4548=EDGE_CURVE('',#3699,#3723,#1680,.T.);
#4549=EDGE_CURVE('',#3724,#3699,#1681,.T.);
#4550=EDGE_CURVE('',#3698,#3724,#1682,.T.);
#4551=EDGE_CURVE('',#3724,#3717,#1683,.T.);
#4552=EDGE_CURVE('',#3723,#3718,#1684,.T.);
#4553=EDGE_CURVE('',#3722,#3720,#1685,.T.);
#4554=EDGE_CURVE('',#3721,#3719,#1686,.T.);
#4555=EDGE_CURVE('',#3712,#3702,#1687,.T.);
#4556=EDGE_CURVE('',#3709,#3706,#1688,.T.);
#4557=EDGE_CURVE('',#3705,#3710,#1689,.T.);
#4558=EDGE_CURVE('',#3704,#3711,#1690,.T.);
#4559=EDGE_CURVE('',#3725,#3725,#3418,.T.);
#4560=EDGE_CURVE('',#3725,#3726,#1691,.T.);
#4561=EDGE_CURVE('',#3726,#3726,#3419,.T.);
#4562=EDGE_CURVE('',#3727,#3727,#3420,.T.);
#4563=EDGE_CURVE('',#3727,#3728,#1692,.T.);
#4564=EDGE_CURVE('',#3728,#3728,#3421,.T.);
#4565=EDGE_CURVE('',#3729,#3729,#3422,.T.);
#4566=EDGE_CURVE('',#3729,#3730,#1693,.T.);
#4567=EDGE_CURVE('',#3730,#3730,#3423,.T.);
#4568=EDGE_CURVE('',#3731,#3731,#3424,.T.);
#4569=EDGE_CURVE('',#3731,#3732,#1694,.T.);
#4570=EDGE_CURVE('',#3732,#3732,#3425,.T.);
#4571=EDGE_CURVE('',#3733,#3733,#3426,.T.);
#4572=EDGE_CURVE('',#3733,#3734,#1695,.T.);
#4573=EDGE_CURVE('',#3734,#3734,#3427,.T.);
#4574=EDGE_CURVE('',#3735,#3735,#3428,.T.);
#4575=EDGE_CURVE('',#3735,#3736,#1696,.T.);
#4576=EDGE_CURVE('',#3736,#3736,#3429,.T.);
#4577=EDGE_CURVE('',#3737,#3737,#3430,.T.);
#4578=EDGE_CURVE('',#3737,#3738,#1697,.T.);
#4579=EDGE_CURVE('',#3738,#3738,#3431,.T.);
#4580=EDGE_CURVE('',#3739,#3740,#3432,.T.);
#4581=EDGE_CURVE('',#3739,#3741,#55,.T.);
#4582=EDGE_CURVE('',#3742,#3741,#3433,.T.);
#4583=EDGE_CURVE('',#3742,#3743,#56,.T.);
#4584=EDGE_CURVE('',#3744,#3743,#3434,.T.);
#4585=EDGE_CURVE('',#3744,#3737,#3435,.T.);
#4586=EDGE_CURVE('',#3745,#3744,#3436,.T.);
#4587=EDGE_CURVE('',#3745,#3746,#57,.T.);
#4588=EDGE_CURVE('',#3747,#3746,#3437,.T.);
#4589=EDGE_CURVE('',#3747,#3740,#58,.T.);
#4590=EDGE_CURVE('',#3738,#3748,#1698,.T.);
#4591=EDGE_CURVE('',#3748,#3748,#3438,.T.);
#4592=EDGE_CURVE('',#3749,#3749,#3439,.T.);
#4593=EDGE_CURVE('',#3749,#3750,#1699,.T.);
#4594=EDGE_CURVE('',#3750,#3750,#3440,.T.);
#4595=EDGE_CURVE('',#3751,#3752,#3441,.T.);
#4596=EDGE_CURVE('',#3752,#3753,#1700,.T.);
#4597=EDGE_CURVE('',#3753,#3753,#3442,.T.);
#4598=EDGE_CURVE('',#3752,#3751,#3443,.T.);
#4599=EDGE_CURVE('',#3751,#3754,#1701,.T.);
#4600=EDGE_CURVE('',#3754,#3754,#3444,.T.);
#4601=EDGE_CURVE('',#3754,#3755,#1702,.T.);
#4602=EDGE_CURVE('',#3755,#3755,#3445,.T.);
#4603=EDGE_CURVE('',#3756,#3756,#3446,.T.);
#4604=EDGE_CURVE('',#3756,#3757,#1703,.T.);
#4605=EDGE_CURVE('',#3757,#3757,#3447,.T.);
#4606=EDGE_CURVE('',#3758,#3759,#3448,.T.);
#4607=EDGE_CURVE('',#3758,#3760,#59,.T.);
#4608=EDGE_CURVE('',#3761,#3760,#3449,.T.);
#4609=EDGE_CURVE('',#3761,#3762,#60,.T.);
#4610=EDGE_CURVE('',#3763,#3762,#3450,.T.);
#4611=EDGE_CURVE('',#3763,#3756,#3451,.T.);
#4612=EDGE_CURVE('',#3764,#3763,#3452,.T.);
#4613=EDGE_CURVE('',#3764,#3765,#61,.T.);
#4614=EDGE_CURVE('',#3766,#3765,#3453,.T.);
#4615=EDGE_CURVE('',#3766,#3759,#62,.T.);
#4616=EDGE_CURVE('',#3757,#3767,#1704,.T.);
#4617=EDGE_CURVE('',#3767,#3767,#3454,.T.);
#4618=EDGE_CURVE('',#3768,#3768,#3455,.T.);
#4619=EDGE_CURVE('',#3768,#3769,#1705,.T.);
#4620=EDGE_CURVE('',#3769,#3769,#3456,.T.);
#4621=EDGE_CURVE('',#3770,#3771,#3457,.T.);
#4622=EDGE_CURVE('',#3771,#3772,#1706,.T.);
#4623=EDGE_CURVE('',#3772,#3772,#3458,.T.);
#4624=EDGE_CURVE('',#3771,#3770,#3459,.T.);
#4625=EDGE_CURVE('',#3770,#3773,#1707,.T.);
#4626=EDGE_CURVE('',#3773,#3773,#3460,.T.);
#4627=EDGE_CURVE('',#3773,#3774,#1708,.T.);
#4628=EDGE_CURVE('',#3774,#3774,#3461,.T.);
#4629=EDGE_CURVE('',#3775,#3775,#3462,.T.);
#4630=EDGE_CURVE('',#3775,#3776,#1709,.T.);
#4631=EDGE_CURVE('',#3776,#3776,#3463,.T.);
#4632=EDGE_CURVE('',#3767,#3777,#1710,.T.);
#4633=EDGE_CURVE('',#3777,#3777,#3464,.T.);
#4634=EDGE_CURVE('',#3777,#3778,#1711,.T.);
#4635=EDGE_CURVE('',#3778,#3778,#39,.T.);
#4636=EDGE_CURVE('',#3779,#3779,#3465,.T.);
#4637=EDGE_CURVE('',#3779,#3780,#1712,.T.);
#4638=EDGE_CURVE('',#3780,#3780,#3466,.T.);
#4639=EDGE_CURVE('',#3748,#3781,#1713,.T.);
#4640=EDGE_CURVE('',#3781,#3781,#3467,.T.);
#4641=EDGE_CURVE('',#3781,#3782,#1714,.T.);
#4642=EDGE_CURVE('',#3782,#3782,#40,.T.);
#4643=EDGE_CURVE('',#3783,#3783,#41,.T.);
#4644=EDGE_CURVE('',#3783,#3784,#1715,.T.);
#4645=EDGE_CURVE('',#3784,#3784,#3468,.T.);
#4646=EDGE_CURVE('',#3784,#3785,#1716,.T.);
#4647=EDGE_CURVE('',#3785,#3785,#3469,.T.);
#4648=EDGE_CURVE('',#3785,#3786,#1717,.T.);
#4649=EDGE_CURVE('',#3786,#3786,#3470,.T.);
#4650=EDGE_CURVE('',#3787,#3787,#42,.T.);
#4651=EDGE_CURVE('',#3787,#3788,#1718,.T.);
#4652=EDGE_CURVE('',#3788,#3788,#3471,.T.);
#4653=EDGE_CURVE('',#3788,#3789,#1719,.T.);
#4654=EDGE_CURVE('',#3789,#3789,#3472,.T.);
#4655=EDGE_CURVE('',#3789,#3790,#1720,.T.);
#4656=EDGE_CURVE('',#3790,#3790,#3473,.T.);
#4657=EDGE_CURVE('',#3791,#3792,#3474,.T.);
#4658=EDGE_CURVE('',#3793,#3792,#1721,.T.);
#4659=EDGE_CURVE('',#3794,#3793,#3475,.T.);
#4660=EDGE_CURVE('',#3794,#3791,#1722,.T.);
#4661=EDGE_CURVE('',#3795,#3796,#3476,.T.);
#4662=EDGE_CURVE('',#3797,#3795,#1723,.T.);
#4663=EDGE_CURVE('',#3798,#3797,#3477,.T.);
#4664=EDGE_CURVE('',#3796,#3798,#1724,.T.);
#4665=EDGE_CURVE('',#3799,#3800,#1725,.T.);
#4666=EDGE_CURVE('',#3800,#3801,#1726,.T.);
#4667=EDGE_CURVE('',#3801,#3802,#1727,.T.);
#4668=EDGE_CURVE('',#3802,#3799,#1728,.T.);
#4669=EDGE_CURVE('',#3803,#3804,#1729,.T.);
#4670=EDGE_CURVE('',#3805,#3803,#1730,.T.);
#4671=EDGE_CURVE('',#3806,#3805,#1731,.T.);
#4672=EDGE_CURVE('',#3804,#3806,#1732,.T.);
#4673=EDGE_CURVE('',#3807,#3808,#1733,.T.);
#4674=EDGE_CURVE('',#3808,#3809,#1734,.T.);
#4675=EDGE_CURVE('',#3810,#3809,#1735,.T.);
#4676=EDGE_CURVE('',#3807,#3810,#1736,.T.);
#4677=EDGE_CURVE('',#3811,#3812,#1737,.T.);
#4678=EDGE_CURVE('',#3813,#3811,#1738,.T.);
#4679=EDGE_CURVE('',#3814,#3813,#1739,.T.);
#4680=EDGE_CURVE('',#3812,#3814,#1740,.T.);
#4681=EDGE_CURVE('',#3815,#3816,#1741,.T.);
#4682=EDGE_CURVE('',#3817,#3815,#1742,.T.);
#4683=EDGE_CURVE('',#3817,#3818,#1743,.T.);
#4684=EDGE_CURVE('',#3818,#3816,#1744,.T.);
#4685=EDGE_CURVE('',#3819,#3820,#1745,.T.);
#4686=EDGE_CURVE('',#3820,#3821,#1746,.T.);
#4687=EDGE_CURVE('',#3821,#3822,#1747,.T.);
#4688=EDGE_CURVE('',#3822,#3819,#1748,.T.);
#4689=EDGE_CURVE('',#3746,#3823,#1749,.T.);
#4690=EDGE_CURVE('',#3823,#3824,#1750,.T.);
#4691=EDGE_CURVE('',#3824,#3825,#1751,.T.);
#4692=EDGE_CURVE('',#3825,#3826,#1752,.T.);
#4693=EDGE_CURVE('',#3826,#3747,#1753,.T.);
#4694=EDGE_CURVE('',#3765,#3827,#1754,.T.);
#4695=EDGE_CURVE('',#3827,#3828,#1755,.T.);
#4696=EDGE_CURVE('',#3828,#3829,#1756,.T.);
#4697=EDGE_CURVE('',#3829,#3830,#1757,.T.);
#4698=EDGE_CURVE('',#3830,#3766,#1758,.T.);
#4699=EDGE_CURVE('',#3831,#3832,#1759,.T.);
#4700=EDGE_CURVE('',#3833,#3832,#1760,.T.);
#4701=EDGE_CURVE('',#3833,#3834,#1761,.T.);
#4702=EDGE_CURVE('',#3834,#3831,#1762,.T.);
#4703=EDGE_CURVE('',#3835,#3836,#1763,.T.);
#4704=EDGE_CURVE('',#3837,#3836,#1764,.T.);
#4705=EDGE_CURVE('',#3838,#3837,#1765,.T.);
#4706=EDGE_CURVE('',#3838,#3835,#1766,.T.);
#4707=EDGE_CURVE('',#3839,#3840,#1767,.T.);
#4708=EDGE_CURVE('',#3841,#3839,#1768,.T.);
#4709=EDGE_CURVE('',#3841,#3842,#1769,.T.);
#4710=EDGE_CURVE('',#3842,#3840,#1770,.T.);
#4711=EDGE_CURVE('',#3843,#3844,#1771,.T.);
#4712=EDGE_CURVE('',#3845,#3843,#1772,.T.);
#4713=EDGE_CURVE('',#3845,#3846,#1773,.T.);
#4714=EDGE_CURVE('',#3846,#3844,#1774,.T.);
#4715=EDGE_CURVE('',#3847,#3843,#1775,.T.);
#4716=EDGE_CURVE('',#3847,#3845,#1776,.T.);
#4717=EDGE_CURVE('',#3848,#3846,#1777,.T.);
#4718=EDGE_CURVE('',#3848,#3844,#1778,.T.);
#4719=EDGE_CURVE('',#3849,#3850,#1779,.T.);
#4720=EDGE_CURVE('',#3851,#3849,#3478,.T.);
#4721=EDGE_CURVE('',#3852,#3851,#1780,.T.);
#4722=EDGE_CURVE('',#3850,#3852,#3479,.T.);
#4723=EDGE_CURVE('',#3853,#3854,#1781,.T.);
#4724=EDGE_CURVE('',#3855,#3854,#3480,.T.);
#4725=EDGE_CURVE('',#3855,#3856,#1782,.T.);
#4726=EDGE_CURVE('',#3856,#3853,#3481,.T.);
#4727=EDGE_CURVE('',#3838,#3857,#1783,.T.);
#4728=EDGE_CURVE('',#3858,#3857,#1784,.T.);
#4729=EDGE_CURVE('',#3810,#3858,#1785,.T.);
#4730=EDGE_CURVE('',#3809,#3859,#1786,.T.);
#4731=EDGE_CURVE('',#3860,#3859,#1787,.T.);
#4732=EDGE_CURVE('',#3835,#3860,#1788,.T.);
#4733=EDGE_CURVE('',#3837,#3857,#1789,.T.);
#4734=EDGE_CURVE('',#3836,#3860,#1790,.T.);
#4735=EDGE_CURVE('',#3859,#3791,#1791,.T.);
#4736=EDGE_CURVE('',#3858,#3794,#1792,.T.);
#4737=EDGE_CURVE('',#3861,#3833,#1793,.T.);
#4738=EDGE_CURVE('',#3862,#3861,#1794,.T.);
#4739=EDGE_CURVE('',#3793,#3862,#1795,.T.);
#4740=EDGE_CURVE('',#3792,#3863,#1796,.T.);
#4741=EDGE_CURVE('',#3864,#3863,#1797,.T.);
#4742=EDGE_CURVE('',#3864,#3834,#1798,.T.);
#4743=EDGE_CURVE('',#3861,#3832,#1799,.T.);
#4744=EDGE_CURVE('',#3864,#3831,#1800,.T.);
#4745=EDGE_CURVE('',#3863,#3808,#1801,.T.);
#4746=EDGE_CURVE('',#3862,#3807,#1802,.T.);
#4747=EDGE_CURVE('',#3796,#3850,#1803,.T.);
#4748=EDGE_CURVE('',#3795,#3852,#1804,.T.);
#4749=EDGE_CURVE('',#3797,#3851,#1805,.T.);
#4750=EDGE_CURVE('',#3798,#3849,#1806,.T.);
#4751=EDGE_CURVE('',#3865,#3847,#1807,.T.);
#4752=EDGE_CURVE('',#3854,#3865,#1808,.T.);
#4753=EDGE_CURVE('',#3853,#3866,#1809,.T.);
#4754=EDGE_CURVE('',#3848,#3866,#1810,.T.);
#4755=EDGE_CURVE('',#3840,#3867,#1811,.T.);
#4756=EDGE_CURVE('',#3867,#3868,#1812,.T.);
#4757=EDGE_CURVE('',#3868,#3856,#1813,.T.);
#4758=EDGE_CURVE('',#3869,#3855,#1814,.T.);
#4759=EDGE_CURVE('',#3869,#3870,#1815,.T.);
#4760=EDGE_CURVE('',#3839,#3870,#1816,.T.);
#4761=EDGE_CURVE('',#3841,#3870,#1817,.T.);
#4762=EDGE_CURVE('',#3842,#3867,#1818,.T.);
#4763=EDGE_CURVE('',#3865,#3817,#1819,.T.);
#4764=EDGE_CURVE('',#3866,#3818,#1820,.T.);
#4765=EDGE_CURVE('',#3815,#3869,#1821,.T.);
#4766=EDGE_CURVE('',#3816,#3868,#1822,.T.);
#4767=EDGE_CURVE('',#3760,#3871,#1823,.T.);
#4768=EDGE_CURVE('',#3871,#3872,#1824,.T.);
#4769=EDGE_CURVE('',#3872,#3873,#1825,.T.);
#4770=EDGE_CURVE('',#3873,#3874,#1826,.T.);
#4771=EDGE_CURVE('',#3874,#3761,#1827,.T.);
#4772=EDGE_CURVE('',#3741,#3875,#1828,.T.);
#4773=EDGE_CURVE('',#3875,#3876,#1829,.T.);
#4774=EDGE_CURVE('',#3876,#3877,#1830,.T.);
#4775=EDGE_CURVE('',#3877,#3878,#1831,.T.);
#4776=EDGE_CURVE('',#3878,#3742,#1832,.T.);
#4777=EDGE_CURVE('',#3879,#3827,#1833,.T.);
#4778=EDGE_CURVE('',#3880,#3879,#1834,.T.);
#4779=EDGE_CURVE('',#3880,#3828,#1835,.T.);
#4780=EDGE_CURVE('',#3881,#3880,#1836,.T.);
#4781=EDGE_CURVE('',#3881,#3829,#1837,.T.);
#4782=EDGE_CURVE('',#3882,#3881,#1838,.T.);
#4783=EDGE_CURVE('',#3882,#3830,#1839,.T.);
#4784=EDGE_CURVE('',#3883,#3871,#1840,.T.);
#4785=EDGE_CURVE('',#3884,#3883,#1841,.T.);
#4786=EDGE_CURVE('',#3884,#3872,#1842,.T.);
#4787=EDGE_CURVE('',#3885,#3884,#1843,.T.);
#4788=EDGE_CURVE('',#3885,#3873,#1844,.T.);
#4789=EDGE_CURVE('',#3886,#3885,#1845,.T.);
#4790=EDGE_CURVE('',#3886,#3874,#1846,.T.);
#4791=EDGE_CURVE('',#3879,#3764,#1847,.T.);
#4792=EDGE_CURVE('',#3759,#3882,#1848,.T.);
#4793=EDGE_CURVE('',#3883,#3758,#1849,.T.);
#4794=EDGE_CURVE('',#3762,#3886,#1850,.T.);
#4795=EDGE_CURVE('',#3887,#3823,#1851,.T.);
#4796=EDGE_CURVE('',#3888,#3887,#1852,.T.);
#4797=EDGE_CURVE('',#3888,#3824,#1853,.T.);
#4798=EDGE_CURVE('',#3889,#3888,#1854,.T.);
#4799=EDGE_CURVE('',#3889,#3825,#1855,.T.);
#4800=EDGE_CURVE('',#3890,#3889,#1856,.T.);
#4801=EDGE_CURVE('',#3890,#3826,#1857,.T.);
#4802=EDGE_CURVE('',#3891,#3875,#1858,.T.);
#4803=EDGE_CURVE('',#3892,#3891,#1859,.T.);
#4804=EDGE_CURVE('',#3892,#3876,#1860,.T.);
#4805=EDGE_CURVE('',#3893,#3892,#1861,.T.);
#4806=EDGE_CURVE('',#3893,#3877,#1862,.T.);
#4807=EDGE_CURVE('',#3894,#3893,#1863,.T.);
#4808=EDGE_CURVE('',#3894,#3878,#1864,.T.);
#4809=EDGE_CURVE('',#3887,#3745,#1865,.T.);
#4810=EDGE_CURVE('',#3740,#3890,#1866,.T.);
#4811=EDGE_CURVE('',#3891,#3739,#1867,.T.);
#4812=EDGE_CURVE('',#3743,#3894,#1868,.T.);
#4813=EDGE_CURVE('',#3812,#3801,#1869,.T.);
#4814=EDGE_CURVE('',#3811,#3800,#1870,.T.);
#4815=EDGE_CURVE('',#3814,#3802,#1871,.T.);
#4816=EDGE_CURVE('',#3813,#3799,#1872,.T.);
#4817=EDGE_CURVE('',#3803,#3820,#1873,.T.);
#4818=EDGE_CURVE('',#3804,#3821,#1874,.T.);
#4819=EDGE_CURVE('',#3805,#3819,#1875,.T.);
#4820=EDGE_CURVE('',#3806,#3822,#1876,.T.);
#4821=EDGE_CURVE('',#3895,#3895,#3482,.T.);
#4822=EDGE_CURVE('',#3895,#3896,#1877,.T.);
#4823=EDGE_CURVE('',#3896,#3896,#3483,.T.);
#4824=EDGE_CURVE('',#3897,#3897,#3484,.T.);
#4825=EDGE_CURVE('',#3897,#3898,#1878,.T.);
#4826=EDGE_CURVE('',#3898,#3898,#3485,.T.);
#4827=EDGE_CURVE('',#3899,#3899,#3486,.T.);
#4828=EDGE_CURVE('',#3899,#3900,#1879,.T.);
#4829=EDGE_CURVE('',#3900,#3900,#3487,.T.);
#4830=EDGE_CURVE('',#3901,#3902,#3488,.T.);
#4831=EDGE_CURVE('',#3903,#3902,#1880,.T.);
#4832=EDGE_CURVE('',#3904,#3903,#3489,.T.);
#4833=EDGE_CURVE('',#3901,#3904,#1881,.T.);
#4834=EDGE_CURVE('',#3905,#3905,#3490,.T.);
#4835=EDGE_CURVE('',#3905,#3906,#1882,.T.);
#4836=EDGE_CURVE('',#3906,#3906,#3491,.T.);
#4837=EDGE_CURVE('',#3907,#3908,#3492,.T.);
#4838=EDGE_CURVE('',#3907,#3909,#63,.T.);
#4839=EDGE_CURVE('',#3909,#3910,#3493,.T.);
#4840=EDGE_CURVE('',#3910,#3908,#64,.T.);
#4841=EDGE_CURVE('',#3911,#3911,#3494,.T.);
#4842=EDGE_CURVE('',#3911,#3912,#3495,.T.);
#4843=EDGE_CURVE('',#3912,#3913,#3496,.T.);
#4844=EDGE_CURVE('',#3913,#3914,#65,.T.);
#4845=EDGE_CURVE('',#3915,#3914,#66,.T.);
#4846=EDGE_CURVE('',#3915,#3916,#67,.T.);
#4847=EDGE_CURVE('',#3916,#3917,#3497,.T.);
#4848=EDGE_CURVE('',#3917,#3918,#68,.T.);
#4849=EDGE_CURVE('',#3918,#3919,#69,.T.);
#4850=EDGE_CURVE('',#3919,#3920,#70,.T.);
#4851=EDGE_CURVE('',#3920,#3912,#3498,.T.);
#4852=EDGE_CURVE('',#3921,#3922,#3499,.T.);
#4853=EDGE_CURVE('',#3921,#3923,#71,.T.);
#4854=EDGE_CURVE('',#3923,#3924,#3500,.T.);
#4855=EDGE_CURVE('',#3924,#3922,#72,.T.);
#4856=EDGE_CURVE('',#3925,#3925,#3501,.T.);
#4857=EDGE_CURVE('',#3925,#3926,#3502,.T.);
#4858=EDGE_CURVE('',#3926,#3927,#3503,.T.);
#4859=EDGE_CURVE('',#3927,#3928,#73,.T.);
#4860=EDGE_CURVE('',#3929,#3928,#74,.T.);
#4861=EDGE_CURVE('',#3929,#3930,#75,.T.);
#4862=EDGE_CURVE('',#3930,#3931,#3504,.T.);
#4863=EDGE_CURVE('',#3931,#3932,#76,.T.);
#4864=EDGE_CURVE('',#3932,#3933,#77,.T.);
#4865=EDGE_CURVE('',#3933,#3934,#78,.T.);
#4866=EDGE_CURVE('',#3934,#3926,#3505,.T.);
#4867=EDGE_CURVE('',#3935,#3936,#3506,.T.);
#4868=EDGE_CURVE('',#3936,#3937,#1883,.T.);
#4869=EDGE_CURVE('',#3937,#3937,#3507,.T.);
#4870=EDGE_CURVE('',#3936,#3935,#3508,.T.);
#4871=EDGE_CURVE('',#3935,#3938,#1884,.T.);
#4872=EDGE_CURVE('',#3938,#3938,#3509,.T.);
#4873=EDGE_CURVE('',#3939,#3940,#3510,.T.);
#4874=EDGE_CURVE('',#3940,#3941,#1885,.T.);
#4875=EDGE_CURVE('',#3941,#3941,#3511,.T.);
#4876=EDGE_CURVE('',#3940,#3939,#3512,.T.);
#4877=EDGE_CURVE('',#3939,#3942,#1886,.T.);
#4878=EDGE_CURVE('',#3942,#3942,#3513,.T.);
#4879=EDGE_CURVE('',#3943,#3943,#3514,.T.);
#4880=EDGE_CURVE('',#3943,#3944,#1887,.T.);
#4881=EDGE_CURVE('',#3944,#3944,#3515,.T.);
#4882=EDGE_CURVE('',#3945,#3945,#3516,.T.);
#4883=EDGE_CURVE('',#3945,#3946,#1888,.T.);
#4884=EDGE_CURVE('',#3946,#3946,#3517,.T.);
#4885=EDGE_CURVE('',#3947,#3947,#3518,.T.);
#4886=EDGE_CURVE('',#3947,#3948,#1889,.T.);
#4887=EDGE_CURVE('',#3948,#3948,#3519,.T.);
#4888=EDGE_CURVE('',#3949,#3949,#3520,.T.);
#4889=EDGE_CURVE('',#3949,#3950,#1890,.T.);
#4890=EDGE_CURVE('',#3950,#3950,#3521,.T.);
#4891=EDGE_CURVE('',#3950,#3951,#1891,.T.);
#4892=EDGE_CURVE('',#3951,#3951,#3522,.T.);
#4893=EDGE_CURVE('',#3952,#3952,#3523,.T.);
#4894=EDGE_CURVE('',#3952,#3953,#1892,.T.);
#4895=EDGE_CURVE('',#3953,#3953,#3524,.T.);
#4896=EDGE_CURVE('',#3954,#3954,#3525,.T.);
#4897=EDGE_CURVE('',#3954,#3955,#1893,.T.);
#4898=EDGE_CURVE('',#3955,#3955,#3526,.T.);
#4899=EDGE_CURVE('',#3955,#3956,#1894,.T.);
#4900=EDGE_CURVE('',#3956,#3956,#3527,.T.);
#4901=EDGE_CURVE('',#3957,#3957,#3528,.T.);
#4902=EDGE_CURVE('',#3957,#3958,#1895,.T.);
#4903=EDGE_CURVE('',#3958,#3958,#3529,.T.);
#4904=EDGE_CURVE('',#3959,#3959,#3530,.T.);
#4905=EDGE_CURVE('',#3959,#3960,#1896,.T.);
#4906=EDGE_CURVE('',#3960,#3960,#3531,.T.);
#4907=EDGE_CURVE('',#3961,#3962,#1897,.T.);
#4908=EDGE_CURVE('',#3963,#3962,#3532,.T.);
#4909=EDGE_CURVE('',#3964,#3963,#1898,.T.);
#4910=EDGE_CURVE('',#3964,#3965,#1899,.T.);
#4911=EDGE_CURVE('',#3965,#3965,#3533,.T.);
#4912=EDGE_CURVE('',#3964,#3961,#79,.T.);
#4913=EDGE_CURVE('',#3966,#3967,#80,.T.);
#4914=EDGE_CURVE('',#3967,#3968,#1900,.T.);
#4915=EDGE_CURVE('',#3968,#3968,#3534,.T.);
#4916=EDGE_CURVE('',#3967,#3969,#1901,.T.);
#4917=EDGE_CURVE('',#3970,#3969,#3535,.T.);
#4918=EDGE_CURVE('',#3966,#3970,#1902,.T.);
#4919=EDGE_CURVE('',#3971,#3971,#3536,.T.);
#4920=EDGE_CURVE('',#3971,#3972,#1903,.T.);
#4921=EDGE_CURVE('',#3972,#3972,#3537,.T.);
#4922=EDGE_CURVE('',#3973,#3973,#3538,.T.);
#4923=EDGE_CURVE('',#3973,#3974,#1904,.T.);
#4924=EDGE_CURVE('',#3974,#3974,#3539,.T.);
#4925=EDGE_CURVE('',#3975,#3975,#3540,.T.);
#4926=EDGE_CURVE('',#3975,#3976,#1905,.T.);
#4927=EDGE_CURVE('',#3976,#3976,#3541,.T.);
#4928=EDGE_CURVE('',#3977,#3977,#3542,.T.);
#4929=EDGE_CURVE('',#3977,#3978,#1906,.T.);
#4930=EDGE_CURVE('',#3978,#3978,#3543,.T.);
#4931=EDGE_CURVE('',#3979,#3979,#3544,.T.);
#4932=EDGE_CURVE('',#3979,#3980,#1907,.T.);
#4933=EDGE_CURVE('',#3980,#3980,#3545,.T.);
#4934=EDGE_CURVE('',#3981,#3981,#3546,.T.);
#4935=EDGE_CURVE('',#3981,#3982,#1908,.T.);
#4936=EDGE_CURVE('',#3982,#3982,#3547,.T.);
#4937=EDGE_CURVE('',#3983,#3983,#3548,.T.);
#4938=EDGE_CURVE('',#3983,#3984,#1909,.T.);
#4939=EDGE_CURVE('',#3984,#3984,#3549,.T.);
#4940=EDGE_CURVE('',#3985,#3985,#3550,.T.);
#4941=EDGE_CURVE('',#3985,#3986,#1910,.T.);
#4942=EDGE_CURVE('',#3986,#3986,#3551,.T.);
#4943=EDGE_CURVE('',#3987,#3987,#3552,.T.);
#4944=EDGE_CURVE('',#3987,#3988,#1911,.T.);
#4945=EDGE_CURVE('',#3988,#3988,#3553,.T.);
#4946=EDGE_CURVE('',#3989,#3989,#3554,.T.);
#4947=EDGE_CURVE('',#3989,#3990,#1912,.T.);
#4948=EDGE_CURVE('',#3990,#3990,#3555,.T.);
#4949=EDGE_CURVE('',#3991,#3991,#3556,.T.);
#4950=EDGE_CURVE('',#3991,#3992,#1913,.T.);
#4951=EDGE_CURVE('',#3992,#3992,#3557,.T.);
#4952=EDGE_CURVE('',#3993,#3993,#3558,.T.);
#4953=EDGE_CURVE('',#3993,#3994,#1914,.T.);
#4954=EDGE_CURVE('',#3994,#3994,#3559,.T.);
#4955=EDGE_CURVE('',#3995,#3996,#3560,.T.);
#4956=EDGE_CURVE('',#3996,#3997,#1915,.T.);
#4957=EDGE_CURVE('',#3998,#3997,#3561,.T.);
#4958=EDGE_CURVE('',#3995,#3998,#1916,.T.);
#4959=EDGE_CURVE('',#3999,#4000,#3562,.T.);
#4960=EDGE_CURVE('',#4001,#4000,#1917,.T.);
#4961=EDGE_CURVE('',#4002,#4001,#3563,.T.);
#4962=EDGE_CURVE('',#4002,#3999,#1918,.T.);
#4963=EDGE_CURVE('',#4003,#4004,#3564,.T.);
#4964=EDGE_CURVE('',#4005,#4003,#1919,.T.);
#4965=EDGE_CURVE('',#4006,#4005,#3565,.T.);
#4966=EDGE_CURVE('',#4004,#4006,#1920,.T.);
#4967=EDGE_CURVE('',#4007,#4008,#3566,.T.);
#4968=EDGE_CURVE('',#4008,#4009,#1921,.T.);
#4969=EDGE_CURVE('',#4009,#3917,#3567,.T.);
#4970=EDGE_CURVE('',#3916,#4010,#3568,.T.);
#4971=EDGE_CURVE('',#4010,#4007,#1922,.T.);
#4972=EDGE_CURVE('',#4011,#4012,#3569,.T.);
#4973=EDGE_CURVE('',#4012,#4013,#1923,.T.);
#4974=EDGE_CURVE('',#4014,#4013,#3570,.T.);
#4975=EDGE_CURVE('',#4014,#4011,#1924,.T.);
#4976=EDGE_CURVE('',#4015,#4016,#3571,.T.);
#4977=EDGE_CURVE('',#4016,#4012,#81,.T.);
#4978=EDGE_CURVE('',#4011,#4015,#82,.T.);
#4979=EDGE_CURVE('',#4017,#4018,#3572,.T.);
#4980=EDGE_CURVE('',#4018,#4016,#27,.T.);
#4981=EDGE_CURVE('',#4015,#4017,#28,.T.);
#4982=EDGE_CURVE('',#4019,#4020,#3573,.T.);
#4983=EDGE_CURVE('',#4020,#4021,#1925,.T.);
#4984=EDGE_CURVE('',#4021,#3931,#3574,.T.);
#4985=EDGE_CURVE('',#3930,#4022,#3575,.T.);
#4986=EDGE_CURVE('',#4022,#4019,#1926,.T.);
#4987=EDGE_CURVE('',#4023,#4024,#3576,.T.);
#4988=EDGE_CURVE('',#4024,#4025,#1927,.T.);
#4989=EDGE_CURVE('',#4026,#4025,#3577,.T.);
#4990=EDGE_CURVE('',#4026,#4023,#1928,.T.);
#4991=EDGE_CURVE('',#4027,#4028,#3578,.T.);
#4992=EDGE_CURVE('',#4028,#4024,#83,.T.);
#4993=EDGE_CURVE('',#4023,#4027,#84,.T.);
#4994=EDGE_CURVE('',#4029,#4030,#3579,.T.);
#4995=EDGE_CURVE('',#4030,#4028,#29,.T.);
#4996=EDGE_CURVE('',#4027,#4029,#30,.T.);
#4997=EDGE_CURVE('',#4031,#4032,#1929,.T.);
#4998=EDGE_CURVE('',#4033,#4031,#3580,.T.);
#4999=EDGE_CURVE('',#4034,#4033,#1930,.T.);
#5000=EDGE_CURVE('',#4035,#4034,#1931,.T.);
#5001=EDGE_CURVE('',#4036,#4035,#1932,.T.);
#5002=EDGE_CURVE('',#4037,#4036,#1933,.T.);
#5003=EDGE_CURVE('',#4038,#4037,#3581,.T.);
#5004=EDGE_CURVE('',#4039,#4038,#1934,.T.);
#5005=EDGE_CURVE('',#4040,#4039,#1935,.T.);
#5006=EDGE_CURVE('',#4041,#4040,#1936,.T.);
#5007=EDGE_CURVE('',#4042,#4041,#1937,.T.);
#5008=EDGE_CURVE('',#4043,#4042,#3582,.T.);
#5009=EDGE_CURVE('',#4044,#4043,#1938,.T.);
#5010=EDGE_CURVE('',#4045,#4044,#1939,.T.);
#5011=EDGE_CURVE('',#4032,#4045,#1940,.T.);
#5012=EDGE_CURVE('',#4046,#4047,#3583,.T.);
#5013=EDGE_CURVE('',#4047,#4048,#1941,.T.);
#5014=EDGE_CURVE('',#4048,#4049,#1942,.T.);
#5015=EDGE_CURVE('',#4049,#4046,#1943,.T.);
#5016=EDGE_CURVE('',#4033,#4050,#1944,.T.);
#5017=EDGE_CURVE('',#4050,#4051,#1945,.T.);
#5018=EDGE_CURVE('',#4051,#4052,#1946,.T.);
#5019=EDGE_CURVE('',#4053,#4052,#1947,.T.);
#5020=EDGE_CURVE('',#4034,#4053,#1948,.T.);
#5021=EDGE_CURVE('',#4051,#4054,#1949,.T.);
#5022=EDGE_CURVE('',#4054,#4031,#1950,.T.);
#5023=EDGE_CURVE('',#4032,#4055,#1951,.T.);
#5024=EDGE_CURVE('',#4052,#4055,#1952,.T.);
#5025=EDGE_CURVE('',#3902,#4056,#1953,.T.);
#5026=EDGE_CURVE('',#4057,#3901,#1954,.T.);
#5027=EDGE_CURVE('',#4058,#4057,#1955,.T.);
#5028=EDGE_CURVE('',#4059,#4058,#1956,.T.);
#5029=EDGE_CURVE('',#4060,#4059,#1957,.T.);
#5030=EDGE_CURVE('',#4061,#4060,#3584,.T.);
#5031=EDGE_CURVE('',#4062,#4061,#1958,.T.);
#5032=EDGE_CURVE('',#4063,#4062,#1959,.T.);
#5033=EDGE_CURVE('',#4064,#4063,#1960,.T.);
#5034=EDGE_CURVE('',#4065,#4064,#1961,.T.);
#5035=EDGE_CURVE('',#4066,#4065,#3585,.T.);
#5036=EDGE_CURVE('',#4067,#4066,#1962,.T.);
#5037=EDGE_CURVE('',#4068,#4067,#1963,.T.);
#5038=EDGE_CURVE('',#4056,#4068,#1964,.T.);
#5039=EDGE_CURVE('',#4069,#4070,#1965,.T.);
#5040=EDGE_CURVE('',#4070,#4071,#1966,.T.);
#5041=EDGE_CURVE('',#4071,#4072,#1967,.T.);
#5042=EDGE_CURVE('',#4072,#4069,#3586,.T.);
#5043=EDGE_CURVE('',#3904,#4073,#1968,.T.);
#5044=EDGE_CURVE('',#4073,#4074,#1969,.T.);
#5045=EDGE_CURVE('',#4075,#4074,#1970,.T.);
#5046=EDGE_CURVE('',#4057,#4075,#1971,.T.);
#5047=EDGE_CURVE('',#4073,#3903,#1972,.T.);
#5048=EDGE_CURVE('',#4056,#4076,#1973,.T.);
#5049=EDGE_CURVE('',#4074,#4076,#1974,.T.);
#5050=EDGE_CURVE('',#4029,#4030,#1975,.T.);
#5051=EDGE_CURVE('',#4025,#4020,#85,.T.);
#5052=EDGE_CURVE('',#4019,#4026,#86,.T.);
#5053=EDGE_CURVE('',#4017,#4018,#1976,.T.);
#5054=EDGE_CURVE('',#4013,#4008,#87,.T.);
#5055=EDGE_CURVE('',#4007,#4014,#88,.T.);
#5056=EDGE_CURVE('',#4077,#4078,#1977,.T.);
#5057=EDGE_CURVE('',#4079,#4077,#1978,.T.);
#5058=EDGE_CURVE('',#4080,#4079,#1979,.T.);
#5059=EDGE_CURVE('',#4081,#4080,#1980,.T.);
#5060=EDGE_CURVE('',#4082,#4081,#1981,.T.);
#5061=EDGE_CURVE('',#4083,#4082,#1982,.T.);
#5062=EDGE_CURVE('',#4084,#4083,#1983,.T.);
#5063=EDGE_CURVE('',#4085,#4084,#1984,.T.);
#5064=EDGE_CURVE('',#4086,#4085,#1985,.T.);
#5065=EDGE_CURVE('',#4087,#4086,#1986,.T.);
#5066=EDGE_CURVE('',#4088,#4087,#1987,.T.);
#5067=EDGE_CURVE('',#4089,#4088,#1988,.T.);
#5068=EDGE_CURVE('',#4090,#4089,#1989,.T.);
#5069=EDGE_CURVE('',#4091,#4090,#1990,.T.);
#5070=EDGE_CURVE('',#4092,#4091,#1991,.T.);
#5071=EDGE_CURVE('',#4092,#4093,#1992,.T.);
#5072=EDGE_CURVE('',#4093,#4094,#1993,.T.);
#5073=EDGE_CURVE('',#4094,#3963,#1994,.T.);
#5074=EDGE_CURVE('',#3962,#4095,#1995,.T.);
#5075=EDGE_CURVE('',#4095,#4096,#1996,.T.);
#5076=EDGE_CURVE('',#4096,#4097,#1997,.T.);
#5077=EDGE_CURVE('',#4098,#4097,#1998,.T.);
#5078=EDGE_CURVE('',#4099,#4098,#1999,.T.);
#5079=EDGE_CURVE('',#4100,#4099,#2000,.T.);
#5080=EDGE_CURVE('',#4101,#4100,#2001,.T.);
#5081=EDGE_CURVE('',#4102,#4101,#2002,.T.);
#5082=EDGE_CURVE('',#4103,#4102,#2003,.T.);
#5083=EDGE_CURVE('',#4104,#4103,#2004,.T.);
#5084=EDGE_CURVE('',#4105,#4104,#2005,.T.);
#5085=EDGE_CURVE('',#4106,#4105,#2006,.T.);
#5086=EDGE_CURVE('',#4107,#4106,#2007,.T.);
#5087=EDGE_CURVE('',#4108,#4107,#2008,.T.);
#5088=EDGE_CURVE('',#4109,#4108,#2009,.T.);
#5089=EDGE_CURVE('',#4110,#4109,#2010,.T.);
#5090=EDGE_CURVE('',#4111,#4110,#2011,.T.);
#5091=EDGE_CURVE('',#4112,#4111,#2012,.T.);
#5092=EDGE_CURVE('',#4112,#4113,#2013,.T.);
#5093=EDGE_CURVE('',#4113,#4114,#2014,.T.);
#5094=EDGE_CURVE('',#4114,#3970,#2015,.T.);
#5095=EDGE_CURVE('',#3969,#4115,#2016,.T.);
#5096=EDGE_CURVE('',#4115,#4116,#2017,.T.);
#5097=EDGE_CURVE('',#4116,#4078,#2018,.T.);
#5098=EDGE_CURVE('',#4117,#4118,#2019,.T.);
#5099=EDGE_CURVE('',#4117,#4078,#2020,.T.);
#5100=EDGE_CURVE('',#4006,#4116,#2021,.T.);
#5101=EDGE_CURVE('',#4005,#4093,#2022,.T.);
#5102=EDGE_CURVE('',#4118,#4092,#2023,.T.);
#5103=EDGE_CURVE('',#4119,#4112,#2024,.T.);
#5104=EDGE_CURVE('',#4120,#4119,#2025,.T.);
#5105=EDGE_CURVE('',#4120,#4097,#2026,.T.);
#5106=EDGE_CURVE('',#4003,#4096,#2027,.T.);
#5107=EDGE_CURVE('',#4004,#4113,#2028,.T.);
#5108=EDGE_CURVE('',#4121,#4122,#2029,.T.);
#5109=EDGE_CURVE('',#4123,#4121,#3587,.T.);
#5110=EDGE_CURVE('',#4124,#4123,#2030,.T.);
#5111=EDGE_CURVE('',#4122,#4124,#2031,.T.);
#5112=EDGE_CURVE('',#4125,#4126,#2032,.T.);
#5113=EDGE_CURVE('',#4127,#4125,#2033,.T.);
#5114=EDGE_CURVE('',#4128,#4127,#3588,.T.);
#5115=EDGE_CURVE('',#4126,#4128,#2034,.T.);
#5116=EDGE_CURVE('',#3966,#4129,#3589,.T.);
#5117=EDGE_CURVE('',#4129,#4130,#2035,.T.);
#5118=EDGE_CURVE('',#4130,#3967,#3590,.T.);
#5119=EDGE_CURVE('',#3964,#4131,#3591,.T.);
#5120=EDGE_CURVE('',#4132,#4131,#2036,.T.);
#5121=EDGE_CURVE('',#4132,#3961,#3592,.T.);
#5122=EDGE_CURVE('',#4133,#4134,#3593,.T.);
#5123=EDGE_CURVE('',#4135,#4133,#2037,.T.);
#5124=EDGE_CURVE('',#4136,#4135,#3594,.T.);
#5125=EDGE_CURVE('',#4137,#4136,#2038,.T.);
#5126=EDGE_CURVE('',#4138,#4137,#3595,.T.);
#5127=EDGE_CURVE('',#4139,#4138,#2039,.T.);
#5128=EDGE_CURVE('',#4140,#4139,#3596,.T.);
#5129=EDGE_CURVE('',#4140,#4141,#2040,.T.);
#5130=EDGE_CURVE('',#4141,#4142,#2041,.T.);
#5131=EDGE_CURVE('',#4143,#4142,#2042,.T.);
#5132=EDGE_CURVE('',#4144,#4143,#2043,.T.);
#5133=EDGE_CURVE('',#4144,#4134,#2044,.T.);
#5134=EDGE_CURVE('',#4145,#4146,#43,.T.);
#5135=EDGE_CURVE('',#4147,#4145,#2045,.T.);
#5136=EDGE_CURVE('',#4148,#4147,#2046,.T.);
#5137=EDGE_CURVE('',#4148,#4149,#2047,.T.);
#5138=EDGE_CURVE('',#4149,#4150,#2048,.T.);
#5139=EDGE_CURVE('',#4151,#4150,#2049,.T.);
#5140=EDGE_CURVE('',#4152,#4151,#44,.T.);
#5141=EDGE_CURVE('',#4153,#4152,#2050,.T.);
#5142=EDGE_CURVE('',#4154,#4153,#45,.T.);
#5143=EDGE_CURVE('',#4155,#4154,#2051,.T.);
#5144=EDGE_CURVE('',#4156,#4155,#46,.T.);
#5145=EDGE_CURVE('',#4146,#4156,#2052,.T.);
#5146=EDGE_CURVE('',#4157,#4158,#3597,.T.);
#5147=EDGE_CURVE('',#4159,#4157,#2053,.T.);
#5148=EDGE_CURVE('',#4160,#4159,#3598,.T.);
#5149=EDGE_CURVE('',#4161,#4160,#2054,.T.);
#5150=EDGE_CURVE('',#4162,#4161,#3599,.T.);
#5151=EDGE_CURVE('',#4163,#4162,#2055,.T.);
#5152=EDGE_CURVE('',#4164,#4163,#3600,.T.);
#5153=EDGE_CURVE('',#4164,#4165,#2056,.T.);
#5154=EDGE_CURVE('',#4165,#4166,#2057,.T.);
#5155=EDGE_CURVE('',#4167,#4166,#2058,.T.);
#5156=EDGE_CURVE('',#4168,#4167,#2059,.T.);
#5157=EDGE_CURVE('',#4168,#4158,#2060,.T.);
#5158=EDGE_CURVE('',#4169,#4170,#47,.T.);
#5159=EDGE_CURVE('',#4171,#4169,#2061,.T.);
#5160=EDGE_CURVE('',#4172,#4171,#2062,.T.);
#5161=EDGE_CURVE('',#4172,#4173,#2063,.T.);
#5162=EDGE_CURVE('',#4173,#4174,#2064,.T.);
#5163=EDGE_CURVE('',#4175,#4174,#2065,.T.);
#5164=EDGE_CURVE('',#4176,#4175,#48,.T.);
#5165=EDGE_CURVE('',#4177,#4176,#2066,.T.);
#5166=EDGE_CURVE('',#4178,#4177,#49,.T.);
#5167=EDGE_CURVE('',#4179,#4178,#2067,.T.);
#5168=EDGE_CURVE('',#4180,#4179,#50,.T.);
#5169=EDGE_CURVE('',#4170,#4180,#2068,.T.);
#5170=EDGE_CURVE('',#4181,#4182,#3601,.T.);
#5171=EDGE_CURVE('',#4183,#4181,#2069,.T.);
#5172=EDGE_CURVE('',#4184,#4183,#3602,.T.);
#5173=EDGE_CURVE('',#4185,#4184,#2070,.T.);
#5174=EDGE_CURVE('',#4186,#4185,#3603,.T.);
#5175=EDGE_CURVE('',#4187,#4186,#2071,.T.);
#5176=EDGE_CURVE('',#4188,#4187,#3604,.T.);
#5177=EDGE_CURVE('',#4189,#4188,#2072,.T.);
#5178=EDGE_CURVE('',#4190,#4189,#2073,.T.);
#5179=EDGE_CURVE('',#4190,#4191,#2074,.T.);
#5180=EDGE_CURVE('',#4191,#4192,#2075,.T.);
#5181=EDGE_CURVE('',#4182,#4192,#2076,.T.);
#5182=EDGE_CURVE('',#4193,#4194,#51,.T.);
#5183=EDGE_CURVE('',#4193,#4195,#2077,.T.);
#5184=EDGE_CURVE('',#4195,#4196,#2078,.T.);
#5185=EDGE_CURVE('',#4197,#4196,#2079,.T.);
#5186=EDGE_CURVE('',#4198,#4197,#2080,.T.);
#5187=EDGE_CURVE('',#4198,#4199,#2081,.T.);
#5188=EDGE_CURVE('',#4200,#4199,#52,.T.);
#5189=EDGE_CURVE('',#4201,#4200,#2082,.T.);
#5190=EDGE_CURVE('',#4202,#4201,#53,.T.);
#5191=EDGE_CURVE('',#4203,#4202,#2083,.T.);
#5192=EDGE_CURVE('',#4204,#4203,#54,.T.);
#5193=EDGE_CURVE('',#4194,#4204,#2084,.T.);
#5194=EDGE_CURVE('',#4205,#4206,#2085,.T.);
#5195=EDGE_CURVE('',#4207,#4205,#2086,.T.);
#5196=EDGE_CURVE('',#4208,#4207,#3605,.T.);
#5197=EDGE_CURVE('',#4209,#4208,#2087,.T.);
#5198=EDGE_CURVE('',#4210,#4209,#3606,.T.);
#5199=EDGE_CURVE('',#4206,#4210,#2088,.T.);
#5200=EDGE_CURVE('',#4211,#4212,#2089,.T.);
#5201=EDGE_CURVE('',#4212,#4213,#2090,.T.);
#5202=EDGE_CURVE('',#4213,#4214,#3607,.T.);
#5203=EDGE_CURVE('',#4214,#4215,#2091,.T.);
#5204=EDGE_CURVE('',#4215,#4216,#3608,.T.);
#5205=EDGE_CURVE('',#4216,#4211,#2092,.T.);
#5206=EDGE_CURVE('',#4055,#4217,#2093,.T.);
#5207=EDGE_CURVE('',#4217,#4218,#2094,.T.);
#5208=EDGE_CURVE('',#4219,#4218,#2095,.T.);
#5209=EDGE_CURVE('',#4219,#4220,#2096,.T.);
#5210=EDGE_CURVE('',#4220,#4221,#2097,.T.);
#5211=EDGE_CURVE('',#4221,#4222,#2098,.T.);
#5212=EDGE_CURVE('',#4222,#4223,#2099,.T.);
#5213=EDGE_CURVE('',#4223,#4224,#2100,.T.);
#5214=EDGE_CURVE('',#4225,#4224,#2101,.T.);
#5215=EDGE_CURVE('',#4225,#4226,#2102,.T.);
#5216=EDGE_CURVE('',#4226,#4227,#2103,.T.);
#5217=EDGE_CURVE('',#4227,#4228,#2104,.T.);
#5218=EDGE_CURVE('',#4229,#4228,#2105,.T.);
#5219=EDGE_CURVE('',#4229,#4230,#2106,.T.);
#5220=EDGE_CURVE('',#4230,#4231,#2107,.T.);
#5221=EDGE_CURVE('',#4231,#4232,#2108,.T.);
#5222=EDGE_CURVE('',#4232,#4233,#3609,.T.);
#5223=EDGE_CURVE('',#4233,#4234,#2109,.T.);
#5224=EDGE_CURVE('',#4234,#4235,#2110,.T.);
#5225=EDGE_CURVE('',#4235,#4075,#2111,.T.);
#5226=EDGE_CURVE('',#4076,#4236,#2112,.T.);
#5227=EDGE_CURVE('',#4236,#4237,#2113,.T.);
#5228=EDGE_CURVE('',#4238,#4237,#2114,.T.);
#5229=EDGE_CURVE('',#4238,#4239,#2115,.T.);
#5230=EDGE_CURVE('',#4239,#4240,#2116,.T.);
#5231=EDGE_CURVE('',#4241,#4240,#2117,.T.);
#5232=EDGE_CURVE('',#4242,#4241,#2118,.T.);
#5233=EDGE_CURVE('',#4243,#4242,#2119,.T.);
#5234=EDGE_CURVE('',#4243,#4244,#2120,.T.);
#5235=EDGE_CURVE('',#4245,#4244,#2121,.T.);
#5236=EDGE_CURVE('',#4245,#4246,#2122,.T.);
#5237=EDGE_CURVE('',#4246,#4247,#2123,.T.);
#5238=EDGE_CURVE('',#4248,#4247,#2124,.T.);
#5239=EDGE_CURVE('',#4248,#4249,#2125,.T.);
#5240=EDGE_CURVE('',#4249,#4250,#2126,.T.);
#5241=EDGE_CURVE('',#4250,#4251,#2127,.T.);
#5242=EDGE_CURVE('',#4251,#4252,#3610,.T.);
#5243=EDGE_CURVE('',#4252,#4253,#2128,.T.);
#5244=EDGE_CURVE('',#4253,#4254,#2129,.T.);
#5245=EDGE_CURVE('',#4254,#4053,#2130,.T.);
#5246=EDGE_CURVE('',#4255,#4256,#2131,.T.);
#5247=EDGE_CURVE('',#4257,#4255,#2132,.T.);
#5248=EDGE_CURVE('',#4258,#4257,#2133,.T.);
#5249=EDGE_CURVE('',#4256,#4258,#2134,.T.);
#5250=EDGE_CURVE('',#4259,#4260,#2135,.T.);
#5251=EDGE_CURVE('',#4261,#4259,#2136,.T.);
#5252=EDGE_CURVE('',#4262,#4261,#2137,.T.);
#5253=EDGE_CURVE('',#4260,#4262,#2138,.T.);
#5254=EDGE_CURVE('',#4000,#4221,#2139,.T.);
#5255=EDGE_CURVE('',#4263,#4220,#2140,.T.);
#5256=EDGE_CURVE('',#4263,#4264,#2141,.T.);
#5257=EDGE_CURVE('',#4264,#4265,#2142,.T.);
#5258=EDGE_CURVE('',#4265,#4266,#3611,.T.);
#5259=EDGE_CURVE('',#4266,#4267,#2143,.T.);
#5260=EDGE_CURVE('',#4267,#4268,#3612,.T.);
#5261=EDGE_CURVE('',#4268,#4269,#2144,.T.);
#5262=EDGE_CURVE('',#4269,#4270,#2145,.T.);
#5263=EDGE_CURVE('',#4270,#4246,#2146,.T.);
#5264=EDGE_CURVE('',#4001,#4245,#2147,.T.);
#5265=EDGE_CURVE('',#4140,#4151,#2148,.T.);
#5266=EDGE_CURVE('',#4150,#4141,#2149,.T.);
#5267=EDGE_CURVE('',#4158,#4169,#2150,.T.);
#5268=EDGE_CURVE('',#4171,#4168,#2151,.T.);
#5269=EDGE_CURVE('',#4164,#4175,#2152,.T.);
#5270=EDGE_CURVE('',#4174,#4165,#2153,.T.);
#5271=EDGE_CURVE('',#4134,#4145,#2154,.T.);
#5272=EDGE_CURVE('',#4147,#4144,#2155,.T.);
#5273=EDGE_CURVE('',#4226,#3999,#2156,.T.);
#5274=EDGE_CURVE('',#4240,#4002,#2157,.T.);
#5275=EDGE_CURVE('',#4271,#4239,#2158,.T.);
#5276=EDGE_CURVE('',#4272,#4271,#2159,.T.);
#5277=EDGE_CURVE('',#4273,#4272,#2160,.T.);
#5278=EDGE_CURVE('',#4274,#4273,#3613,.T.);
#5279=EDGE_CURVE('',#4275,#4274,#2161,.T.);
#5280=EDGE_CURVE('',#4276,#4275,#3614,.T.);
#5281=EDGE_CURVE('',#4277,#4276,#2162,.T.);
#5282=EDGE_CURVE('',#4278,#4277,#2163,.T.);
#5283=EDGE_CURVE('',#4278,#4227,#2164,.T.);
#5284=EDGE_CURVE('',#4188,#4199,#2165,.T.);
#5285=EDGE_CURVE('',#4189,#4198,#2166,.T.);
#5286=EDGE_CURVE('',#4182,#4193,#2167,.T.);
#5287=EDGE_CURVE('',#4192,#4195,#2168,.T.);
#5288=EDGE_CURVE('',#4279,#4280,#2169,.T.);
#5289=EDGE_CURVE('',#4280,#4281,#3615,.T.);
#5290=EDGE_CURVE('',#4281,#4282,#2170,.T.);
#5291=EDGE_CURVE('',#4283,#4282,#2171,.T.);
#5292=EDGE_CURVE('',#4284,#4283,#2172,.T.);
#5293=EDGE_CURVE('',#4285,#4284,#3616,.T.);
#5294=EDGE_CURVE('',#4286,#4285,#2173,.T.);
#5295=EDGE_CURVE('',#4279,#4286,#2174,.T.);
#5296=EDGE_CURVE('',#4287,#4288,#2175,.T.);
#5297=EDGE_CURVE('',#4288,#4289,#3617,.T.);
#5298=EDGE_CURVE('',#4289,#4290,#2176,.T.);
#5299=EDGE_CURVE('',#4291,#4290,#2177,.T.);
#5300=EDGE_CURVE('',#4292,#4291,#3618,.T.);
#5301=EDGE_CURVE('',#4287,#4292,#2178,.T.);
#5302=EDGE_CURVE('',#4293,#3998,#2179,.T.);
#5303=EDGE_CURVE('',#3997,#4294,#2180,.T.);
#5304=EDGE_CURVE('',#4294,#4293,#3619,.T.);
#5305=EDGE_CURVE('',#4295,#4244,#2181,.T.);
#5306=EDGE_CURVE('',#4296,#4295,#3620,.T.);
#5307=EDGE_CURVE('',#4297,#4296,#3621,.T.);
#5308=EDGE_CURVE('',#4298,#4297,#3622,.T.);
#5309=EDGE_CURVE('',#4241,#4298,#2182,.T.);
#5310=EDGE_CURVE('',#4225,#4299,#2183,.T.);
#5311=EDGE_CURVE('',#4299,#4300,#3623,.T.);
#5312=EDGE_CURVE('',#4300,#4301,#3624,.T.);
#5313=EDGE_CURVE('',#4301,#4302,#3625,.T.);
#5314=EDGE_CURVE('',#4302,#4222,#2184,.T.);
#5315=EDGE_CURVE('',#4303,#4243,#2185,.T.);
#5316=EDGE_CURVE('',#4242,#4304,#2186,.T.);
#5317=EDGE_CURVE('',#4304,#4305,#3626,.T.);
#5318=EDGE_CURVE('',#4305,#4306,#3627,.T.);
#5319=EDGE_CURVE('',#4306,#4303,#3628,.T.);
#5320=EDGE_CURVE('',#4307,#4223,#2187,.T.);
#5321=EDGE_CURVE('',#4308,#4307,#3629,.T.);
#5322=EDGE_CURVE('',#4309,#4308,#3630,.T.);
#5323=EDGE_CURVE('',#4310,#4309,#3631,.T.);
#5324=EDGE_CURVE('',#4224,#4310,#2188,.T.);
#5325=EDGE_CURVE('',#4287,#4238,#2189,.T.);
#5326=EDGE_CURVE('',#4311,#4292,#2190,.T.);
#5327=EDGE_CURVE('',#4271,#4311,#2191,.T.);
#5328=EDGE_CURVE('',#4228,#4290,#2192,.T.);
#5329=EDGE_CURVE('',#4312,#4278,#2193,.T.);
#5330=EDGE_CURVE('',#4312,#4291,#2194,.T.);
#5331=EDGE_CURVE('',#4279,#4219,#2195,.T.);
#5332=EDGE_CURVE('',#4313,#4286,#2196,.T.);
#5333=EDGE_CURVE('',#4263,#4313,#2197,.T.);
#5334=EDGE_CURVE('',#4247,#4282,#2198,.T.);
#5335=EDGE_CURVE('',#4314,#4270,#2199,.T.);
#5336=EDGE_CURVE('',#4314,#4283,#2200,.T.);
#5337=EDGE_CURVE('',#4305,#4297,#2201,.T.);
#5338=EDGE_CURVE('',#4304,#4298,#2202,.T.);
#5339=EDGE_CURVE('',#4303,#4295,#2203,.T.);
#5340=EDGE_CURVE('',#4306,#4296,#2204,.T.);
#5341=EDGE_CURVE('',#4299,#4310,#2205,.T.);
#5342=EDGE_CURVE('',#4300,#4309,#2206,.T.);
#5343=EDGE_CURVE('',#4302,#4307,#2207,.T.);
#5344=EDGE_CURVE('',#4301,#4308,#2208,.T.);
#5345=EDGE_CURVE('',#4315,#4294,#2209,.T.);
#5346=EDGE_CURVE('',#4315,#4316,#3632,.T.);
#5347=EDGE_CURVE('',#4316,#4293,#2210,.T.);
#5348=EDGE_CURVE('',#3996,#4315,#2211,.T.);
#5349=EDGE_CURVE('',#4316,#3995,#2212,.T.);
#5350=EDGE_CURVE('',#4311,#4312,#3633,.T.);
#5351=EDGE_CURVE('',#4212,#4277,#2213,.T.);
#5352=EDGE_CURVE('',#4211,#4272,#2214,.T.);
#5353=EDGE_CURVE('',#4313,#4317,#2215,.T.);
#5354=EDGE_CURVE('',#4317,#4318,#3634,.T.);
#5355=EDGE_CURVE('',#4318,#4314,#2216,.T.);
#5356=EDGE_CURVE('',#4269,#4205,#2217,.T.);
#5357=EDGE_CURVE('',#4264,#4206,#2218,.T.);
#5358=EDGE_CURVE('',#4317,#4285,#2219,.T.);
#5359=EDGE_CURVE('',#4318,#4284,#2220,.T.);
#5360=EDGE_CURVE('',#4066,#4288,#2221,.T.);
#5361=EDGE_CURVE('',#4067,#4237,#2222,.T.);
#5362=EDGE_CURVE('',#4064,#4229,#2223,.T.);
#5363=EDGE_CURVE('',#4065,#4289,#2224,.T.);
#5364=EDGE_CURVE('',#4043,#4280,#2225,.T.);
#5365=EDGE_CURVE('',#4044,#4218,#2226,.T.);
#5366=EDGE_CURVE('',#4042,#4281,#2227,.T.);
#5367=EDGE_CURVE('',#4041,#4248,#2228,.T.);
#5368=EDGE_CURVE('',#4063,#4230,#2229,.T.);
#5369=EDGE_CURVE('',#4062,#4231,#2230,.T.);
#5370=EDGE_CURVE('',#4061,#4232,#2231,.T.);
#5371=EDGE_CURVE('',#4060,#4233,#2232,.T.);
#5372=EDGE_CURVE('',#4059,#4234,#2233,.T.);
#5373=EDGE_CURVE('',#4058,#4235,#2234,.T.);
#5374=EDGE_CURVE('',#4068,#4236,#2235,.T.);
#5375=EDGE_CURVE('',#4045,#4217,#2236,.T.);
#5376=EDGE_CURVE('',#4040,#4249,#2237,.T.);
#5377=EDGE_CURVE('',#4039,#4250,#2238,.T.);
#5378=EDGE_CURVE('',#4038,#4251,#2239,.T.);
#5379=EDGE_CURVE('',#4037,#4252,#2240,.T.);
#5380=EDGE_CURVE('',#4036,#4253,#2241,.T.);
#5381=EDGE_CURVE('',#4035,#4254,#2242,.T.);
#5382=EDGE_CURVE('',#4125,#4070,#2243,.T.);
#5383=EDGE_CURVE('',#4126,#4071,#2244,.T.);
#5384=EDGE_CURVE('',#4128,#4072,#2245,.T.);
#5385=EDGE_CURVE('',#4127,#4069,#2246,.T.);
#5386=EDGE_CURVE('',#4121,#4047,#2247,.T.);
#5387=EDGE_CURVE('',#4122,#4048,#2248,.T.);
#5388=EDGE_CURVE('',#4124,#4049,#2249,.T.);
#5389=EDGE_CURVE('',#4123,#4046,#2250,.T.);
#5390=EDGE_CURVE('',#4216,#4273,#2251,.T.);
#5391=EDGE_CURVE('',#4215,#4274,#2252,.T.);
#5392=EDGE_CURVE('',#4214,#4275,#2253,.T.);
#5393=EDGE_CURVE('',#4213,#4276,#2254,.T.);
#5394=EDGE_CURVE('',#4268,#4207,#2255,.T.);
#5395=EDGE_CURVE('',#4267,#4208,#2256,.T.);
#5396=EDGE_CURVE('',#4266,#4209,#2257,.T.);
#5397=EDGE_CURVE('',#4265,#4210,#2258,.T.);
#5398=EDGE_CURVE('',#4260,#4319,#2259,.T.);
#5399=EDGE_CURVE('',#4319,#4320,#2260,.T.);
#5400=EDGE_CURVE('',#4259,#4320,#2261,.T.);
#5401=EDGE_CURVE('',#4262,#4321,#2262,.T.);
#5402=EDGE_CURVE('',#4321,#4319,#2263,.T.);
#5403=EDGE_CURVE('',#4261,#4322,#2264,.T.);
#5404=EDGE_CURVE('',#4322,#4321,#2265,.T.);
#5405=EDGE_CURVE('',#4320,#4322,#2266,.T.);
#5406=EDGE_CURVE('',#4256,#4323,#2267,.T.);
#5407=EDGE_CURVE('',#4323,#4324,#2268,.T.);
#5408=EDGE_CURVE('',#4255,#4324,#2269,.T.);
#5409=EDGE_CURVE('',#4258,#4325,#2270,.T.);
#5410=EDGE_CURVE('',#4325,#4323,#2271,.T.);
#5411=EDGE_CURVE('',#4257,#4326,#2272,.T.);
#5412=EDGE_CURVE('',#4326,#4325,#2273,.T.);
#5413=EDGE_CURVE('',#4324,#4326,#2274,.T.);
#5414=EDGE_CURVE('',#4196,#4191,#2275,.T.);
#5415=EDGE_CURVE('',#4197,#4190,#2276,.T.);
#5416=EDGE_CURVE('',#4166,#4173,#2277,.T.);
#5417=EDGE_CURVE('',#4167,#4172,#2278,.T.);
#5418=EDGE_CURVE('',#4142,#4149,#2279,.T.);
#5419=EDGE_CURVE('',#4143,#4148,#2280,.T.);
#5420=EDGE_CURVE('',#4181,#4194,#2281,.T.);
#5421=EDGE_CURVE('',#4187,#4200,#2282,.T.);
#5422=EDGE_CURVE('',#4186,#4201,#2283,.T.);
#5423=EDGE_CURVE('',#4185,#4202,#2284,.T.);
#5424=EDGE_CURVE('',#4184,#4203,#2285,.T.);
#5425=EDGE_CURVE('',#4183,#4204,#2286,.T.);
#5426=EDGE_CURVE('',#4161,#4178,#2287,.T.);
#5427=EDGE_CURVE('',#4162,#4177,#2288,.T.);
#5428=EDGE_CURVE('',#4160,#4179,#2289,.T.);
#5429=EDGE_CURVE('',#4159,#4180,#2290,.T.);
#5430=EDGE_CURVE('',#4157,#4170,#2291,.T.);
#5431=EDGE_CURVE('',#4163,#4176,#2292,.T.);
#5432=EDGE_CURVE('',#4137,#4154,#2293,.T.);
#5433=EDGE_CURVE('',#4138,#4153,#2294,.T.);
#5434=EDGE_CURVE('',#4136,#4155,#2295,.T.);
#5435=EDGE_CURVE('',#4135,#4156,#2296,.T.);
#5436=EDGE_CURVE('',#4133,#4146,#2297,.T.);
#5437=EDGE_CURVE('',#4139,#4152,#2298,.T.);
#5438=EDGE_CURVE('',#4132,#4095,#2299,.T.);
#5439=EDGE_CURVE('',#4131,#4094,#2300,.T.);
#5440=EDGE_CURVE('',#4129,#4114,#2301,.T.);
#5441=EDGE_CURVE('',#4130,#4115,#2302,.T.);
#5442=EDGE_CURVE('',#4327,#4111,#2303,.T.);
#5443=EDGE_CURVE('',#4119,#4327,#2304,.T.);
#5444=EDGE_CURVE('',#4328,#4110,#2305,.T.);
#5445=EDGE_CURVE('',#4327,#4328,#2306,.T.);
#5446=EDGE_CURVE('',#4329,#4109,#2307,.T.);
#5447=EDGE_CURVE('',#4328,#4329,#2308,.T.);
#5448=EDGE_CURVE('',#4330,#4108,#2309,.T.);
#5449=EDGE_CURVE('',#4329,#4330,#2310,.T.);
#5450=EDGE_CURVE('',#4331,#4107,#2311,.T.);
#5451=EDGE_CURVE('',#4330,#4331,#2312,.T.);
#5452=EDGE_CURVE('',#4332,#4106,#2313,.T.);
#5453=EDGE_CURVE('',#4331,#4332,#2314,.T.);
#5454=EDGE_CURVE('',#4333,#4105,#2315,.T.);
#5455=EDGE_CURVE('',#4332,#4333,#2316,.T.);
#5456=EDGE_CURVE('',#4334,#4104,#2317,.T.);
#5457=EDGE_CURVE('',#4333,#4334,#2318,.T.);
#5458=EDGE_CURVE('',#4335,#4103,#2319,.T.);
#5459=EDGE_CURVE('',#4334,#4335,#2320,.T.);
#5460=EDGE_CURVE('',#4336,#4102,#2321,.T.);
#5461=EDGE_CURVE('',#4335,#4336,#2322,.T.);
#5462=EDGE_CURVE('',#4337,#4101,#2323,.T.);
#5463=EDGE_CURVE('',#4336,#4337,#2324,.T.);
#5464=EDGE_CURVE('',#4338,#4100,#2325,.T.);
#5465=EDGE_CURVE('',#4337,#4338,#2326,.T.);
#5466=EDGE_CURVE('',#4339,#4099,#2327,.T.);
#5467=EDGE_CURVE('',#4338,#4339,#2328,.T.);
#5468=EDGE_CURVE('',#4340,#4098,#2329,.T.);
#5469=EDGE_CURVE('',#4339,#4340,#2330,.T.);
#5470=EDGE_CURVE('',#4340,#4120,#2331,.T.);
#5471=EDGE_CURVE('',#4341,#4342,#2332,.T.);
#5472=EDGE_CURVE('',#4343,#4341,#2333,.T.);
#5473=EDGE_CURVE('',#4344,#4343,#2334,.T.);
#5474=EDGE_CURVE('',#4345,#4344,#2335,.T.);
#5475=EDGE_CURVE('',#4346,#4345,#2336,.T.);
#5476=EDGE_CURVE('',#4347,#4346,#2337,.T.);
#5477=EDGE_CURVE('',#4348,#4347,#2338,.T.);
#5478=EDGE_CURVE('',#4349,#4348,#2339,.T.);
#5479=EDGE_CURVE('',#4350,#4349,#2340,.T.);
#5480=EDGE_CURVE('',#4351,#4350,#2341,.T.);
#5481=EDGE_CURVE('',#4352,#4351,#2342,.T.);
#5482=EDGE_CURVE('',#4353,#4352,#2343,.T.);
#5483=EDGE_CURVE('',#4354,#4353,#2344,.T.);
#5484=EDGE_CURVE('',#4355,#4354,#2345,.T.);
#5485=EDGE_CURVE('',#4356,#4355,#2346,.T.);
#5486=EDGE_CURVE('',#4342,#4356,#2347,.T.);
#5487=EDGE_CURVE('',#4357,#4084,#2348,.T.);
#5488=EDGE_CURVE('',#4358,#4357,#2349,.T.);
#5489=EDGE_CURVE('',#4358,#4085,#2350,.T.);
#5490=EDGE_CURVE('',#4359,#4083,#2351,.T.);
#5491=EDGE_CURVE('',#4357,#4359,#2352,.T.);
#5492=EDGE_CURVE('',#4360,#4082,#2353,.T.);
#5493=EDGE_CURVE('',#4359,#4360,#2354,.T.);
#5494=EDGE_CURVE('',#4361,#4081,#2355,.T.);
#5495=EDGE_CURVE('',#4360,#4361,#2356,.T.);
#5496=EDGE_CURVE('',#4362,#4080,#2357,.T.);
#5497=EDGE_CURVE('',#4361,#4362,#2358,.T.);
#5498=EDGE_CURVE('',#4363,#4079,#2359,.T.);
#5499=EDGE_CURVE('',#4362,#4363,#2360,.T.);
#5500=EDGE_CURVE('',#4364,#4077,#2361,.T.);
#5501=EDGE_CURVE('',#4363,#4364,#2362,.T.);
#5502=EDGE_CURVE('',#4364,#4117,#2363,.T.);
#5503=EDGE_CURVE('',#4365,#4091,#2364,.T.);
#5504=EDGE_CURVE('',#4118,#4365,#2365,.T.);
#5505=EDGE_CURVE('',#4366,#4090,#2366,.T.);
#5506=EDGE_CURVE('',#4365,#4366,#2367,.T.);
#5507=EDGE_CURVE('',#4367,#4089,#2368,.T.);
#5508=EDGE_CURVE('',#4366,#4367,#2369,.T.);
#5509=EDGE_CURVE('',#4368,#4088,#2370,.T.);
#5510=EDGE_CURVE('',#4367,#4368,#2371,.T.);
#5511=EDGE_CURVE('',#4369,#4087,#2372,.T.);
#5512=EDGE_CURVE('',#4368,#4369,#2373,.T.);
#5513=EDGE_CURVE('',#4370,#4086,#2374,.T.);
#5514=EDGE_CURVE('',#4369,#4370,#2375,.T.);
#5515=EDGE_CURVE('',#4370,#4358,#2376,.T.);
#5516=EDGE_CURVE('',#4371,#4372,#2377,.T.);
#5517=EDGE_CURVE('',#4373,#4371,#2378,.T.);
#5518=EDGE_CURVE('',#4374,#4373,#2379,.T.);
#5519=EDGE_CURVE('',#4375,#4374,#2380,.T.);
#5520=EDGE_CURVE('',#4376,#4375,#2381,.T.);
#5521=EDGE_CURVE('',#4377,#4376,#2382,.T.);
#5522=EDGE_CURVE('',#4378,#4377,#2383,.T.);
#5523=EDGE_CURVE('',#4379,#4378,#2384,.T.);
#5524=EDGE_CURVE('',#4380,#4379,#2385,.T.);
#5525=EDGE_CURVE('',#4381,#4380,#2386,.T.);
#5526=EDGE_CURVE('',#4382,#4381,#2387,.T.);
#5527=EDGE_CURVE('',#4383,#4382,#2388,.T.);
#5528=EDGE_CURVE('',#4384,#4383,#2389,.T.);
#5529=EDGE_CURVE('',#4385,#4384,#2390,.T.);
#5530=EDGE_CURVE('',#4386,#4385,#2391,.T.);
#5531=EDGE_CURVE('',#4372,#4386,#2392,.T.);
#5532=EDGE_CURVE('',#4387,#4342,#2393,.T.);
#5533=EDGE_CURVE('',#4388,#4387,#2394,.T.);
#5534=EDGE_CURVE('',#4388,#4341,#2395,.T.);
#5535=EDGE_CURVE('',#4389,#4388,#2396,.T.);
#5536=EDGE_CURVE('',#4389,#4343,#2397,.T.);
#5537=EDGE_CURVE('',#4390,#4389,#2398,.T.);
#5538=EDGE_CURVE('',#4390,#4344,#2399,.T.);
#5539=EDGE_CURVE('',#4391,#4390,#2400,.T.);
#5540=EDGE_CURVE('',#4391,#4345,#2401,.T.);
#5541=EDGE_CURVE('',#4392,#4391,#2402,.T.);
#5542=EDGE_CURVE('',#4392,#4346,#2403,.T.);
#5543=EDGE_CURVE('',#4393,#4392,#2404,.T.);
#5544=EDGE_CURVE('',#4393,#4347,#2405,.T.);
#5545=EDGE_CURVE('',#4394,#4393,#2406,.T.);
#5546=EDGE_CURVE('',#4394,#4348,#2407,.T.);
#5547=EDGE_CURVE('',#4395,#4394,#2408,.T.);
#5548=EDGE_CURVE('',#4395,#4349,#2409,.T.);
#5549=EDGE_CURVE('',#4396,#4395,#2410,.T.);
#5550=EDGE_CURVE('',#4396,#4350,#2411,.T.);
#5551=EDGE_CURVE('',#4397,#4396,#2412,.T.);
#5552=EDGE_CURVE('',#4397,#4351,#2413,.T.);
#5553=EDGE_CURVE('',#4398,#4397,#2414,.T.);
#5554=EDGE_CURVE('',#4398,#4352,#2415,.T.);
#5555=EDGE_CURVE('',#4399,#4398,#2416,.T.);
#5556=EDGE_CURVE('',#4399,#4353,#2417,.T.);
#5557=EDGE_CURVE('',#4400,#4399,#2418,.T.);
#5558=EDGE_CURVE('',#4400,#4354,#2419,.T.);
#5559=EDGE_CURVE('',#4401,#4400,#2420,.T.);
#5560=EDGE_CURVE('',#4401,#4355,#2421,.T.);
#5561=EDGE_CURVE('',#4402,#4401,#2422,.T.);
#5562=EDGE_CURVE('',#4402,#4356,#2423,.T.);
#5563=EDGE_CURVE('',#4387,#4402,#2424,.T.);
#5564=EDGE_CURVE('',#4403,#4372,#2425,.T.);
#5565=EDGE_CURVE('',#4404,#4403,#2426,.T.);
#5566=EDGE_CURVE('',#4404,#4371,#2427,.T.);
#5567=EDGE_CURVE('',#4405,#4404,#2428,.T.);
#5568=EDGE_CURVE('',#4405,#4373,#2429,.T.);
#5569=EDGE_CURVE('',#4406,#4405,#2430,.T.);
#5570=EDGE_CURVE('',#4406,#4374,#2431,.T.);
#5571=EDGE_CURVE('',#4407,#4406,#2432,.T.);
#5572=EDGE_CURVE('',#4407,#4375,#2433,.T.);
#5573=EDGE_CURVE('',#4408,#4407,#2434,.T.);
#5574=EDGE_CURVE('',#4408,#4376,#2435,.T.);
#5575=EDGE_CURVE('',#4409,#4408,#2436,.T.);
#5576=EDGE_CURVE('',#4409,#4377,#2437,.T.);
#5577=EDGE_CURVE('',#4410,#4409,#2438,.T.);
#5578=EDGE_CURVE('',#4410,#4378,#2439,.T.);
#5579=EDGE_CURVE('',#4411,#4410,#2440,.T.);
#5580=EDGE_CURVE('',#4411,#4379,#2441,.T.);
#5581=EDGE_CURVE('',#4412,#4411,#2442,.T.);
#5582=EDGE_CURVE('',#4412,#4380,#2443,.T.);
#5583=EDGE_CURVE('',#4413,#4412,#2444,.T.);
#5584=EDGE_CURVE('',#4413,#4381,#2445,.T.);
#5585=EDGE_CURVE('',#4414,#4413,#2446,.T.);
#5586=EDGE_CURVE('',#4414,#4382,#2447,.T.);
#5587=EDGE_CURVE('',#4415,#4414,#2448,.T.);
#5588=EDGE_CURVE('',#4415,#4383,#2449,.T.);
#5589=EDGE_CURVE('',#4416,#4415,#2450,.T.);
#5590=EDGE_CURVE('',#4416,#4384,#2451,.T.);
#5591=EDGE_CURVE('',#4417,#4416,#2452,.T.);
#5592=EDGE_CURVE('',#4417,#4385,#2453,.T.);
#5593=EDGE_CURVE('',#4418,#4417,#2454,.T.);
#5594=EDGE_CURVE('',#4418,#4386,#2455,.T.);
#5595=EDGE_CURVE('',#4403,#4418,#2456,.T.);
#5596=EDGE_CURVE('',#4419,#4420,#3635,.T.);
#5597=EDGE_CURVE('',#4420,#4419,#2457,.T.);
#5598=EDGE_CURVE('',#4420,#4421,#31,.T.);
#5599=EDGE_CURVE('',#4422,#4421,#3636,.T.);
#5600=EDGE_CURVE('',#4422,#4419,#32,.T.);
#5601=EDGE_CURVE('',#4423,#4424,#3637,.T.);
#5602=EDGE_CURVE('',#4423,#4422,#89,.T.);
#5603=EDGE_CURVE('',#4421,#4424,#90,.T.);
#5604=EDGE_CURVE('',#4424,#3924,#2458,.T.);
#5605=EDGE_CURVE('',#3923,#4423,#2459,.T.);
#5606=EDGE_CURVE('',#3922,#4425,#2460,.T.);
#5607=EDGE_CURVE('',#4425,#3927,#3638,.T.);
#5608=EDGE_CURVE('',#3934,#4426,#3639,.T.);
#5609=EDGE_CURVE('',#4426,#3921,#2461,.T.);
#5610=EDGE_CURVE('',#4427,#4428,#3640,.T.);
#5611=EDGE_CURVE('',#4428,#4427,#2462,.T.);
#5612=EDGE_CURVE('',#4428,#4429,#33,.T.);
#5613=EDGE_CURVE('',#4430,#4429,#3641,.T.);
#5614=EDGE_CURVE('',#4430,#4427,#34,.T.);
#5615=EDGE_CURVE('',#4431,#4432,#3642,.T.);
#5616=EDGE_CURVE('',#4431,#4430,#91,.T.);
#5617=EDGE_CURVE('',#4429,#4432,#92,.T.);
#5618=EDGE_CURVE('',#4432,#3910,#2463,.T.);
#5619=EDGE_CURVE('',#3909,#4431,#2464,.T.);
#5620=EDGE_CURVE('',#3908,#4433,#2465,.T.);
#5621=EDGE_CURVE('',#4433,#3913,#3643,.T.);
#5622=EDGE_CURVE('',#3920,#4434,#3644,.T.);
#5623=EDGE_CURVE('',#4434,#3907,#2466,.T.);
#5624=EDGE_CURVE('',#3914,#4435,#2467,.T.);
#5625=EDGE_CURVE('',#4435,#4436,#3645,.T.);
#5626=EDGE_CURVE('',#4436,#3915,#2468,.T.);
#5627=EDGE_CURVE('',#4437,#3918,#2469,.T.);
#5628=EDGE_CURVE('',#4438,#4437,#3646,.T.);
#5629=EDGE_CURVE('',#3919,#4438,#2470,.T.);
#5630=EDGE_CURVE('',#4010,#4009,#2471,.T.);
#5631=EDGE_CURVE('',#4436,#4437,#2472,.T.);
#5632=EDGE_CURVE('',#4435,#4438,#2473,.T.);
#5633=EDGE_CURVE('',#4433,#4434,#2474,.T.);
#5634=EDGE_CURVE('',#3928,#4439,#2475,.T.);
#5635=EDGE_CURVE('',#4439,#4440,#3647,.T.);
#5636=EDGE_CURVE('',#4440,#3929,#2476,.T.);
#5637=EDGE_CURVE('',#4441,#3932,#2477,.T.);
#5638=EDGE_CURVE('',#4442,#4441,#3648,.T.);
#5639=EDGE_CURVE('',#3933,#4442,#2478,.T.);
#5640=EDGE_CURVE('',#4022,#4021,#2479,.T.);
#5641=EDGE_CURVE('',#4440,#4441,#2480,.T.);
#5642=EDGE_CURVE('',#4439,#4442,#2481,.T.);
#5643=EDGE_CURVE('',#4425,#4426,#2482,.T.);
#5644=EDGE_CURVE('',#4050,#4054,#3649,.T.);
#5645=EDGE_CURVE('',#4443,#4443,#3650,.T.);
#5646=EDGE_CURVE('',#4443,#4444,#2483,.T.);
#5647=EDGE_CURVE('',#4444,#4444,#3651,.T.);
#5648=EDGE_CURVE('',#4445,#4445,#3652,.T.);
#5649=EDGE_CURVE('',#4445,#4446,#2484,.T.);
#5650=EDGE_CURVE('',#4446,#4446,#3653,.T.);
#5651=EDGE_CURVE('',#4447,#4447,#3654,.T.);
#5652=EDGE_CURVE('',#4447,#4448,#2485,.T.);
#5653=EDGE_CURVE('',#4448,#4448,#3655,.T.);
#5654=EDGE_CURVE('',#4448,#4449,#2486,.T.);
#5655=EDGE_CURVE('',#4449,#4449,#3656,.T.);
#5656=EDGE_CURVE('',#4450,#4450,#3657,.T.);
#5657=EDGE_CURVE('',#4450,#4451,#2487,.T.);
#5658=EDGE_CURVE('',#4451,#4451,#3658,.T.);
#5659=EDGE_CURVE('',#4452,#4452,#3659,.T.);
#5660=EDGE_CURVE('',#4452,#4453,#2488,.T.);
#5661=EDGE_CURVE('',#4453,#4453,#3660,.T.);
#5662=EDGE_CURVE('',#4454,#4454,#3661,.T.);
#5663=EDGE_CURVE('',#4454,#4455,#2489,.T.);
#5664=EDGE_CURVE('',#4455,#4455,#3662,.T.);
#5665=EDGE_CURVE('',#4456,#4456,#3663,.T.);
#5666=EDGE_CURVE('',#4456,#4457,#2490,.T.);
#5667=EDGE_CURVE('',#4457,#4457,#3664,.T.);
#5668=EDGE_CURVE('',#4458,#4458,#3665,.T.);
#5669=EDGE_CURVE('',#4458,#4459,#2491,.T.);
#5670=EDGE_CURVE('',#4459,#4459,#3666,.T.);
#5671=EDGE_CURVE('',#4460,#4460,#3667,.T.);
#5672=EDGE_CURVE('',#4460,#4458,#2492,.T.);
#5673=EDGE_CURVE('',#4461,#4462,#3668,.T.);
#5674=EDGE_CURVE('',#4461,#4463,#2493,.T.);
#5675=EDGE_CURVE('',#4464,#4463,#3669,.T.);
#5676=EDGE_CURVE('',#4464,#4460,#2494,.T.);
#5677=EDGE_CURVE('',#4465,#4464,#3670,.T.);
#5678=EDGE_CURVE('',#4462,#4465,#2495,.T.);
#5679=EDGE_CURVE('',#4466,#4467,#3671,.T.);
#5680=EDGE_CURVE('',#4466,#4468,#35,.T.);
#5681=EDGE_CURVE('',#4468,#4469,#3672,.T.);
#5682=EDGE_CURVE('',#4469,#4467,#36,.T.);
#5683=EDGE_CURVE('',#4468,#4470,#37,.T.);
#5684=EDGE_CURVE('',#4470,#4471,#3673,.T.);
#5685=EDGE_CURVE('',#4471,#4469,#38,.T.);
#5686=EDGE_CURVE('',#4472,#4473,#3674,.T.);
#5687=EDGE_CURVE('',#4472,#4474,#2496,.T.);
#5688=EDGE_CURVE('',#4474,#4475,#3675,.T.);
#5689=EDGE_CURVE('',#4475,#4473,#2497,.T.);
#5690=EDGE_CURVE('',#4474,#4476,#2498,.T.);
#5691=EDGE_CURVE('',#4476,#4477,#3676,.T.);
#5692=EDGE_CURVE('',#4477,#4475,#2499,.T.);
#5693=EDGE_CURVE('',#4470,#4472,#2500,.T.);
#5694=EDGE_CURVE('',#4473,#4471,#2501,.T.);
#5695=EDGE_CURVE('',#4478,#4479,#2502,.T.);
#5696=EDGE_CURVE('',#4479,#4480,#2503,.T.);
#5697=EDGE_CURVE('',#4480,#4461,#2504,.T.);
#5698=EDGE_CURVE('',#4462,#4478,#2505,.T.);
#5699=EDGE_CURVE('',#4481,#4482,#2506,.T.);
#5700=EDGE_CURVE('',#4483,#4481,#2507,.T.);
#5701=EDGE_CURVE('',#4484,#4483,#2508,.T.);
#5702=EDGE_CURVE('',#4485,#4484,#2509,.T.);
#5703=EDGE_CURVE('',#4485,#4482,#3677,.T.);
#5704=EDGE_CURVE('',#4482,#4486,#93,.T.);
#5705=EDGE_CURVE('',#4487,#4485,#94,.T.);
#5706=EDGE_CURVE('',#4487,#4486,#3678,.T.);
#5707=EDGE_CURVE('',#4486,#4463,#2510,.T.);
#5708=EDGE_CURVE('',#4465,#4487,#2511,.T.);
#5709=EDGE_CURVE('',#4478,#4484,#2512,.T.);
#5710=EDGE_CURVE('',#4479,#4483,#2513,.T.);
#5711=EDGE_CURVE('',#4480,#4481,#2514,.T.);
#5712=EDGE_CURVE('',#4467,#4466,#3679,.T.);
#5713=EDGE_CURVE('',#4488,#4467,#2515,.T.);
#5714=EDGE_CURVE('',#4488,#4489,#3680,.T.);
#5715=EDGE_CURVE('',#4489,#4466,#2516,.T.);
#5716=EDGE_CURVE('',#4489,#4490,#2517,.T.);
#5717=EDGE_CURVE('',#4490,#4476,#2518,.T.);
#5718=EDGE_CURVE('',#4490,#4491,#3681,.T.);
#5719=EDGE_CURVE('',#4491,#4477,#2519,.T.);
#5720=EDGE_CURVE('',#4491,#4488,#2520,.T.);
#5721=ORIENTED_EDGE('',*,*,#4492,.F.);
#5722=ORIENTED_EDGE('',*,*,#4493,.T.);
#5723=ORIENTED_EDGE('',*,*,#4494,.T.);
#5724=ORIENTED_EDGE('',*,*,#4493,.F.);
#5725=ORIENTED_EDGE('',*,*,#4495,.F.);
#5726=ORIENTED_EDGE('',*,*,#4496,.T.);
#5727=ORIENTED_EDGE('',*,*,#4497,.T.);
#5728=ORIENTED_EDGE('',*,*,#4496,.F.);
#5729=ORIENTED_EDGE('',*,*,#4498,.F.);
#5730=ORIENTED_EDGE('',*,*,#4499,.T.);
#5731=ORIENTED_EDGE('',*,*,#4500,.T.);
#5732=ORIENTED_EDGE('',*,*,#4499,.F.);
#5733=ORIENTED_EDGE('',*,*,#4501,.F.);
#5734=ORIENTED_EDGE('',*,*,#4502,.T.);
#5735=ORIENTED_EDGE('',*,*,#4503,.T.);
#5736=ORIENTED_EDGE('',*,*,#4502,.F.);
#5737=ORIENTED_EDGE('',*,*,#4504,.F.);
#5738=ORIENTED_EDGE('',*,*,#4505,.T.);
#5739=ORIENTED_EDGE('',*,*,#4506,.T.);
#5740=ORIENTED_EDGE('',*,*,#4505,.F.);
#5741=ORIENTED_EDGE('',*,*,#4507,.F.);
#5742=ORIENTED_EDGE('',*,*,#4508,.T.);
#5743=ORIENTED_EDGE('',*,*,#4509,.T.);
#5744=ORIENTED_EDGE('',*,*,#4508,.F.);
#5745=ORIENTED_EDGE('',*,*,#4510,.F.);
#5746=ORIENTED_EDGE('',*,*,#4511,.F.);
#5747=ORIENTED_EDGE('',*,*,#4512,.T.);
#5748=ORIENTED_EDGE('',*,*,#4513,.F.);
#5749=ORIENTED_EDGE('',*,*,#4514,.F.);
#5750=ORIENTED_EDGE('',*,*,#4515,.F.);
#5751=ORIENTED_EDGE('',*,*,#4516,.F.);
#5752=ORIENTED_EDGE('',*,*,#4512,.F.);
#5753=ORIENTED_EDGE('',*,*,#4510,.T.);
#5754=ORIENTED_EDGE('',*,*,#4511,.T.);
#5755=ORIENTED_EDGE('',*,*,#4517,.T.);
#5756=ORIENTED_EDGE('',*,*,#4518,.F.);
#5757=ORIENTED_EDGE('',*,*,#4519,.F.);
#5758=ORIENTED_EDGE('',*,*,#4517,.F.);
#5759=ORIENTED_EDGE('',*,*,#4520,.F.);
#5760=ORIENTED_EDGE('',*,*,#4521,.T.);
#5761=ORIENTED_EDGE('',*,*,#4522,.T.);
#5762=ORIENTED_EDGE('',*,*,#4523,.F.);
#5763=ORIENTED_EDGE('',*,*,#4524,.F.);
#5764=ORIENTED_EDGE('',*,*,#4525,.T.);
#5765=ORIENTED_EDGE('',*,*,#4518,.T.);
#5766=ORIENTED_EDGE('',*,*,#4519,.T.);
#5767=ORIENTED_EDGE('',*,*,#4525,.F.);
#5768=ORIENTED_EDGE('',*,*,#4526,.F.);
#5769=ORIENTED_EDGE('',*,*,#4527,.T.);
#5770=ORIENTED_EDGE('',*,*,#4528,.T.);
#5771=ORIENTED_EDGE('',*,*,#4529,.F.);
#5772=ORIENTED_EDGE('',*,*,#4530,.F.);
#5773=ORIENTED_EDGE('',*,*,#4531,.T.);
#5774=ORIENTED_EDGE('',*,*,#4532,.T.);
#5775=ORIENTED_EDGE('',*,*,#4527,.F.);
#5776=ORIENTED_EDGE('',*,*,#4533,.F.);
#5777=ORIENTED_EDGE('',*,*,#4534,.T.);
#5778=ORIENTED_EDGE('',*,*,#4535,.T.);
#5779=ORIENTED_EDGE('',*,*,#4534,.F.);
#5780=ORIENTED_EDGE('',*,*,#4536,.F.);
#5781=ORIENTED_EDGE('',*,*,#4537,.T.);
#5782=ORIENTED_EDGE('',*,*,#4538,.T.);
#5783=ORIENTED_EDGE('',*,*,#4537,.F.);
#5784=ORIENTED_EDGE('',*,*,#4539,.F.);
#5785=ORIENTED_EDGE('',*,*,#4540,.F.);
#5786=ORIENTED_EDGE('',*,*,#4541,.F.);
#5787=ORIENTED_EDGE('',*,*,#4542,.F.);
#5788=ORIENTED_EDGE('',*,*,#4492,.T.);
#5789=ORIENTED_EDGE('',*,*,#4536,.T.);
#5790=ORIENTED_EDGE('',*,*,#4509,.F.);
#5791=ORIENTED_EDGE('',*,*,#4543,.T.);
#5792=ORIENTED_EDGE('',*,*,#4514,.T.);
#5793=ORIENTED_EDGE('',*,*,#4544,.T.);
#5794=ORIENTED_EDGE('',*,*,#4545,.T.);
#5795=ORIENTED_EDGE('',*,*,#4513,.T.);
#5796=ORIENTED_EDGE('',*,*,#4546,.T.);
#5797=ORIENTED_EDGE('',*,*,#4547,.T.);
#5798=ORIENTED_EDGE('',*,*,#4516,.T.);
#5799=ORIENTED_EDGE('',*,*,#4548,.T.);
#5800=ORIENTED_EDGE('',*,*,#4549,.T.);
#5801=ORIENTED_EDGE('',*,*,#4515,.T.);
#5802=ORIENTED_EDGE('',*,*,#4550,.T.);
#5803=ORIENTED_EDGE('',*,*,#4548,.F.);
#5804=ORIENTED_EDGE('',*,*,#4549,.F.);
#5805=ORIENTED_EDGE('',*,*,#4551,.T.);
#5806=ORIENTED_EDGE('',*,*,#4539,.T.);
#5807=ORIENTED_EDGE('',*,*,#4552,.F.);
#5808=ORIENTED_EDGE('',*,*,#4546,.F.);
#5809=ORIENTED_EDGE('',*,*,#4547,.F.);
#5810=ORIENTED_EDGE('',*,*,#4552,.T.);
#5811=ORIENTED_EDGE('',*,*,#4542,.T.);
#5812=ORIENTED_EDGE('',*,*,#4553,.F.);
#5813=ORIENTED_EDGE('',*,*,#4544,.F.);
#5814=ORIENTED_EDGE('',*,*,#4545,.F.);
#5815=ORIENTED_EDGE('',*,*,#4553,.T.);
#5816=ORIENTED_EDGE('',*,*,#4541,.T.);
#5817=ORIENTED_EDGE('',*,*,#4554,.F.);
#5818=ORIENTED_EDGE('',*,*,#4550,.F.);
#5819=ORIENTED_EDGE('',*,*,#4543,.F.);
#5820=ORIENTED_EDGE('',*,*,#4554,.T.);
#5821=ORIENTED_EDGE('',*,*,#4540,.T.);
#5822=ORIENTED_EDGE('',*,*,#4551,.F.);
#5823=ORIENTED_EDGE('',*,*,#4533,.T.);
#5824=ORIENTED_EDGE('',*,*,#4538,.F.);
#5825=ORIENTED_EDGE('',*,*,#4526,.T.);
#5826=ORIENTED_EDGE('',*,*,#4535,.F.);
#5827=ORIENTED_EDGE('',*,*,#4532,.F.);
#5828=ORIENTED_EDGE('',*,*,#4555,.T.);
#5829=ORIENTED_EDGE('',*,*,#4520,.T.);
#5830=ORIENTED_EDGE('',*,*,#4524,.T.);
#5831=ORIENTED_EDGE('',*,*,#4556,.F.);
#5832=ORIENTED_EDGE('',*,*,#4528,.F.);
#5833=ORIENTED_EDGE('',*,*,#4506,.F.);
#5834=ORIENTED_EDGE('',*,*,#4507,.T.);
#5835=ORIENTED_EDGE('',*,*,#4503,.F.);
#5836=ORIENTED_EDGE('',*,*,#4504,.T.);
#5837=ORIENTED_EDGE('',*,*,#4500,.F.);
#5838=ORIENTED_EDGE('',*,*,#4501,.T.);
#5839=ORIENTED_EDGE('',*,*,#4497,.F.);
#5840=ORIENTED_EDGE('',*,*,#4498,.T.);
#5841=ORIENTED_EDGE('',*,*,#4494,.F.);
#5842=ORIENTED_EDGE('',*,*,#4495,.T.);
#5843=ORIENTED_EDGE('',*,*,#4530,.T.);
#5844=ORIENTED_EDGE('',*,*,#4557,.F.);
#5845=ORIENTED_EDGE('',*,*,#4522,.F.);
#5846=ORIENTED_EDGE('',*,*,#4558,.T.);
#5847=ORIENTED_EDGE('',*,*,#4558,.F.);
#5848=ORIENTED_EDGE('',*,*,#4521,.F.);
#5849=ORIENTED_EDGE('',*,*,#4555,.F.);
#5850=ORIENTED_EDGE('',*,*,#4531,.F.);
#5851=ORIENTED_EDGE('',*,*,#4529,.T.);
#5852=ORIENTED_EDGE('',*,*,#4556,.T.);
#5853=ORIENTED_EDGE('',*,*,#4523,.T.);
#5854=ORIENTED_EDGE('',*,*,#4557,.T.);
#5855=ORIENTED_EDGE('',*,*,#4559,.F.);
#5856=ORIENTED_EDGE('',*,*,#4560,.T.);
#5857=ORIENTED_EDGE('',*,*,#4561,.T.);
#5858=ORIENTED_EDGE('',*,*,#4560,.F.);
#5859=ORIENTED_EDGE('',*,*,#4562,.F.);
#5860=ORIENTED_EDGE('',*,*,#4563,.T.);
#5861=ORIENTED_EDGE('',*,*,#4564,.T.);
#5862=ORIENTED_EDGE('',*,*,#4563,.F.);
#5863=ORIENTED_EDGE('',*,*,#4565,.F.);
#5864=ORIENTED_EDGE('',*,*,#4566,.T.);
#5865=ORIENTED_EDGE('',*,*,#4567,.T.);
#5866=ORIENTED_EDGE('',*,*,#4566,.F.);
#5867=ORIENTED_EDGE('',*,*,#4568,.F.);
#5868=ORIENTED_EDGE('',*,*,#4569,.T.);
#5869=ORIENTED_EDGE('',*,*,#4570,.T.);
#5870=ORIENTED_EDGE('',*,*,#4569,.F.);
#5871=ORIENTED_EDGE('',*,*,#4571,.F.);
#5872=ORIENTED_EDGE('',*,*,#4572,.T.);
#5873=ORIENTED_EDGE('',*,*,#4573,.F.);
#5874=ORIENTED_EDGE('',*,*,#4572,.F.);
#5875=ORIENTED_EDGE('',*,*,#4574,.T.);
#5876=ORIENTED_EDGE('',*,*,#4575,.T.);
#5877=ORIENTED_EDGE('',*,*,#4576,.T.);
#5878=ORIENTED_EDGE('',*,*,#4575,.F.);
#5879=ORIENTED_EDGE('',*,*,#4577,.F.);
#5880=ORIENTED_EDGE('',*,*,#4578,.T.);
#5881=ORIENTED_EDGE('',*,*,#4579,.T.);
#5882=ORIENTED_EDGE('',*,*,#4578,.F.);
#5883=ORIENTED_EDGE('',*,*,#4580,.F.);
#5884=ORIENTED_EDGE('',*,*,#4581,.T.);
#5885=ORIENTED_EDGE('',*,*,#4582,.F.);
#5886=ORIENTED_EDGE('',*,*,#4583,.T.);
#5887=ORIENTED_EDGE('',*,*,#4584,.F.);
#5888=ORIENTED_EDGE('',*,*,#4585,.T.);
#5889=ORIENTED_EDGE('',*,*,#4577,.T.);
#5890=ORIENTED_EDGE('',*,*,#4585,.F.);
#5891=ORIENTED_EDGE('',*,*,#4586,.F.);
#5892=ORIENTED_EDGE('',*,*,#4587,.T.);
#5893=ORIENTED_EDGE('',*,*,#4588,.F.);
#5894=ORIENTED_EDGE('',*,*,#4589,.T.);
#5895=ORIENTED_EDGE('',*,*,#4579,.F.);
#5896=ORIENTED_EDGE('',*,*,#4590,.T.);
#5897=ORIENTED_EDGE('',*,*,#4591,.T.);
#5898=ORIENTED_EDGE('',*,*,#4590,.F.);
#5899=ORIENTED_EDGE('',*,*,#4592,.F.);
#5900=ORIENTED_EDGE('',*,*,#4593,.T.);
#5901=ORIENTED_EDGE('',*,*,#4594,.T.);
#5902=ORIENTED_EDGE('',*,*,#4593,.F.);
#5903=ORIENTED_EDGE('',*,*,#4595,.T.);
#5904=ORIENTED_EDGE('',*,*,#4596,.T.);
#5905=ORIENTED_EDGE('',*,*,#4597,.F.);
#5906=ORIENTED_EDGE('',*,*,#4596,.F.);
#5907=ORIENTED_EDGE('',*,*,#4598,.T.);
#5908=ORIENTED_EDGE('',*,*,#4595,.F.);
#5909=ORIENTED_EDGE('',*,*,#4599,.T.);
#5910=ORIENTED_EDGE('',*,*,#4600,.T.);
#5911=ORIENTED_EDGE('',*,*,#4599,.F.);
#5912=ORIENTED_EDGE('',*,*,#4598,.F.);
#5913=ORIENTED_EDGE('',*,*,#4600,.F.);
#5914=ORIENTED_EDGE('',*,*,#4601,.T.);
#5915=ORIENTED_EDGE('',*,*,#4602,.T.);
#5916=ORIENTED_EDGE('',*,*,#4601,.F.);
#5917=ORIENTED_EDGE('',*,*,#4603,.F.);
#5918=ORIENTED_EDGE('',*,*,#4604,.T.);
#5919=ORIENTED_EDGE('',*,*,#4605,.T.);
#5920=ORIENTED_EDGE('',*,*,#4604,.F.);
#5921=ORIENTED_EDGE('',*,*,#4606,.F.);
#5922=ORIENTED_EDGE('',*,*,#4607,.T.);
#5923=ORIENTED_EDGE('',*,*,#4608,.F.);
#5924=ORIENTED_EDGE('',*,*,#4609,.T.);
#5925=ORIENTED_EDGE('',*,*,#4610,.F.);
#5926=ORIENTED_EDGE('',*,*,#4611,.T.);
#5927=ORIENTED_EDGE('',*,*,#4603,.T.);
#5928=ORIENTED_EDGE('',*,*,#4611,.F.);
#5929=ORIENTED_EDGE('',*,*,#4612,.F.);
#5930=ORIENTED_EDGE('',*,*,#4613,.T.);
#5931=ORIENTED_EDGE('',*,*,#4614,.F.);
#5932=ORIENTED_EDGE('',*,*,#4615,.T.);
#5933=ORIENTED_EDGE('',*,*,#4605,.F.);
#5934=ORIENTED_EDGE('',*,*,#4616,.T.);
#5935=ORIENTED_EDGE('',*,*,#4617,.T.);
#5936=ORIENTED_EDGE('',*,*,#4616,.F.);
#5937=ORIENTED_EDGE('',*,*,#4618,.F.);
#5938=ORIENTED_EDGE('',*,*,#4619,.T.);
#5939=ORIENTED_EDGE('',*,*,#4620,.T.);
#5940=ORIENTED_EDGE('',*,*,#4619,.F.);
#5941=ORIENTED_EDGE('',*,*,#4621,.T.);
#5942=ORIENTED_EDGE('',*,*,#4622,.T.);
#5943=ORIENTED_EDGE('',*,*,#4623,.F.);
#5944=ORIENTED_EDGE('',*,*,#4622,.F.);
#5945=ORIENTED_EDGE('',*,*,#4624,.T.);
#5946=ORIENTED_EDGE('',*,*,#4621,.F.);
#5947=ORIENTED_EDGE('',*,*,#4625,.T.);
#5948=ORIENTED_EDGE('',*,*,#4626,.T.);
#5949=ORIENTED_EDGE('',*,*,#4625,.F.);
#5950=ORIENTED_EDGE('',*,*,#4624,.F.);
#5951=ORIENTED_EDGE('',*,*,#4626,.F.);
#5952=ORIENTED_EDGE('',*,*,#4627,.T.);
#5953=ORIENTED_EDGE('',*,*,#4628,.T.);
#5954=ORIENTED_EDGE('',*,*,#4627,.F.);
#5955=ORIENTED_EDGE('',*,*,#4629,.F.);
#5956=ORIENTED_EDGE('',*,*,#4630,.T.);
#5957=ORIENTED_EDGE('',*,*,#4631,.T.);
#5958=ORIENTED_EDGE('',*,*,#4630,.F.);
#5959=ORIENTED_EDGE('',*,*,#4617,.F.);
#5960=ORIENTED_EDGE('',*,*,#4632,.T.);
#5961=ORIENTED_EDGE('',*,*,#4633,.T.);
#5962=ORIENTED_EDGE('',*,*,#4632,.F.);
#5963=ORIENTED_EDGE('',*,*,#4633,.F.);
#5964=ORIENTED_EDGE('',*,*,#4634,.T.);
#5965=ORIENTED_EDGE('',*,*,#4635,.T.);
#5966=ORIENTED_EDGE('',*,*,#4634,.F.);
#5967=ORIENTED_EDGE('',*,*,#4636,.F.);
#5968=ORIENTED_EDGE('',*,*,#4637,.T.);
#5969=ORIENTED_EDGE('',*,*,#4638,.T.);
#5970=ORIENTED_EDGE('',*,*,#4637,.F.);
#5971=ORIENTED_EDGE('',*,*,#4591,.F.);
#5972=ORIENTED_EDGE('',*,*,#4639,.T.);
#5973=ORIENTED_EDGE('',*,*,#4640,.T.);
#5974=ORIENTED_EDGE('',*,*,#4639,.F.);
#5975=ORIENTED_EDGE('',*,*,#4640,.F.);
#5976=ORIENTED_EDGE('',*,*,#4641,.T.);
#5977=ORIENTED_EDGE('',*,*,#4642,.T.);
#5978=ORIENTED_EDGE('',*,*,#4641,.F.);
#5979=ORIENTED_EDGE('',*,*,#4643,.T.);
#5980=ORIENTED_EDGE('',*,*,#4644,.T.);
#5981=ORIENTED_EDGE('',*,*,#4645,.T.);
#5982=ORIENTED_EDGE('',*,*,#4644,.F.);
#5983=ORIENTED_EDGE('',*,*,#4645,.F.);
#5984=ORIENTED_EDGE('',*,*,#4646,.T.);
#5985=ORIENTED_EDGE('',*,*,#4647,.T.);
#5986=ORIENTED_EDGE('',*,*,#4646,.F.);
#5987=ORIENTED_EDGE('',*,*,#4647,.F.);
#5988=ORIENTED_EDGE('',*,*,#4648,.T.);
#5989=ORIENTED_EDGE('',*,*,#4649,.T.);
#5990=ORIENTED_EDGE('',*,*,#4648,.F.);
#5991=ORIENTED_EDGE('',*,*,#4650,.T.);
#5992=ORIENTED_EDGE('',*,*,#4651,.T.);
#5993=ORIENTED_EDGE('',*,*,#4652,.T.);
#5994=ORIENTED_EDGE('',*,*,#4651,.F.);
#5995=ORIENTED_EDGE('',*,*,#4652,.F.);
#5996=ORIENTED_EDGE('',*,*,#4653,.T.);
#5997=ORIENTED_EDGE('',*,*,#4654,.T.);
#5998=ORIENTED_EDGE('',*,*,#4653,.F.);
#5999=ORIENTED_EDGE('',*,*,#4654,.F.);
#6000=ORIENTED_EDGE('',*,*,#4655,.T.);
#6001=ORIENTED_EDGE('',*,*,#4656,.T.);
#6002=ORIENTED_EDGE('',*,*,#4655,.F.);
#6003=ORIENTED_EDGE('',*,*,#4657,.T.);
#6004=ORIENTED_EDGE('',*,*,#4658,.F.);
#6005=ORIENTED_EDGE('',*,*,#4659,.F.);
#6006=ORIENTED_EDGE('',*,*,#4660,.T.);
#6007=ORIENTED_EDGE('',*,*,#4661,.F.);
#6008=ORIENTED_EDGE('',*,*,#4662,.F.);
#6009=ORIENTED_EDGE('',*,*,#4663,.F.);
#6010=ORIENTED_EDGE('',*,*,#4664,.F.);
#6011=ORIENTED_EDGE('',*,*,#4576,.F.);
#6012=ORIENTED_EDGE('',*,*,#4559,.T.);
#6013=ORIENTED_EDGE('',*,*,#4571,.T.);
#6014=ORIENTED_EDGE('',*,*,#4570,.F.);
#6015=ORIENTED_EDGE('',*,*,#4665,.T.);
#6016=ORIENTED_EDGE('',*,*,#4666,.T.);
#6017=ORIENTED_EDGE('',*,*,#4667,.T.);
#6018=ORIENTED_EDGE('',*,*,#4668,.T.);
#6019=ORIENTED_EDGE('',*,*,#4573,.T.);
#6020=ORIENTED_EDGE('',*,*,#4669,.F.);
#6021=ORIENTED_EDGE('',*,*,#4670,.F.);
#6022=ORIENTED_EDGE('',*,*,#4671,.F.);
#6023=ORIENTED_EDGE('',*,*,#4672,.F.);
#6024=ORIENTED_EDGE('',*,*,#4574,.F.);
#6025=ORIENTED_EDGE('',*,*,#4673,.T.);
#6026=ORIENTED_EDGE('',*,*,#4674,.T.);
#6027=ORIENTED_EDGE('',*,*,#4675,.F.);
#6028=ORIENTED_EDGE('',*,*,#4676,.F.);
#6029=ORIENTED_EDGE('',*,*,#4677,.F.);
#6030=ORIENTED_EDGE('',*,*,#4678,.F.);
#6031=ORIENTED_EDGE('',*,*,#4679,.F.);
#6032=ORIENTED_EDGE('',*,*,#4680,.F.);
#6033=ORIENTED_EDGE('',*,*,#4681,.F.);
#6034=ORIENTED_EDGE('',*,*,#4682,.F.);
#6035=ORIENTED_EDGE('',*,*,#4683,.T.);
#6036=ORIENTED_EDGE('',*,*,#4684,.T.);
#6037=ORIENTED_EDGE('',*,*,#4685,.T.);
#6038=ORIENTED_EDGE('',*,*,#4686,.T.);
#6039=ORIENTED_EDGE('',*,*,#4687,.T.);
#6040=ORIENTED_EDGE('',*,*,#4688,.T.);
#6041=ORIENTED_EDGE('',*,*,#4588,.T.);
#6042=ORIENTED_EDGE('',*,*,#4689,.T.);
#6043=ORIENTED_EDGE('',*,*,#4690,.T.);
#6044=ORIENTED_EDGE('',*,*,#4691,.T.);
#6045=ORIENTED_EDGE('',*,*,#4692,.T.);
#6046=ORIENTED_EDGE('',*,*,#4693,.T.);
#6047=ORIENTED_EDGE('',*,*,#4614,.T.);
#6048=ORIENTED_EDGE('',*,*,#4694,.T.);
#6049=ORIENTED_EDGE('',*,*,#4695,.T.);
#6050=ORIENTED_EDGE('',*,*,#4696,.T.);
#6051=ORIENTED_EDGE('',*,*,#4697,.T.);
#6052=ORIENTED_EDGE('',*,*,#4698,.T.);
#6053=ORIENTED_EDGE('',*,*,#4699,.T.);
#6054=ORIENTED_EDGE('',*,*,#4700,.F.);
#6055=ORIENTED_EDGE('',*,*,#4701,.T.);
#6056=ORIENTED_EDGE('',*,*,#4702,.T.);
#6057=ORIENTED_EDGE('',*,*,#4635,.F.);
#6058=ORIENTED_EDGE('',*,*,#4656,.F.);
#6059=ORIENTED_EDGE('',*,*,#4629,.T.);
#6060=ORIENTED_EDGE('',*,*,#4703,.T.);
#6061=ORIENTED_EDGE('',*,*,#4704,.F.);
#6062=ORIENTED_EDGE('',*,*,#4705,.F.);
#6063=ORIENTED_EDGE('',*,*,#4706,.T.);
#6064=ORIENTED_EDGE('',*,*,#4642,.F.);
#6065=ORIENTED_EDGE('',*,*,#4649,.F.);
#6066=ORIENTED_EDGE('',*,*,#4636,.T.);
#6067=ORIENTED_EDGE('',*,*,#4707,.F.);
#6068=ORIENTED_EDGE('',*,*,#4708,.F.);
#6069=ORIENTED_EDGE('',*,*,#4709,.T.);
#6070=ORIENTED_EDGE('',*,*,#4710,.T.);
#6071=ORIENTED_EDGE('',*,*,#4643,.F.);
#6072=ORIENTED_EDGE('',*,*,#4711,.F.);
#6073=ORIENTED_EDGE('',*,*,#4712,.F.);
#6074=ORIENTED_EDGE('',*,*,#4713,.T.);
#6075=ORIENTED_EDGE('',*,*,#4714,.T.);
#6076=ORIENTED_EDGE('',*,*,#4650,.F.);
#6077=ORIENTED_EDGE('',*,*,#4715,.F.);
#6078=ORIENTED_EDGE('',*,*,#4716,.T.);
#6079=ORIENTED_EDGE('',*,*,#4712,.T.);
#6080=ORIENTED_EDGE('',*,*,#4717,.F.);
#6081=ORIENTED_EDGE('',*,*,#4718,.T.);
#6082=ORIENTED_EDGE('',*,*,#4714,.F.);
#6083=ORIENTED_EDGE('',*,*,#4719,.F.);
#6084=ORIENTED_EDGE('',*,*,#4720,.F.);
#6085=ORIENTED_EDGE('',*,*,#4721,.F.);
#6086=ORIENTED_EDGE('',*,*,#4722,.F.);
#6087=ORIENTED_EDGE('',*,*,#4723,.T.);
#6088=ORIENTED_EDGE('',*,*,#4724,.F.);
#6089=ORIENTED_EDGE('',*,*,#4725,.T.);
#6090=ORIENTED_EDGE('',*,*,#4726,.T.);
#6091=ORIENTED_EDGE('',*,*,#4706,.F.);
#6092=ORIENTED_EDGE('',*,*,#4727,.T.);
#6093=ORIENTED_EDGE('',*,*,#4728,.F.);
#6094=ORIENTED_EDGE('',*,*,#4729,.F.);
#6095=ORIENTED_EDGE('',*,*,#4675,.T.);
#6096=ORIENTED_EDGE('',*,*,#4730,.T.);
#6097=ORIENTED_EDGE('',*,*,#4731,.F.);
#6098=ORIENTED_EDGE('',*,*,#4732,.F.);
#6099=ORIENTED_EDGE('',*,*,#4728,.T.);
#6100=ORIENTED_EDGE('',*,*,#4733,.F.);
#6101=ORIENTED_EDGE('',*,*,#4704,.T.);
#6102=ORIENTED_EDGE('',*,*,#4734,.T.);
#6103=ORIENTED_EDGE('',*,*,#4731,.T.);
#6104=ORIENTED_EDGE('',*,*,#4735,.T.);
#6105=ORIENTED_EDGE('',*,*,#4660,.F.);
#6106=ORIENTED_EDGE('',*,*,#4736,.F.);
#6107=ORIENTED_EDGE('',*,*,#4737,.F.);
#6108=ORIENTED_EDGE('',*,*,#4738,.F.);
#6109=ORIENTED_EDGE('',*,*,#4739,.F.);
#6110=ORIENTED_EDGE('',*,*,#4658,.T.);
#6111=ORIENTED_EDGE('',*,*,#4740,.T.);
#6112=ORIENTED_EDGE('',*,*,#4741,.F.);
#6113=ORIENTED_EDGE('',*,*,#4742,.T.);
#6114=ORIENTED_EDGE('',*,*,#4701,.F.);
#6115=ORIENTED_EDGE('',*,*,#4738,.T.);
#6116=ORIENTED_EDGE('',*,*,#4743,.T.);
#6117=ORIENTED_EDGE('',*,*,#4699,.F.);
#6118=ORIENTED_EDGE('',*,*,#4744,.F.);
#6119=ORIENTED_EDGE('',*,*,#4741,.T.);
#6120=ORIENTED_EDGE('',*,*,#4745,.T.);
#6121=ORIENTED_EDGE('',*,*,#4673,.F.);
#6122=ORIENTED_EDGE('',*,*,#4746,.F.);
#6123=ORIENTED_EDGE('',*,*,#4676,.T.);
#6124=ORIENTED_EDGE('',*,*,#4729,.T.);
#6125=ORIENTED_EDGE('',*,*,#4736,.T.);
#6126=ORIENTED_EDGE('',*,*,#4659,.T.);
#6127=ORIENTED_EDGE('',*,*,#4739,.T.);
#6128=ORIENTED_EDGE('',*,*,#4746,.T.);
#6129=ORIENTED_EDGE('',*,*,#4674,.F.);
#6130=ORIENTED_EDGE('',*,*,#4745,.F.);
#6131=ORIENTED_EDGE('',*,*,#4740,.F.);
#6132=ORIENTED_EDGE('',*,*,#4657,.F.);
#6133=ORIENTED_EDGE('',*,*,#4735,.F.);
#6134=ORIENTED_EDGE('',*,*,#4730,.F.);
#6135=ORIENTED_EDGE('',*,*,#4743,.F.);
#6136=ORIENTED_EDGE('',*,*,#4737,.T.);
#6137=ORIENTED_EDGE('',*,*,#4700,.T.);
#6138=ORIENTED_EDGE('',*,*,#4742,.F.);
#6139=ORIENTED_EDGE('',*,*,#4744,.T.);
#6140=ORIENTED_EDGE('',*,*,#4702,.F.);
#6141=ORIENTED_EDGE('',*,*,#4727,.F.);
#6142=ORIENTED_EDGE('',*,*,#4705,.T.);
#6143=ORIENTED_EDGE('',*,*,#4733,.T.);
#6144=ORIENTED_EDGE('',*,*,#4703,.F.);
#6145=ORIENTED_EDGE('',*,*,#4732,.T.);
#6146=ORIENTED_EDGE('',*,*,#4734,.F.);
#6147=ORIENTED_EDGE('',*,*,#4747,.T.);
#6148=ORIENTED_EDGE('',*,*,#4722,.T.);
#6149=ORIENTED_EDGE('',*,*,#4748,.F.);
#6150=ORIENTED_EDGE('',*,*,#4661,.T.);
#6151=ORIENTED_EDGE('',*,*,#4748,.T.);
#6152=ORIENTED_EDGE('',*,*,#4721,.T.);
#6153=ORIENTED_EDGE('',*,*,#4749,.F.);
#6154=ORIENTED_EDGE('',*,*,#4662,.T.);
#6155=ORIENTED_EDGE('',*,*,#4749,.T.);
#6156=ORIENTED_EDGE('',*,*,#4720,.T.);
#6157=ORIENTED_EDGE('',*,*,#4750,.F.);
#6158=ORIENTED_EDGE('',*,*,#4663,.T.);
#6159=ORIENTED_EDGE('',*,*,#4750,.T.);
#6160=ORIENTED_EDGE('',*,*,#4719,.T.);
#6161=ORIENTED_EDGE('',*,*,#4747,.F.);
#6162=ORIENTED_EDGE('',*,*,#4664,.T.);
#6163=ORIENTED_EDGE('',*,*,#4716,.F.);
#6164=ORIENTED_EDGE('',*,*,#4751,.F.);
#6165=ORIENTED_EDGE('',*,*,#4752,.F.);
#6166=ORIENTED_EDGE('',*,*,#4723,.F.);
#6167=ORIENTED_EDGE('',*,*,#4753,.T.);
#6168=ORIENTED_EDGE('',*,*,#4754,.F.);
#6169=ORIENTED_EDGE('',*,*,#4717,.T.);
#6170=ORIENTED_EDGE('',*,*,#4713,.F.);
#6171=ORIENTED_EDGE('',*,*,#4755,.T.);
#6172=ORIENTED_EDGE('',*,*,#4756,.T.);
#6173=ORIENTED_EDGE('',*,*,#4757,.T.);
#6174=ORIENTED_EDGE('',*,*,#4725,.F.);
#6175=ORIENTED_EDGE('',*,*,#4758,.F.);
#6176=ORIENTED_EDGE('',*,*,#4759,.T.);
#6177=ORIENTED_EDGE('',*,*,#4760,.F.);
#6178=ORIENTED_EDGE('',*,*,#4707,.T.);
#6179=ORIENTED_EDGE('',*,*,#4761,.F.);
#6180=ORIENTED_EDGE('',*,*,#4708,.T.);
#6181=ORIENTED_EDGE('',*,*,#4760,.T.);
#6182=ORIENTED_EDGE('',*,*,#4710,.F.);
#6183=ORIENTED_EDGE('',*,*,#4762,.T.);
#6184=ORIENTED_EDGE('',*,*,#4755,.F.);
#6185=ORIENTED_EDGE('',*,*,#4683,.F.);
#6186=ORIENTED_EDGE('',*,*,#4763,.F.);
#6187=ORIENTED_EDGE('',*,*,#4751,.T.);
#6188=ORIENTED_EDGE('',*,*,#4715,.T.);
#6189=ORIENTED_EDGE('',*,*,#4711,.T.);
#6190=ORIENTED_EDGE('',*,*,#4718,.F.);
#6191=ORIENTED_EDGE('',*,*,#4754,.T.);
#6192=ORIENTED_EDGE('',*,*,#4764,.T.);
#6193=ORIENTED_EDGE('',*,*,#4709,.F.);
#6194=ORIENTED_EDGE('',*,*,#4761,.T.);
#6195=ORIENTED_EDGE('',*,*,#4759,.F.);
#6196=ORIENTED_EDGE('',*,*,#4765,.F.);
#6197=ORIENTED_EDGE('',*,*,#4681,.T.);
#6198=ORIENTED_EDGE('',*,*,#4766,.T.);
#6199=ORIENTED_EDGE('',*,*,#4756,.F.);
#6200=ORIENTED_EDGE('',*,*,#4762,.F.);
#6201=ORIENTED_EDGE('',*,*,#4757,.F.);
#6202=ORIENTED_EDGE('',*,*,#4766,.F.);
#6203=ORIENTED_EDGE('',*,*,#4684,.F.);
#6204=ORIENTED_EDGE('',*,*,#4764,.F.);
#6205=ORIENTED_EDGE('',*,*,#4753,.F.);
#6206=ORIENTED_EDGE('',*,*,#4726,.F.);
#6207=ORIENTED_EDGE('',*,*,#4724,.T.);
#6208=ORIENTED_EDGE('',*,*,#4752,.T.);
#6209=ORIENTED_EDGE('',*,*,#4763,.T.);
#6210=ORIENTED_EDGE('',*,*,#4682,.T.);
#6211=ORIENTED_EDGE('',*,*,#4765,.T.);
#6212=ORIENTED_EDGE('',*,*,#4758,.T.);
#6213=ORIENTED_EDGE('',*,*,#4638,.F.);
#6214=ORIENTED_EDGE('',*,*,#4592,.T.);
#6215=ORIENTED_EDGE('',*,*,#4631,.F.);
#6216=ORIENTED_EDGE('',*,*,#4618,.T.);
#6217=ORIENTED_EDGE('',*,*,#4628,.F.);
#6218=ORIENTED_EDGE('',*,*,#4623,.T.);
#6219=ORIENTED_EDGE('',*,*,#4620,.F.);
#6220=ORIENTED_EDGE('',*,*,#4608,.T.);
#6221=ORIENTED_EDGE('',*,*,#4767,.T.);
#6222=ORIENTED_EDGE('',*,*,#4768,.T.);
#6223=ORIENTED_EDGE('',*,*,#4769,.T.);
#6224=ORIENTED_EDGE('',*,*,#4770,.T.);
#6225=ORIENTED_EDGE('',*,*,#4771,.T.);
#6226=ORIENTED_EDGE('',*,*,#4602,.F.);
#6227=ORIENTED_EDGE('',*,*,#4597,.T.);
#6228=ORIENTED_EDGE('',*,*,#4594,.F.);
#6229=ORIENTED_EDGE('',*,*,#4582,.T.);
#6230=ORIENTED_EDGE('',*,*,#4772,.T.);
#6231=ORIENTED_EDGE('',*,*,#4773,.T.);
#6232=ORIENTED_EDGE('',*,*,#4774,.T.);
#6233=ORIENTED_EDGE('',*,*,#4775,.T.);
#6234=ORIENTED_EDGE('',*,*,#4776,.T.);
#6235=ORIENTED_EDGE('',*,*,#4777,.F.);
#6236=ORIENTED_EDGE('',*,*,#4778,.F.);
#6237=ORIENTED_EDGE('',*,*,#4779,.T.);
#6238=ORIENTED_EDGE('',*,*,#4695,.F.);
#6239=ORIENTED_EDGE('',*,*,#4779,.F.);
#6240=ORIENTED_EDGE('',*,*,#4780,.F.);
#6241=ORIENTED_EDGE('',*,*,#4781,.T.);
#6242=ORIENTED_EDGE('',*,*,#4696,.F.);
#6243=ORIENTED_EDGE('',*,*,#4781,.F.);
#6244=ORIENTED_EDGE('',*,*,#4782,.F.);
#6245=ORIENTED_EDGE('',*,*,#4783,.T.);
#6246=ORIENTED_EDGE('',*,*,#4697,.F.);
#6247=ORIENTED_EDGE('',*,*,#4784,.F.);
#6248=ORIENTED_EDGE('',*,*,#4785,.F.);
#6249=ORIENTED_EDGE('',*,*,#4786,.T.);
#6250=ORIENTED_EDGE('',*,*,#4768,.F.);
#6251=ORIENTED_EDGE('',*,*,#4786,.F.);
#6252=ORIENTED_EDGE('',*,*,#4787,.F.);
#6253=ORIENTED_EDGE('',*,*,#4788,.T.);
#6254=ORIENTED_EDGE('',*,*,#4769,.F.);
#6255=ORIENTED_EDGE('',*,*,#4788,.F.);
#6256=ORIENTED_EDGE('',*,*,#4789,.F.);
#6257=ORIENTED_EDGE('',*,*,#4790,.T.);
#6258=ORIENTED_EDGE('',*,*,#4770,.F.);
#6259=ORIENTED_EDGE('',*,*,#4613,.F.);
#6260=ORIENTED_EDGE('',*,*,#4791,.F.);
#6261=ORIENTED_EDGE('',*,*,#4777,.T.);
#6262=ORIENTED_EDGE('',*,*,#4694,.F.);
#6263=ORIENTED_EDGE('',*,*,#4783,.F.);
#6264=ORIENTED_EDGE('',*,*,#4792,.F.);
#6265=ORIENTED_EDGE('',*,*,#4615,.F.);
#6266=ORIENTED_EDGE('',*,*,#4698,.F.);
#6267=ORIENTED_EDGE('',*,*,#4607,.F.);
#6268=ORIENTED_EDGE('',*,*,#4793,.F.);
#6269=ORIENTED_EDGE('',*,*,#4784,.T.);
#6270=ORIENTED_EDGE('',*,*,#4767,.F.);
#6271=ORIENTED_EDGE('',*,*,#4790,.F.);
#6272=ORIENTED_EDGE('',*,*,#4794,.F.);
#6273=ORIENTED_EDGE('',*,*,#4609,.F.);
#6274=ORIENTED_EDGE('',*,*,#4771,.F.);
#6275=ORIENTED_EDGE('',*,*,#4612,.T.);
#6276=ORIENTED_EDGE('',*,*,#4610,.T.);
#6277=ORIENTED_EDGE('',*,*,#4794,.T.);
#6278=ORIENTED_EDGE('',*,*,#4789,.T.);
#6279=ORIENTED_EDGE('',*,*,#4787,.T.);
#6280=ORIENTED_EDGE('',*,*,#4785,.T.);
#6281=ORIENTED_EDGE('',*,*,#4793,.T.);
#6282=ORIENTED_EDGE('',*,*,#4606,.T.);
#6283=ORIENTED_EDGE('',*,*,#4792,.T.);
#6284=ORIENTED_EDGE('',*,*,#4782,.T.);
#6285=ORIENTED_EDGE('',*,*,#4780,.T.);
#6286=ORIENTED_EDGE('',*,*,#4778,.T.);
#6287=ORIENTED_EDGE('',*,*,#4791,.T.);
#6288=ORIENTED_EDGE('',*,*,#4795,.F.);
#6289=ORIENTED_EDGE('',*,*,#4796,.F.);
#6290=ORIENTED_EDGE('',*,*,#4797,.T.);
#6291=ORIENTED_EDGE('',*,*,#4690,.F.);
#6292=ORIENTED_EDGE('',*,*,#4797,.F.);
#6293=ORIENTED_EDGE('',*,*,#4798,.F.);
#6294=ORIENTED_EDGE('',*,*,#4799,.T.);
#6295=ORIENTED_EDGE('',*,*,#4691,.F.);
#6296=ORIENTED_EDGE('',*,*,#4799,.F.);
#6297=ORIENTED_EDGE('',*,*,#4800,.F.);
#6298=ORIENTED_EDGE('',*,*,#4801,.T.);
#6299=ORIENTED_EDGE('',*,*,#4692,.F.);
#6300=ORIENTED_EDGE('',*,*,#4802,.F.);
#6301=ORIENTED_EDGE('',*,*,#4803,.F.);
#6302=ORIENTED_EDGE('',*,*,#4804,.T.);
#6303=ORIENTED_EDGE('',*,*,#4773,.F.);
#6304=ORIENTED_EDGE('',*,*,#4804,.F.);
#6305=ORIENTED_EDGE('',*,*,#4805,.F.);
#6306=ORIENTED_EDGE('',*,*,#4806,.T.);
#6307=ORIENTED_EDGE('',*,*,#4774,.F.);
#6308=ORIENTED_EDGE('',*,*,#4806,.F.);
#6309=ORIENTED_EDGE('',*,*,#4807,.F.);
#6310=ORIENTED_EDGE('',*,*,#4808,.T.);
#6311=ORIENTED_EDGE('',*,*,#4775,.F.);
#6312=ORIENTED_EDGE('',*,*,#4587,.F.);
#6313=ORIENTED_EDGE('',*,*,#4809,.F.);
#6314=ORIENTED_EDGE('',*,*,#4795,.T.);
#6315=ORIENTED_EDGE('',*,*,#4689,.F.);
#6316=ORIENTED_EDGE('',*,*,#4801,.F.);
#6317=ORIENTED_EDGE('',*,*,#4810,.F.);
#6318=ORIENTED_EDGE('',*,*,#4589,.F.);
#6319=ORIENTED_EDGE('',*,*,#4693,.F.);
#6320=ORIENTED_EDGE('',*,*,#4581,.F.);
#6321=ORIENTED_EDGE('',*,*,#4811,.F.);
#6322=ORIENTED_EDGE('',*,*,#4802,.T.);
#6323=ORIENTED_EDGE('',*,*,#4772,.F.);
#6324=ORIENTED_EDGE('',*,*,#4808,.F.);
#6325=ORIENTED_EDGE('',*,*,#4812,.F.);
#6326=ORIENTED_EDGE('',*,*,#4583,.F.);
#6327=ORIENTED_EDGE('',*,*,#4776,.F.);
#6328=ORIENTED_EDGE('',*,*,#4586,.T.);
#6329=ORIENTED_EDGE('',*,*,#4584,.T.);
#6330=ORIENTED_EDGE('',*,*,#4812,.T.);
#6331=ORIENTED_EDGE('',*,*,#4807,.T.);
#6332=ORIENTED_EDGE('',*,*,#4805,.T.);
#6333=ORIENTED_EDGE('',*,*,#4803,.T.);
#6334=ORIENTED_EDGE('',*,*,#4811,.T.);
#6335=ORIENTED_EDGE('',*,*,#4580,.T.);
#6336=ORIENTED_EDGE('',*,*,#4810,.T.);
#6337=ORIENTED_EDGE('',*,*,#4800,.T.);
#6338=ORIENTED_EDGE('',*,*,#4798,.T.);
#6339=ORIENTED_EDGE('',*,*,#4796,.T.);
#6340=ORIENTED_EDGE('',*,*,#4809,.T.);
#6341=ORIENTED_EDGE('',*,*,#4677,.T.);
#6342=ORIENTED_EDGE('',*,*,#4813,.T.);
#6343=ORIENTED_EDGE('',*,*,#4666,.F.);
#6344=ORIENTED_EDGE('',*,*,#4814,.F.);
#6345=ORIENTED_EDGE('',*,*,#4680,.T.);
#6346=ORIENTED_EDGE('',*,*,#4815,.T.);
#6347=ORIENTED_EDGE('',*,*,#4667,.F.);
#6348=ORIENTED_EDGE('',*,*,#4813,.F.);
#6349=ORIENTED_EDGE('',*,*,#4679,.T.);
#6350=ORIENTED_EDGE('',*,*,#4816,.T.);
#6351=ORIENTED_EDGE('',*,*,#4668,.F.);
#6352=ORIENTED_EDGE('',*,*,#4815,.F.);
#6353=ORIENTED_EDGE('',*,*,#4678,.T.);
#6354=ORIENTED_EDGE('',*,*,#4814,.T.);
#6355=ORIENTED_EDGE('',*,*,#4665,.F.);
#6356=ORIENTED_EDGE('',*,*,#4816,.F.);
#6357=ORIENTED_EDGE('',*,*,#4686,.F.);
#6358=ORIENTED_EDGE('',*,*,#4817,.F.);
#6359=ORIENTED_EDGE('',*,*,#4669,.T.);
#6360=ORIENTED_EDGE('',*,*,#4818,.T.);
#6361=ORIENTED_EDGE('',*,*,#4685,.F.);
#6362=ORIENTED_EDGE('',*,*,#4819,.F.);
#6363=ORIENTED_EDGE('',*,*,#4670,.T.);
#6364=ORIENTED_EDGE('',*,*,#4817,.T.);
#6365=ORIENTED_EDGE('',*,*,#4688,.F.);
#6366=ORIENTED_EDGE('',*,*,#4820,.F.);
#6367=ORIENTED_EDGE('',*,*,#4671,.T.);
#6368=ORIENTED_EDGE('',*,*,#4819,.T.);
#6369=ORIENTED_EDGE('',*,*,#4687,.F.);
#6370=ORIENTED_EDGE('',*,*,#4818,.F.);
#6371=ORIENTED_EDGE('',*,*,#4672,.T.);
#6372=ORIENTED_EDGE('',*,*,#4820,.T.);
#6373=ORIENTED_EDGE('',*,*,#4568,.T.);
#6374=ORIENTED_EDGE('',*,*,#4567,.F.);
#6375=ORIENTED_EDGE('',*,*,#4565,.T.);
#6376=ORIENTED_EDGE('',*,*,#4564,.F.);
#6377=ORIENTED_EDGE('',*,*,#4562,.T.);
#6378=ORIENTED_EDGE('',*,*,#4561,.F.);
#6379=ORIENTED_EDGE('',*,*,#4821,.F.);
#6380=ORIENTED_EDGE('',*,*,#4822,.T.);
#6381=ORIENTED_EDGE('',*,*,#4823,.T.);
#6382=ORIENTED_EDGE('',*,*,#4822,.F.);
#6383=ORIENTED_EDGE('',*,*,#4824,.F.);
#6384=ORIENTED_EDGE('',*,*,#4825,.T.);
#6385=ORIENTED_EDGE('',*,*,#4826,.T.);
#6386=ORIENTED_EDGE('',*,*,#4825,.F.);
#6387=ORIENTED_EDGE('',*,*,#4827,.F.);
#6388=ORIENTED_EDGE('',*,*,#4828,.T.);
#6389=ORIENTED_EDGE('',*,*,#4829,.T.);
#6390=ORIENTED_EDGE('',*,*,#4828,.F.);
#6391=ORIENTED_EDGE('',*,*,#4830,.T.);
#6392=ORIENTED_EDGE('',*,*,#4831,.F.);
#6393=ORIENTED_EDGE('',*,*,#4832,.F.);
#6394=ORIENTED_EDGE('',*,*,#4833,.F.);
#6395=ORIENTED_EDGE('',*,*,#4834,.F.);
#6396=ORIENTED_EDGE('',*,*,#4835,.T.);
#6397=ORIENTED_EDGE('',*,*,#4836,.T.);
#6398=ORIENTED_EDGE('',*,*,#4835,.F.);
#6399=ORIENTED_EDGE('',*,*,#4837,.F.);
#6400=ORIENTED_EDGE('',*,*,#4838,.T.);
#6401=ORIENTED_EDGE('',*,*,#4839,.T.);
#6402=ORIENTED_EDGE('',*,*,#4840,.T.);
#6403=ORIENTED_EDGE('',*,*,#4841,.T.);
#6404=ORIENTED_EDGE('',*,*,#4842,.T.);
#6405=ORIENTED_EDGE('',*,*,#4843,.T.);
#6406=ORIENTED_EDGE('',*,*,#4844,.T.);
#6407=ORIENTED_EDGE('',*,*,#4845,.F.);
#6408=ORIENTED_EDGE('',*,*,#4846,.T.);
#6409=ORIENTED_EDGE('',*,*,#4847,.T.);
#6410=ORIENTED_EDGE('',*,*,#4848,.T.);
#6411=ORIENTED_EDGE('',*,*,#4849,.T.);
#6412=ORIENTED_EDGE('',*,*,#4850,.T.);
#6413=ORIENTED_EDGE('',*,*,#4851,.T.);
#6414=ORIENTED_EDGE('',*,*,#4842,.F.);
#6415=ORIENTED_EDGE('',*,*,#4852,.F.);
#6416=ORIENTED_EDGE('',*,*,#4853,.T.);
#6417=ORIENTED_EDGE('',*,*,#4854,.T.);
#6418=ORIENTED_EDGE('',*,*,#4855,.T.);
#6419=ORIENTED_EDGE('',*,*,#4856,.T.);
#6420=ORIENTED_EDGE('',*,*,#4857,.T.);
#6421=ORIENTED_EDGE('',*,*,#4858,.T.);
#6422=ORIENTED_EDGE('',*,*,#4859,.T.);
#6423=ORIENTED_EDGE('',*,*,#4860,.F.);
#6424=ORIENTED_EDGE('',*,*,#4861,.T.);
#6425=ORIENTED_EDGE('',*,*,#4862,.T.);
#6426=ORIENTED_EDGE('',*,*,#4863,.T.);
#6427=ORIENTED_EDGE('',*,*,#4864,.T.);
#6428=ORIENTED_EDGE('',*,*,#4865,.T.);
#6429=ORIENTED_EDGE('',*,*,#4866,.T.);
#6430=ORIENTED_EDGE('',*,*,#4857,.F.);
#6431=ORIENTED_EDGE('',*,*,#4867,.T.);
#6432=ORIENTED_EDGE('',*,*,#4868,.T.);
#6433=ORIENTED_EDGE('',*,*,#4869,.F.);
#6434=ORIENTED_EDGE('',*,*,#4868,.F.);
#6435=ORIENTED_EDGE('',*,*,#4870,.T.);
#6436=ORIENTED_EDGE('',*,*,#4867,.F.);
#6437=ORIENTED_EDGE('',*,*,#4871,.T.);
#6438=ORIENTED_EDGE('',*,*,#4872,.T.);
#6439=ORIENTED_EDGE('',*,*,#4871,.F.);
#6440=ORIENTED_EDGE('',*,*,#4870,.F.);
#6441=ORIENTED_EDGE('',*,*,#4873,.T.);
#6442=ORIENTED_EDGE('',*,*,#4874,.T.);
#6443=ORIENTED_EDGE('',*,*,#4875,.F.);
#6444=ORIENTED_EDGE('',*,*,#4874,.F.);
#6445=ORIENTED_EDGE('',*,*,#4876,.T.);
#6446=ORIENTED_EDGE('',*,*,#4873,.F.);
#6447=ORIENTED_EDGE('',*,*,#4877,.T.);
#6448=ORIENTED_EDGE('',*,*,#4878,.T.);
#6449=ORIENTED_EDGE('',*,*,#4877,.F.);
#6450=ORIENTED_EDGE('',*,*,#4876,.F.);
#6451=ORIENTED_EDGE('',*,*,#4879,.F.);
#6452=ORIENTED_EDGE('',*,*,#4880,.T.);
#6453=ORIENTED_EDGE('',*,*,#4881,.T.);
#6454=ORIENTED_EDGE('',*,*,#4880,.F.);
#6455=ORIENTED_EDGE('',*,*,#4882,.F.);
#6456=ORIENTED_EDGE('',*,*,#4883,.T.);
#6457=ORIENTED_EDGE('',*,*,#4884,.T.);
#6458=ORIENTED_EDGE('',*,*,#4883,.F.);
#6459=ORIENTED_EDGE('',*,*,#4885,.F.);
#6460=ORIENTED_EDGE('',*,*,#4886,.T.);
#6461=ORIENTED_EDGE('',*,*,#4887,.T.);
#6462=ORIENTED_EDGE('',*,*,#4886,.F.);
#6463=ORIENTED_EDGE('',*,*,#4888,.F.);
#6464=ORIENTED_EDGE('',*,*,#4889,.T.);
#6465=ORIENTED_EDGE('',*,*,#4890,.T.);
#6466=ORIENTED_EDGE('',*,*,#4889,.F.);
#6467=ORIENTED_EDGE('',*,*,#4890,.F.);
#6468=ORIENTED_EDGE('',*,*,#4891,.T.);
#6469=ORIENTED_EDGE('',*,*,#4892,.T.);
#6470=ORIENTED_EDGE('',*,*,#4891,.F.);
#6471=ORIENTED_EDGE('',*,*,#4893,.F.);
#6472=ORIENTED_EDGE('',*,*,#4894,.T.);
#6473=ORIENTED_EDGE('',*,*,#4895,.T.);
#6474=ORIENTED_EDGE('',*,*,#4894,.F.);
#6475=ORIENTED_EDGE('',*,*,#4896,.F.);
#6476=ORIENTED_EDGE('',*,*,#4897,.T.);
#6477=ORIENTED_EDGE('',*,*,#4898,.T.);
#6478=ORIENTED_EDGE('',*,*,#4897,.F.);
#6479=ORIENTED_EDGE('',*,*,#4898,.F.);
#6480=ORIENTED_EDGE('',*,*,#4899,.T.);
#6481=ORIENTED_EDGE('',*,*,#4900,.T.);
#6482=ORIENTED_EDGE('',*,*,#4899,.F.);
#6483=ORIENTED_EDGE('',*,*,#4901,.T.);
#6484=ORIENTED_EDGE('',*,*,#4902,.T.);
#6485=ORIENTED_EDGE('',*,*,#4903,.F.);
#6486=ORIENTED_EDGE('',*,*,#4902,.F.);
#6487=ORIENTED_EDGE('',*,*,#4904,.T.);
#6488=ORIENTED_EDGE('',*,*,#4905,.T.);
#6489=ORIENTED_EDGE('',*,*,#4906,.F.);
#6490=ORIENTED_EDGE('',*,*,#4905,.F.);
#6491=ORIENTED_EDGE('',*,*,#4907,.T.);
#6492=ORIENTED_EDGE('',*,*,#4908,.F.);
#6493=ORIENTED_EDGE('',*,*,#4909,.F.);
#6494=ORIENTED_EDGE('',*,*,#4910,.T.);
#6495=ORIENTED_EDGE('',*,*,#4911,.F.);
#6496=ORIENTED_EDGE('',*,*,#4910,.F.);
#6497=ORIENTED_EDGE('',*,*,#4912,.T.);
#6498=ORIENTED_EDGE('',*,*,#4913,.T.);
#6499=ORIENTED_EDGE('',*,*,#4914,.T.);
#6500=ORIENTED_EDGE('',*,*,#4915,.F.);
#6501=ORIENTED_EDGE('',*,*,#4914,.F.);
#6502=ORIENTED_EDGE('',*,*,#4916,.T.);
#6503=ORIENTED_EDGE('',*,*,#4917,.F.);
#6504=ORIENTED_EDGE('',*,*,#4918,.F.);
#6505=ORIENTED_EDGE('',*,*,#4919,.F.);
#6506=ORIENTED_EDGE('',*,*,#4920,.T.);
#6507=ORIENTED_EDGE('',*,*,#4921,.T.);
#6508=ORIENTED_EDGE('',*,*,#4920,.F.);
#6509=ORIENTED_EDGE('',*,*,#4922,.T.);
#6510=ORIENTED_EDGE('',*,*,#4923,.T.);
#6511=ORIENTED_EDGE('',*,*,#4924,.F.);
#6512=ORIENTED_EDGE('',*,*,#4923,.F.);
#6513=ORIENTED_EDGE('',*,*,#4925,.F.);
#6514=ORIENTED_EDGE('',*,*,#4926,.T.);
#6515=ORIENTED_EDGE('',*,*,#4927,.T.);
#6516=ORIENTED_EDGE('',*,*,#4926,.F.);
#6517=ORIENTED_EDGE('',*,*,#4928,.F.);
#6518=ORIENTED_EDGE('',*,*,#4929,.T.);
#6519=ORIENTED_EDGE('',*,*,#4930,.T.);
#6520=ORIENTED_EDGE('',*,*,#4929,.F.);
#6521=ORIENTED_EDGE('',*,*,#4931,.T.);
#6522=ORIENTED_EDGE('',*,*,#4932,.T.);
#6523=ORIENTED_EDGE('',*,*,#4933,.F.);
#6524=ORIENTED_EDGE('',*,*,#4932,.F.);
#6525=ORIENTED_EDGE('',*,*,#4934,.F.);
#6526=ORIENTED_EDGE('',*,*,#4935,.T.);
#6527=ORIENTED_EDGE('',*,*,#4936,.T.);
#6528=ORIENTED_EDGE('',*,*,#4935,.F.);
#6529=ORIENTED_EDGE('',*,*,#4937,.T.);
#6530=ORIENTED_EDGE('',*,*,#4938,.T.);
#6531=ORIENTED_EDGE('',*,*,#4939,.F.);
#6532=ORIENTED_EDGE('',*,*,#4938,.F.);
#6533=ORIENTED_EDGE('',*,*,#4940,.F.);
#6534=ORIENTED_EDGE('',*,*,#4941,.T.);
#6535=ORIENTED_EDGE('',*,*,#4942,.T.);
#6536=ORIENTED_EDGE('',*,*,#4941,.F.);
#6537=ORIENTED_EDGE('',*,*,#4943,.T.);
#6538=ORIENTED_EDGE('',*,*,#4944,.T.);
#6539=ORIENTED_EDGE('',*,*,#4945,.F.);
#6540=ORIENTED_EDGE('',*,*,#4944,.F.);
#6541=ORIENTED_EDGE('',*,*,#4946,.T.);
#6542=ORIENTED_EDGE('',*,*,#4947,.T.);
#6543=ORIENTED_EDGE('',*,*,#4948,.F.);
#6544=ORIENTED_EDGE('',*,*,#4947,.F.);
#6545=ORIENTED_EDGE('',*,*,#4949,.F.);
#6546=ORIENTED_EDGE('',*,*,#4950,.T.);
#6547=ORIENTED_EDGE('',*,*,#4951,.T.);
#6548=ORIENTED_EDGE('',*,*,#4950,.F.);
#6549=ORIENTED_EDGE('',*,*,#4952,.T.);
#6550=ORIENTED_EDGE('',*,*,#4953,.T.);
#6551=ORIENTED_EDGE('',*,*,#4954,.F.);
#6552=ORIENTED_EDGE('',*,*,#4953,.F.);
#6553=ORIENTED_EDGE('',*,*,#4955,.T.);
#6554=ORIENTED_EDGE('',*,*,#4956,.T.);
#6555=ORIENTED_EDGE('',*,*,#4957,.F.);
#6556=ORIENTED_EDGE('',*,*,#4958,.F.);
#6557=ORIENTED_EDGE('',*,*,#4959,.T.);
#6558=ORIENTED_EDGE('',*,*,#4960,.F.);
#6559=ORIENTED_EDGE('',*,*,#4961,.F.);
#6560=ORIENTED_EDGE('',*,*,#4962,.T.);
#6561=ORIENTED_EDGE('',*,*,#4963,.F.);
#6562=ORIENTED_EDGE('',*,*,#4964,.F.);
#6563=ORIENTED_EDGE('',*,*,#4965,.F.);
#6564=ORIENTED_EDGE('',*,*,#4966,.F.);
#6565=ORIENTED_EDGE('',*,*,#4967,.T.);
#6566=ORIENTED_EDGE('',*,*,#4968,.T.);
#6567=ORIENTED_EDGE('',*,*,#4969,.T.);
#6568=ORIENTED_EDGE('',*,*,#4847,.F.);
#6569=ORIENTED_EDGE('',*,*,#4970,.T.);
#6570=ORIENTED_EDGE('',*,*,#4971,.T.);
#6571=ORIENTED_EDGE('',*,*,#4972,.T.);
#6572=ORIENTED_EDGE('',*,*,#4973,.T.);
#6573=ORIENTED_EDGE('',*,*,#4974,.F.);
#6574=ORIENTED_EDGE('',*,*,#4975,.T.);
#6575=ORIENTED_EDGE('',*,*,#4976,.T.);
#6576=ORIENTED_EDGE('',*,*,#4977,.T.);
#6577=ORIENTED_EDGE('',*,*,#4972,.F.);
#6578=ORIENTED_EDGE('',*,*,#4978,.T.);
#6579=ORIENTED_EDGE('',*,*,#4979,.T.);
#6580=ORIENTED_EDGE('',*,*,#4980,.T.);
#6581=ORIENTED_EDGE('',*,*,#4976,.F.);
#6582=ORIENTED_EDGE('',*,*,#4981,.T.);
#6583=ORIENTED_EDGE('',*,*,#4982,.T.);
#6584=ORIENTED_EDGE('',*,*,#4983,.T.);
#6585=ORIENTED_EDGE('',*,*,#4984,.T.);
#6586=ORIENTED_EDGE('',*,*,#4862,.F.);
#6587=ORIENTED_EDGE('',*,*,#4985,.T.);
#6588=ORIENTED_EDGE('',*,*,#4986,.T.);
#6589=ORIENTED_EDGE('',*,*,#4987,.T.);
#6590=ORIENTED_EDGE('',*,*,#4988,.T.);
#6591=ORIENTED_EDGE('',*,*,#4989,.F.);
#6592=ORIENTED_EDGE('',*,*,#4990,.T.);
#6593=ORIENTED_EDGE('',*,*,#4991,.T.);
#6594=ORIENTED_EDGE('',*,*,#4992,.T.);
#6595=ORIENTED_EDGE('',*,*,#4987,.F.);
#6596=ORIENTED_EDGE('',*,*,#4993,.T.);
#6597=ORIENTED_EDGE('',*,*,#4994,.T.);
#6598=ORIENTED_EDGE('',*,*,#4995,.T.);
#6599=ORIENTED_EDGE('',*,*,#4991,.F.);
#6600=ORIENTED_EDGE('',*,*,#4996,.T.);
#6601=ORIENTED_EDGE('',*,*,#4827,.T.);
#6602=ORIENTED_EDGE('',*,*,#4823,.F.);
#6603=ORIENTED_EDGE('',*,*,#4834,.T.);
#6604=ORIENTED_EDGE('',*,*,#4826,.F.);
#6605=ORIENTED_EDGE('',*,*,#4997,.F.);
#6606=ORIENTED_EDGE('',*,*,#4998,.F.);
#6607=ORIENTED_EDGE('',*,*,#4999,.F.);
#6608=ORIENTED_EDGE('',*,*,#5000,.F.);
#6609=ORIENTED_EDGE('',*,*,#5001,.F.);
#6610=ORIENTED_EDGE('',*,*,#5002,.F.);
#6611=ORIENTED_EDGE('',*,*,#5003,.F.);
#6612=ORIENTED_EDGE('',*,*,#5004,.F.);
#6613=ORIENTED_EDGE('',*,*,#5005,.F.);
#6614=ORIENTED_EDGE('',*,*,#5006,.F.);
#6615=ORIENTED_EDGE('',*,*,#5007,.F.);
#6616=ORIENTED_EDGE('',*,*,#5008,.F.);
#6617=ORIENTED_EDGE('',*,*,#5009,.F.);
#6618=ORIENTED_EDGE('',*,*,#5010,.F.);
#6619=ORIENTED_EDGE('',*,*,#5011,.F.);
#6620=ORIENTED_EDGE('',*,*,#5012,.T.);
#6621=ORIENTED_EDGE('',*,*,#5013,.T.);
#6622=ORIENTED_EDGE('',*,*,#5014,.T.);
#6623=ORIENTED_EDGE('',*,*,#5015,.T.);
#6624=ORIENTED_EDGE('',*,*,#5016,.T.);
#6625=ORIENTED_EDGE('',*,*,#5017,.T.);
#6626=ORIENTED_EDGE('',*,*,#5018,.T.);
#6627=ORIENTED_EDGE('',*,*,#5019,.F.);
#6628=ORIENTED_EDGE('',*,*,#5020,.F.);
#6629=ORIENTED_EDGE('',*,*,#4999,.T.);
#6630=ORIENTED_EDGE('',*,*,#5018,.F.);
#6631=ORIENTED_EDGE('',*,*,#5021,.T.);
#6632=ORIENTED_EDGE('',*,*,#5022,.T.);
#6633=ORIENTED_EDGE('',*,*,#4997,.T.);
#6634=ORIENTED_EDGE('',*,*,#5023,.T.);
#6635=ORIENTED_EDGE('',*,*,#5024,.F.);
#6636=ORIENTED_EDGE('',*,*,#5025,.F.);
#6637=ORIENTED_EDGE('',*,*,#4830,.F.);
#6638=ORIENTED_EDGE('',*,*,#5026,.F.);
#6639=ORIENTED_EDGE('',*,*,#5027,.F.);
#6640=ORIENTED_EDGE('',*,*,#5028,.F.);
#6641=ORIENTED_EDGE('',*,*,#5029,.F.);
#6642=ORIENTED_EDGE('',*,*,#5030,.F.);
#6643=ORIENTED_EDGE('',*,*,#5031,.F.);
#6644=ORIENTED_EDGE('',*,*,#5032,.F.);
#6645=ORIENTED_EDGE('',*,*,#5033,.F.);
#6646=ORIENTED_EDGE('',*,*,#5034,.F.);
#6647=ORIENTED_EDGE('',*,*,#5035,.F.);
#6648=ORIENTED_EDGE('',*,*,#5036,.F.);
#6649=ORIENTED_EDGE('',*,*,#5037,.F.);
#6650=ORIENTED_EDGE('',*,*,#5038,.F.);
#6651=ORIENTED_EDGE('',*,*,#5039,.T.);
#6652=ORIENTED_EDGE('',*,*,#5040,.T.);
#6653=ORIENTED_EDGE('',*,*,#5041,.T.);
#6654=ORIENTED_EDGE('',*,*,#5042,.T.);
#6655=ORIENTED_EDGE('',*,*,#4833,.T.);
#6656=ORIENTED_EDGE('',*,*,#5043,.T.);
#6657=ORIENTED_EDGE('',*,*,#5044,.T.);
#6658=ORIENTED_EDGE('',*,*,#5045,.F.);
#6659=ORIENTED_EDGE('',*,*,#5046,.F.);
#6660=ORIENTED_EDGE('',*,*,#5026,.T.);
#6661=ORIENTED_EDGE('',*,*,#5044,.F.);
#6662=ORIENTED_EDGE('',*,*,#5047,.T.);
#6663=ORIENTED_EDGE('',*,*,#4831,.T.);
#6664=ORIENTED_EDGE('',*,*,#5025,.T.);
#6665=ORIENTED_EDGE('',*,*,#5048,.T.);
#6666=ORIENTED_EDGE('',*,*,#5049,.F.);
#6667=ORIENTED_EDGE('',*,*,#4994,.F.);
#6668=ORIENTED_EDGE('',*,*,#5050,.T.);
#6669=ORIENTED_EDGE('',*,*,#4989,.T.);
#6670=ORIENTED_EDGE('',*,*,#5051,.T.);
#6671=ORIENTED_EDGE('',*,*,#4982,.F.);
#6672=ORIENTED_EDGE('',*,*,#5052,.T.);
#6673=ORIENTED_EDGE('',*,*,#4979,.F.);
#6674=ORIENTED_EDGE('',*,*,#5053,.T.);
#6675=ORIENTED_EDGE('',*,*,#4974,.T.);
#6676=ORIENTED_EDGE('',*,*,#5054,.T.);
#6677=ORIENTED_EDGE('',*,*,#4967,.F.);
#6678=ORIENTED_EDGE('',*,*,#5055,.T.);
#6679=ORIENTED_EDGE('',*,*,#5056,.F.);
#6680=ORIENTED_EDGE('',*,*,#5057,.F.);
#6681=ORIENTED_EDGE('',*,*,#5058,.F.);
#6682=ORIENTED_EDGE('',*,*,#5059,.F.);
#6683=ORIENTED_EDGE('',*,*,#5060,.F.);
#6684=ORIENTED_EDGE('',*,*,#5061,.F.);
#6685=ORIENTED_EDGE('',*,*,#5062,.F.);
#6686=ORIENTED_EDGE('',*,*,#5063,.F.);
#6687=ORIENTED_EDGE('',*,*,#5064,.F.);
#6688=ORIENTED_EDGE('',*,*,#5065,.F.);
#6689=ORIENTED_EDGE('',*,*,#5066,.F.);
#6690=ORIENTED_EDGE('',*,*,#5067,.F.);
#6691=ORIENTED_EDGE('',*,*,#5068,.F.);
#6692=ORIENTED_EDGE('',*,*,#5069,.F.);
#6693=ORIENTED_EDGE('',*,*,#5070,.F.);
#6694=ORIENTED_EDGE('',*,*,#5071,.T.);
#6695=ORIENTED_EDGE('',*,*,#5072,.T.);
#6696=ORIENTED_EDGE('',*,*,#5073,.T.);
#6697=ORIENTED_EDGE('',*,*,#4908,.T.);
#6698=ORIENTED_EDGE('',*,*,#5074,.T.);
#6699=ORIENTED_EDGE('',*,*,#5075,.T.);
#6700=ORIENTED_EDGE('',*,*,#5076,.T.);
#6701=ORIENTED_EDGE('',*,*,#5077,.F.);
#6702=ORIENTED_EDGE('',*,*,#5078,.F.);
#6703=ORIENTED_EDGE('',*,*,#5079,.F.);
#6704=ORIENTED_EDGE('',*,*,#5080,.F.);
#6705=ORIENTED_EDGE('',*,*,#5081,.F.);
#6706=ORIENTED_EDGE('',*,*,#5082,.F.);
#6707=ORIENTED_EDGE('',*,*,#5083,.F.);
#6708=ORIENTED_EDGE('',*,*,#5084,.F.);
#6709=ORIENTED_EDGE('',*,*,#5085,.F.);
#6710=ORIENTED_EDGE('',*,*,#5086,.F.);
#6711=ORIENTED_EDGE('',*,*,#5087,.F.);
#6712=ORIENTED_EDGE('',*,*,#5088,.F.);
#6713=ORIENTED_EDGE('',*,*,#5089,.F.);
#6714=ORIENTED_EDGE('',*,*,#5090,.F.);
#6715=ORIENTED_EDGE('',*,*,#5091,.F.);
#6716=ORIENTED_EDGE('',*,*,#5092,.T.);
#6717=ORIENTED_EDGE('',*,*,#5093,.T.);
#6718=ORIENTED_EDGE('',*,*,#5094,.T.);
#6719=ORIENTED_EDGE('',*,*,#4917,.T.);
#6720=ORIENTED_EDGE('',*,*,#5095,.T.);
#6721=ORIENTED_EDGE('',*,*,#5096,.T.);
#6722=ORIENTED_EDGE('',*,*,#5097,.T.);
#6723=ORIENTED_EDGE('',*,*,#4841,.F.);
#6724=ORIENTED_EDGE('',*,*,#4856,.F.);
#6725=ORIENTED_EDGE('',*,*,#4879,.T.);
#6726=ORIENTED_EDGE('',*,*,#4869,.T.);
#6727=ORIENTED_EDGE('',*,*,#4882,.T.);
#6728=ORIENTED_EDGE('',*,*,#4875,.T.);
#6729=ORIENTED_EDGE('',*,*,#5098,.F.);
#6730=ORIENTED_EDGE('',*,*,#5099,.T.);
#6731=ORIENTED_EDGE('',*,*,#5097,.F.);
#6732=ORIENTED_EDGE('',*,*,#5100,.F.);
#6733=ORIENTED_EDGE('',*,*,#4965,.T.);
#6734=ORIENTED_EDGE('',*,*,#5101,.T.);
#6735=ORIENTED_EDGE('',*,*,#5071,.F.);
#6736=ORIENTED_EDGE('',*,*,#5102,.F.);
#6737=ORIENTED_EDGE('',*,*,#5092,.F.);
#6738=ORIENTED_EDGE('',*,*,#5103,.F.);
#6739=ORIENTED_EDGE('',*,*,#5104,.F.);
#6740=ORIENTED_EDGE('',*,*,#5105,.T.);
#6741=ORIENTED_EDGE('',*,*,#5076,.F.);
#6742=ORIENTED_EDGE('',*,*,#5106,.F.);
#6743=ORIENTED_EDGE('',*,*,#4963,.T.);
#6744=ORIENTED_EDGE('',*,*,#5107,.T.);
#6745=ORIENTED_EDGE('',*,*,#5108,.F.);
#6746=ORIENTED_EDGE('',*,*,#5109,.F.);
#6747=ORIENTED_EDGE('',*,*,#5110,.F.);
#6748=ORIENTED_EDGE('',*,*,#5111,.F.);
#6749=ORIENTED_EDGE('',*,*,#4885,.T.);
#6750=ORIENTED_EDGE('',*,*,#4903,.T.);
#6751=ORIENTED_EDGE('',*,*,#4892,.F.);
#6752=ORIENTED_EDGE('',*,*,#5112,.F.);
#6753=ORIENTED_EDGE('',*,*,#5113,.F.);
#6754=ORIENTED_EDGE('',*,*,#5114,.F.);
#6755=ORIENTED_EDGE('',*,*,#5115,.F.);
#6756=ORIENTED_EDGE('',*,*,#4893,.T.);
#6757=ORIENTED_EDGE('',*,*,#4906,.T.);
#6758=ORIENTED_EDGE('',*,*,#4900,.F.);
#6759=ORIENTED_EDGE('',*,*,#4913,.F.);
#6760=ORIENTED_EDGE('',*,*,#5116,.T.);
#6761=ORIENTED_EDGE('',*,*,#5117,.T.);
#6762=ORIENTED_EDGE('',*,*,#5118,.T.);
#6763=ORIENTED_EDGE('',*,*,#4912,.F.);
#6764=ORIENTED_EDGE('',*,*,#5119,.T.);
#6765=ORIENTED_EDGE('',*,*,#5120,.F.);
#6766=ORIENTED_EDGE('',*,*,#5121,.T.);
#6767=ORIENTED_EDGE('',*,*,#5122,.F.);
#6768=ORIENTED_EDGE('',*,*,#5123,.F.);
#6769=ORIENTED_EDGE('',*,*,#5124,.F.);
#6770=ORIENTED_EDGE('',*,*,#5125,.F.);
#6771=ORIENTED_EDGE('',*,*,#5126,.F.);
#6772=ORIENTED_EDGE('',*,*,#5127,.F.);
#6773=ORIENTED_EDGE('',*,*,#5128,.F.);
#6774=ORIENTED_EDGE('',*,*,#5129,.T.);
#6775=ORIENTED_EDGE('',*,*,#5130,.T.);
#6776=ORIENTED_EDGE('',*,*,#5131,.F.);
#6777=ORIENTED_EDGE('',*,*,#5132,.F.);
#6778=ORIENTED_EDGE('',*,*,#5133,.T.);
#6779=ORIENTED_EDGE('',*,*,#5134,.F.);
#6780=ORIENTED_EDGE('',*,*,#5135,.F.);
#6781=ORIENTED_EDGE('',*,*,#5136,.F.);
#6782=ORIENTED_EDGE('',*,*,#5137,.T.);
#6783=ORIENTED_EDGE('',*,*,#5138,.T.);
#6784=ORIENTED_EDGE('',*,*,#5139,.F.);
#6785=ORIENTED_EDGE('',*,*,#5140,.F.);
#6786=ORIENTED_EDGE('',*,*,#5141,.F.);
#6787=ORIENTED_EDGE('',*,*,#5142,.F.);
#6788=ORIENTED_EDGE('',*,*,#5143,.F.);
#6789=ORIENTED_EDGE('',*,*,#5144,.F.);
#6790=ORIENTED_EDGE('',*,*,#5145,.F.);
#6791=ORIENTED_EDGE('',*,*,#5146,.F.);
#6792=ORIENTED_EDGE('',*,*,#5147,.F.);
#6793=ORIENTED_EDGE('',*,*,#5148,.F.);
#6794=ORIENTED_EDGE('',*,*,#5149,.F.);
#6795=ORIENTED_EDGE('',*,*,#5150,.F.);
#6796=ORIENTED_EDGE('',*,*,#5151,.F.);
#6797=ORIENTED_EDGE('',*,*,#5152,.F.);
#6798=ORIENTED_EDGE('',*,*,#5153,.T.);
#6799=ORIENTED_EDGE('',*,*,#5154,.T.);
#6800=ORIENTED_EDGE('',*,*,#5155,.F.);
#6801=ORIENTED_EDGE('',*,*,#5156,.F.);
#6802=ORIENTED_EDGE('',*,*,#5157,.T.);
#6803=ORIENTED_EDGE('',*,*,#5158,.F.);
#6804=ORIENTED_EDGE('',*,*,#5159,.F.);
#6805=ORIENTED_EDGE('',*,*,#5160,.F.);
#6806=ORIENTED_EDGE('',*,*,#5161,.T.);
#6807=ORIENTED_EDGE('',*,*,#5162,.T.);
#6808=ORIENTED_EDGE('',*,*,#5163,.F.);
#6809=ORIENTED_EDGE('',*,*,#5164,.F.);
#6810=ORIENTED_EDGE('',*,*,#5165,.F.);
#6811=ORIENTED_EDGE('',*,*,#5166,.F.);
#6812=ORIENTED_EDGE('',*,*,#5167,.F.);
#6813=ORIENTED_EDGE('',*,*,#5168,.F.);
#6814=ORIENTED_EDGE('',*,*,#5169,.F.);
#6815=ORIENTED_EDGE('',*,*,#5170,.F.);
#6816=ORIENTED_EDGE('',*,*,#5171,.F.);
#6817=ORIENTED_EDGE('',*,*,#5172,.F.);
#6818=ORIENTED_EDGE('',*,*,#5173,.F.);
#6819=ORIENTED_EDGE('',*,*,#5174,.F.);
#6820=ORIENTED_EDGE('',*,*,#5175,.F.);
#6821=ORIENTED_EDGE('',*,*,#5176,.F.);
#6822=ORIENTED_EDGE('',*,*,#5177,.F.);
#6823=ORIENTED_EDGE('',*,*,#5178,.F.);
#6824=ORIENTED_EDGE('',*,*,#5179,.T.);
#6825=ORIENTED_EDGE('',*,*,#5180,.T.);
#6826=ORIENTED_EDGE('',*,*,#5181,.F.);
#6827=ORIENTED_EDGE('',*,*,#5182,.F.);
#6828=ORIENTED_EDGE('',*,*,#5183,.T.);
#6829=ORIENTED_EDGE('',*,*,#5184,.T.);
#6830=ORIENTED_EDGE('',*,*,#5185,.F.);
#6831=ORIENTED_EDGE('',*,*,#5186,.F.);
#6832=ORIENTED_EDGE('',*,*,#5187,.T.);
#6833=ORIENTED_EDGE('',*,*,#5188,.F.);
#6834=ORIENTED_EDGE('',*,*,#5189,.F.);
#6835=ORIENTED_EDGE('',*,*,#5190,.F.);
#6836=ORIENTED_EDGE('',*,*,#5191,.F.);
#6837=ORIENTED_EDGE('',*,*,#5192,.F.);
#6838=ORIENTED_EDGE('',*,*,#5193,.F.);
#6839=ORIENTED_EDGE('',*,*,#5194,.F.);
#6840=ORIENTED_EDGE('',*,*,#5195,.F.);
#6841=ORIENTED_EDGE('',*,*,#5196,.F.);
#6842=ORIENTED_EDGE('',*,*,#5197,.F.);
#6843=ORIENTED_EDGE('',*,*,#5198,.F.);
#6844=ORIENTED_EDGE('',*,*,#5199,.F.);
#6845=ORIENTED_EDGE('',*,*,#4927,.F.);
#6846=ORIENTED_EDGE('',*,*,#4936,.F.);
#6847=ORIENTED_EDGE('',*,*,#5200,.T.);
#6848=ORIENTED_EDGE('',*,*,#5201,.T.);
#6849=ORIENTED_EDGE('',*,*,#5202,.T.);
#6850=ORIENTED_EDGE('',*,*,#5203,.T.);
#6851=ORIENTED_EDGE('',*,*,#5204,.T.);
#6852=ORIENTED_EDGE('',*,*,#5205,.T.);
#6853=ORIENTED_EDGE('',*,*,#4939,.T.);
#6854=ORIENTED_EDGE('',*,*,#4948,.T.);
#6855=ORIENTED_EDGE('',*,*,#5206,.T.);
#6856=ORIENTED_EDGE('',*,*,#5207,.T.);
#6857=ORIENTED_EDGE('',*,*,#5208,.F.);
#6858=ORIENTED_EDGE('',*,*,#5209,.T.);
#6859=ORIENTED_EDGE('',*,*,#5210,.T.);
#6860=ORIENTED_EDGE('',*,*,#5211,.T.);
#6861=ORIENTED_EDGE('',*,*,#5212,.T.);
#6862=ORIENTED_EDGE('',*,*,#5213,.T.);
#6863=ORIENTED_EDGE('',*,*,#5214,.F.);
#6864=ORIENTED_EDGE('',*,*,#5215,.T.);
#6865=ORIENTED_EDGE('',*,*,#5216,.T.);
#6866=ORIENTED_EDGE('',*,*,#5217,.T.);
#6867=ORIENTED_EDGE('',*,*,#5218,.F.);
#6868=ORIENTED_EDGE('',*,*,#5219,.T.);
#6869=ORIENTED_EDGE('',*,*,#5220,.T.);
#6870=ORIENTED_EDGE('',*,*,#5221,.T.);
#6871=ORIENTED_EDGE('',*,*,#5222,.T.);
#6872=ORIENTED_EDGE('',*,*,#5223,.T.);
#6873=ORIENTED_EDGE('',*,*,#5224,.T.);
#6874=ORIENTED_EDGE('',*,*,#5225,.T.);
#6875=ORIENTED_EDGE('',*,*,#5045,.T.);
#6876=ORIENTED_EDGE('',*,*,#5049,.T.);
#6877=ORIENTED_EDGE('',*,*,#5226,.T.);
#6878=ORIENTED_EDGE('',*,*,#5227,.T.);
#6879=ORIENTED_EDGE('',*,*,#5228,.F.);
#6880=ORIENTED_EDGE('',*,*,#5229,.T.);
#6881=ORIENTED_EDGE('',*,*,#5230,.T.);
#6882=ORIENTED_EDGE('',*,*,#5231,.F.);
#6883=ORIENTED_EDGE('',*,*,#5232,.F.);
#6884=ORIENTED_EDGE('',*,*,#5233,.F.);
#6885=ORIENTED_EDGE('',*,*,#5234,.T.);
#6886=ORIENTED_EDGE('',*,*,#5235,.F.);
#6887=ORIENTED_EDGE('',*,*,#5236,.T.);
#6888=ORIENTED_EDGE('',*,*,#5237,.T.);
#6889=ORIENTED_EDGE('',*,*,#5238,.F.);
#6890=ORIENTED_EDGE('',*,*,#5239,.T.);
#6891=ORIENTED_EDGE('',*,*,#5240,.T.);
#6892=ORIENTED_EDGE('',*,*,#5241,.T.);
#6893=ORIENTED_EDGE('',*,*,#5242,.T.);
#6894=ORIENTED_EDGE('',*,*,#5243,.T.);
#6895=ORIENTED_EDGE('',*,*,#5244,.T.);
#6896=ORIENTED_EDGE('',*,*,#5245,.T.);
#6897=ORIENTED_EDGE('',*,*,#5019,.T.);
#6898=ORIENTED_EDGE('',*,*,#5024,.T.);
#6899=ORIENTED_EDGE('',*,*,#5246,.F.);
#6900=ORIENTED_EDGE('',*,*,#5247,.F.);
#6901=ORIENTED_EDGE('',*,*,#5248,.F.);
#6902=ORIENTED_EDGE('',*,*,#5249,.F.);
#6903=ORIENTED_EDGE('',*,*,#5250,.F.);
#6904=ORIENTED_EDGE('',*,*,#5251,.F.);
#6905=ORIENTED_EDGE('',*,*,#5252,.F.);
#6906=ORIENTED_EDGE('',*,*,#5253,.F.);
#6907=ORIENTED_EDGE('',*,*,#4960,.T.);
#6908=ORIENTED_EDGE('',*,*,#5254,.T.);
#6909=ORIENTED_EDGE('',*,*,#5210,.F.);
#6910=ORIENTED_EDGE('',*,*,#5255,.F.);
#6911=ORIENTED_EDGE('',*,*,#5256,.T.);
#6912=ORIENTED_EDGE('',*,*,#5257,.T.);
#6913=ORIENTED_EDGE('',*,*,#5258,.T.);
#6914=ORIENTED_EDGE('',*,*,#5259,.T.);
#6915=ORIENTED_EDGE('',*,*,#5260,.T.);
#6916=ORIENTED_EDGE('',*,*,#5261,.T.);
#6917=ORIENTED_EDGE('',*,*,#5262,.T.);
#6918=ORIENTED_EDGE('',*,*,#5263,.T.);
#6919=ORIENTED_EDGE('',*,*,#5236,.F.);
#6920=ORIENTED_EDGE('',*,*,#5264,.F.);
#6921=ORIENTED_EDGE('',*,*,#5265,.T.);
#6922=ORIENTED_EDGE('',*,*,#5139,.T.);
#6923=ORIENTED_EDGE('',*,*,#5266,.T.);
#6924=ORIENTED_EDGE('',*,*,#5129,.F.);
#6925=ORIENTED_EDGE('',*,*,#5159,.T.);
#6926=ORIENTED_EDGE('',*,*,#5267,.F.);
#6927=ORIENTED_EDGE('',*,*,#5157,.F.);
#6928=ORIENTED_EDGE('',*,*,#5268,.F.);
#6929=ORIENTED_EDGE('',*,*,#5269,.T.);
#6930=ORIENTED_EDGE('',*,*,#5163,.T.);
#6931=ORIENTED_EDGE('',*,*,#5270,.T.);
#6932=ORIENTED_EDGE('',*,*,#5153,.F.);
#6933=ORIENTED_EDGE('',*,*,#5135,.T.);
#6934=ORIENTED_EDGE('',*,*,#5271,.F.);
#6935=ORIENTED_EDGE('',*,*,#5133,.F.);
#6936=ORIENTED_EDGE('',*,*,#5272,.F.);
#6937=ORIENTED_EDGE('',*,*,#5273,.T.);
#6938=ORIENTED_EDGE('',*,*,#4962,.F.);
#6939=ORIENTED_EDGE('',*,*,#5274,.F.);
#6940=ORIENTED_EDGE('',*,*,#5230,.F.);
#6941=ORIENTED_EDGE('',*,*,#5275,.F.);
#6942=ORIENTED_EDGE('',*,*,#5276,.F.);
#6943=ORIENTED_EDGE('',*,*,#5277,.F.);
#6944=ORIENTED_EDGE('',*,*,#5278,.F.);
#6945=ORIENTED_EDGE('',*,*,#5279,.F.);
#6946=ORIENTED_EDGE('',*,*,#5280,.F.);
#6947=ORIENTED_EDGE('',*,*,#5281,.F.);
#6948=ORIENTED_EDGE('',*,*,#5282,.F.);
#6949=ORIENTED_EDGE('',*,*,#5283,.T.);
#6950=ORIENTED_EDGE('',*,*,#5216,.F.);
#6951=ORIENTED_EDGE('',*,*,#5284,.T.);
#6952=ORIENTED_EDGE('',*,*,#5187,.F.);
#6953=ORIENTED_EDGE('',*,*,#5285,.F.);
#6954=ORIENTED_EDGE('',*,*,#5177,.T.);
#6955=ORIENTED_EDGE('',*,*,#5183,.F.);
#6956=ORIENTED_EDGE('',*,*,#5286,.F.);
#6957=ORIENTED_EDGE('',*,*,#5181,.T.);
#6958=ORIENTED_EDGE('',*,*,#5287,.T.);
#6959=ORIENTED_EDGE('',*,*,#5288,.T.);
#6960=ORIENTED_EDGE('',*,*,#5289,.T.);
#6961=ORIENTED_EDGE('',*,*,#5290,.T.);
#6962=ORIENTED_EDGE('',*,*,#5291,.F.);
#6963=ORIENTED_EDGE('',*,*,#5292,.F.);
#6964=ORIENTED_EDGE('',*,*,#5293,.F.);
#6965=ORIENTED_EDGE('',*,*,#5294,.F.);
#6966=ORIENTED_EDGE('',*,*,#5295,.F.);
#6967=ORIENTED_EDGE('',*,*,#5296,.T.);
#6968=ORIENTED_EDGE('',*,*,#5297,.T.);
#6969=ORIENTED_EDGE('',*,*,#5298,.T.);
#6970=ORIENTED_EDGE('',*,*,#5299,.F.);
#6971=ORIENTED_EDGE('',*,*,#5300,.F.);
#6972=ORIENTED_EDGE('',*,*,#5301,.F.);
#6973=ORIENTED_EDGE('',*,*,#5302,.T.);
#6974=ORIENTED_EDGE('',*,*,#4957,.T.);
#6975=ORIENTED_EDGE('',*,*,#5303,.T.);
#6976=ORIENTED_EDGE('',*,*,#5304,.T.);
#6977=ORIENTED_EDGE('',*,*,#5264,.T.);
#6978=ORIENTED_EDGE('',*,*,#5235,.T.);
#6979=ORIENTED_EDGE('',*,*,#5305,.F.);
#6980=ORIENTED_EDGE('',*,*,#5306,.F.);
#6981=ORIENTED_EDGE('',*,*,#5307,.F.);
#6982=ORIENTED_EDGE('',*,*,#5308,.F.);
#6983=ORIENTED_EDGE('',*,*,#5309,.F.);
#6984=ORIENTED_EDGE('',*,*,#5231,.T.);
#6985=ORIENTED_EDGE('',*,*,#5274,.T.);
#6986=ORIENTED_EDGE('',*,*,#4961,.T.);
#6987=ORIENTED_EDGE('',*,*,#5211,.F.);
#6988=ORIENTED_EDGE('',*,*,#5254,.F.);
#6989=ORIENTED_EDGE('',*,*,#4959,.F.);
#6990=ORIENTED_EDGE('',*,*,#5273,.F.);
#6991=ORIENTED_EDGE('',*,*,#5215,.F.);
#6992=ORIENTED_EDGE('',*,*,#5310,.T.);
#6993=ORIENTED_EDGE('',*,*,#5311,.T.);
#6994=ORIENTED_EDGE('',*,*,#5312,.T.);
#6995=ORIENTED_EDGE('',*,*,#5313,.T.);
#6996=ORIENTED_EDGE('',*,*,#5314,.T.);
#6997=ORIENTED_EDGE('',*,*,#5315,.T.);
#6998=ORIENTED_EDGE('',*,*,#5233,.T.);
#6999=ORIENTED_EDGE('',*,*,#5316,.T.);
#7000=ORIENTED_EDGE('',*,*,#5317,.T.);
#7001=ORIENTED_EDGE('',*,*,#5318,.T.);
#7002=ORIENTED_EDGE('',*,*,#5319,.T.);
#7003=ORIENTED_EDGE('',*,*,#5213,.F.);
#7004=ORIENTED_EDGE('',*,*,#5320,.F.);
#7005=ORIENTED_EDGE('',*,*,#5321,.F.);
#7006=ORIENTED_EDGE('',*,*,#5322,.F.);
#7007=ORIENTED_EDGE('',*,*,#5323,.F.);
#7008=ORIENTED_EDGE('',*,*,#5324,.F.);
#7009=ORIENTED_EDGE('',*,*,#5325,.F.);
#7010=ORIENTED_EDGE('',*,*,#5301,.T.);
#7011=ORIENTED_EDGE('',*,*,#5326,.F.);
#7012=ORIENTED_EDGE('',*,*,#5327,.F.);
#7013=ORIENTED_EDGE('',*,*,#5275,.T.);
#7014=ORIENTED_EDGE('',*,*,#5229,.F.);
#7015=ORIENTED_EDGE('',*,*,#5328,.F.);
#7016=ORIENTED_EDGE('',*,*,#5217,.F.);
#7017=ORIENTED_EDGE('',*,*,#5283,.F.);
#7018=ORIENTED_EDGE('',*,*,#5329,.F.);
#7019=ORIENTED_EDGE('',*,*,#5330,.T.);
#7020=ORIENTED_EDGE('',*,*,#5299,.T.);
#7021=ORIENTED_EDGE('',*,*,#5331,.F.);
#7022=ORIENTED_EDGE('',*,*,#5295,.T.);
#7023=ORIENTED_EDGE('',*,*,#5332,.F.);
#7024=ORIENTED_EDGE('',*,*,#5333,.F.);
#7025=ORIENTED_EDGE('',*,*,#5255,.T.);
#7026=ORIENTED_EDGE('',*,*,#5209,.F.);
#7027=ORIENTED_EDGE('',*,*,#5334,.F.);
#7028=ORIENTED_EDGE('',*,*,#5237,.F.);
#7029=ORIENTED_EDGE('',*,*,#5263,.F.);
#7030=ORIENTED_EDGE('',*,*,#5335,.F.);
#7031=ORIENTED_EDGE('',*,*,#5336,.T.);
#7032=ORIENTED_EDGE('',*,*,#5291,.T.);
#7033=ORIENTED_EDGE('',*,*,#5308,.T.);
#7034=ORIENTED_EDGE('',*,*,#5337,.F.);
#7035=ORIENTED_EDGE('',*,*,#5317,.F.);
#7036=ORIENTED_EDGE('',*,*,#5338,.T.);
#7037=ORIENTED_EDGE('',*,*,#5309,.T.);
#7038=ORIENTED_EDGE('',*,*,#5338,.F.);
#7039=ORIENTED_EDGE('',*,*,#5316,.F.);
#7040=ORIENTED_EDGE('',*,*,#5232,.T.);
#7041=ORIENTED_EDGE('',*,*,#5305,.T.);
#7042=ORIENTED_EDGE('',*,*,#5234,.F.);
#7043=ORIENTED_EDGE('',*,*,#5315,.F.);
#7044=ORIENTED_EDGE('',*,*,#5339,.T.);
#7045=ORIENTED_EDGE('',*,*,#5306,.T.);
#7046=ORIENTED_EDGE('',*,*,#5339,.F.);
#7047=ORIENTED_EDGE('',*,*,#5319,.F.);
#7048=ORIENTED_EDGE('',*,*,#5340,.T.);
#7049=ORIENTED_EDGE('',*,*,#5307,.T.);
#7050=ORIENTED_EDGE('',*,*,#5340,.F.);
#7051=ORIENTED_EDGE('',*,*,#5318,.F.);
#7052=ORIENTED_EDGE('',*,*,#5337,.T.);
#7053=ORIENTED_EDGE('',*,*,#5341,.T.);
#7054=ORIENTED_EDGE('',*,*,#5323,.T.);
#7055=ORIENTED_EDGE('',*,*,#5342,.F.);
#7056=ORIENTED_EDGE('',*,*,#5311,.F.);
#7057=ORIENTED_EDGE('',*,*,#5214,.T.);
#7058=ORIENTED_EDGE('',*,*,#5324,.T.);
#7059=ORIENTED_EDGE('',*,*,#5341,.F.);
#7060=ORIENTED_EDGE('',*,*,#5310,.F.);
#7061=ORIENTED_EDGE('',*,*,#5343,.T.);
#7062=ORIENTED_EDGE('',*,*,#5320,.T.);
#7063=ORIENTED_EDGE('',*,*,#5212,.F.);
#7064=ORIENTED_EDGE('',*,*,#5314,.F.);
#7065=ORIENTED_EDGE('',*,*,#5344,.T.);
#7066=ORIENTED_EDGE('',*,*,#5321,.T.);
#7067=ORIENTED_EDGE('',*,*,#5343,.F.);
#7068=ORIENTED_EDGE('',*,*,#5313,.F.);
#7069=ORIENTED_EDGE('',*,*,#5342,.T.);
#7070=ORIENTED_EDGE('',*,*,#5322,.T.);
#7071=ORIENTED_EDGE('',*,*,#5344,.F.);
#7072=ORIENTED_EDGE('',*,*,#5312,.F.);
#7073=ORIENTED_EDGE('',*,*,#5304,.F.);
#7074=ORIENTED_EDGE('',*,*,#5345,.F.);
#7075=ORIENTED_EDGE('',*,*,#5346,.T.);
#7076=ORIENTED_EDGE('',*,*,#5347,.T.);
#7077=ORIENTED_EDGE('',*,*,#5303,.F.);
#7078=ORIENTED_EDGE('',*,*,#4956,.F.);
#7079=ORIENTED_EDGE('',*,*,#5348,.T.);
#7080=ORIENTED_EDGE('',*,*,#5345,.T.);
#7081=ORIENTED_EDGE('',*,*,#5302,.F.);
#7082=ORIENTED_EDGE('',*,*,#5347,.F.);
#7083=ORIENTED_EDGE('',*,*,#5349,.T.);
#7084=ORIENTED_EDGE('',*,*,#4958,.T.);
#7085=ORIENTED_EDGE('',*,*,#5300,.T.);
#7086=ORIENTED_EDGE('',*,*,#5330,.F.);
#7087=ORIENTED_EDGE('',*,*,#5350,.F.);
#7088=ORIENTED_EDGE('',*,*,#5326,.T.);
#7089=ORIENTED_EDGE('',*,*,#5329,.T.);
#7090=ORIENTED_EDGE('',*,*,#5282,.T.);
#7091=ORIENTED_EDGE('',*,*,#5351,.F.);
#7092=ORIENTED_EDGE('',*,*,#5200,.F.);
#7093=ORIENTED_EDGE('',*,*,#5352,.T.);
#7094=ORIENTED_EDGE('',*,*,#5276,.T.);
#7095=ORIENTED_EDGE('',*,*,#5327,.T.);
#7096=ORIENTED_EDGE('',*,*,#5350,.T.);
#7097=ORIENTED_EDGE('',*,*,#4955,.F.);
#7098=ORIENTED_EDGE('',*,*,#5349,.F.);
#7099=ORIENTED_EDGE('',*,*,#5346,.F.);
#7100=ORIENTED_EDGE('',*,*,#5348,.F.);
#7101=ORIENTED_EDGE('',*,*,#5333,.T.);
#7102=ORIENTED_EDGE('',*,*,#5353,.T.);
#7103=ORIENTED_EDGE('',*,*,#5354,.T.);
#7104=ORIENTED_EDGE('',*,*,#5355,.T.);
#7105=ORIENTED_EDGE('',*,*,#5335,.T.);
#7106=ORIENTED_EDGE('',*,*,#5262,.F.);
#7107=ORIENTED_EDGE('',*,*,#5356,.T.);
#7108=ORIENTED_EDGE('',*,*,#5194,.T.);
#7109=ORIENTED_EDGE('',*,*,#5357,.F.);
#7110=ORIENTED_EDGE('',*,*,#5256,.F.);
#7111=ORIENTED_EDGE('',*,*,#5294,.T.);
#7112=ORIENTED_EDGE('',*,*,#5358,.F.);
#7113=ORIENTED_EDGE('',*,*,#5353,.F.);
#7114=ORIENTED_EDGE('',*,*,#5332,.T.);
#7115=ORIENTED_EDGE('',*,*,#5293,.T.);
#7116=ORIENTED_EDGE('',*,*,#5359,.F.);
#7117=ORIENTED_EDGE('',*,*,#5354,.F.);
#7118=ORIENTED_EDGE('',*,*,#5358,.T.);
#7119=ORIENTED_EDGE('',*,*,#5292,.T.);
#7120=ORIENTED_EDGE('',*,*,#5336,.F.);
#7121=ORIENTED_EDGE('',*,*,#5355,.F.);
#7122=ORIENTED_EDGE('',*,*,#5359,.T.);
#7123=ORIENTED_EDGE('',*,*,#5360,.T.);
#7124=ORIENTED_EDGE('',*,*,#5296,.F.);
#7125=ORIENTED_EDGE('',*,*,#5325,.T.);
#7126=ORIENTED_EDGE('',*,*,#5228,.T.);
#7127=ORIENTED_EDGE('',*,*,#5361,.F.);
#7128=ORIENTED_EDGE('',*,*,#5036,.T.);
#7129=ORIENTED_EDGE('',*,*,#5362,.T.);
#7130=ORIENTED_EDGE('',*,*,#5218,.T.);
#7131=ORIENTED_EDGE('',*,*,#5328,.T.);
#7132=ORIENTED_EDGE('',*,*,#5298,.F.);
#7133=ORIENTED_EDGE('',*,*,#5363,.F.);
#7134=ORIENTED_EDGE('',*,*,#5034,.T.);
#7135=ORIENTED_EDGE('',*,*,#5364,.T.);
#7136=ORIENTED_EDGE('',*,*,#5288,.F.);
#7137=ORIENTED_EDGE('',*,*,#5331,.T.);
#7138=ORIENTED_EDGE('',*,*,#5208,.T.);
#7139=ORIENTED_EDGE('',*,*,#5365,.F.);
#7140=ORIENTED_EDGE('',*,*,#5009,.T.);
#7141=ORIENTED_EDGE('',*,*,#5366,.F.);
#7142=ORIENTED_EDGE('',*,*,#5007,.T.);
#7143=ORIENTED_EDGE('',*,*,#5367,.T.);
#7144=ORIENTED_EDGE('',*,*,#5238,.T.);
#7145=ORIENTED_EDGE('',*,*,#5334,.T.);
#7146=ORIENTED_EDGE('',*,*,#5290,.F.);
#7147=ORIENTED_EDGE('',*,*,#5289,.F.);
#7148=ORIENTED_EDGE('',*,*,#5364,.F.);
#7149=ORIENTED_EDGE('',*,*,#5008,.T.);
#7150=ORIENTED_EDGE('',*,*,#5366,.T.);
#7151=ORIENTED_EDGE('',*,*,#5297,.F.);
#7152=ORIENTED_EDGE('',*,*,#5360,.F.);
#7153=ORIENTED_EDGE('',*,*,#5035,.T.);
#7154=ORIENTED_EDGE('',*,*,#5363,.T.);
#7155=ORIENTED_EDGE('',*,*,#5368,.F.);
#7156=ORIENTED_EDGE('',*,*,#5032,.T.);
#7157=ORIENTED_EDGE('',*,*,#5369,.T.);
#7158=ORIENTED_EDGE('',*,*,#5220,.F.);
#7159=ORIENTED_EDGE('',*,*,#5369,.F.);
#7160=ORIENTED_EDGE('',*,*,#5031,.T.);
#7161=ORIENTED_EDGE('',*,*,#5370,.T.);
#7162=ORIENTED_EDGE('',*,*,#5221,.F.);
#7163=ORIENTED_EDGE('',*,*,#5370,.F.);
#7164=ORIENTED_EDGE('',*,*,#5030,.T.);
#7165=ORIENTED_EDGE('',*,*,#5371,.T.);
#7166=ORIENTED_EDGE('',*,*,#5222,.F.);
#7167=ORIENTED_EDGE('',*,*,#5371,.F.);
#7168=ORIENTED_EDGE('',*,*,#5029,.T.);
#7169=ORIENTED_EDGE('',*,*,#5372,.T.);
#7170=ORIENTED_EDGE('',*,*,#5223,.F.);
#7171=ORIENTED_EDGE('',*,*,#5372,.F.);
#7172=ORIENTED_EDGE('',*,*,#5028,.T.);
#7173=ORIENTED_EDGE('',*,*,#5373,.T.);
#7174=ORIENTED_EDGE('',*,*,#5224,.F.);
#7175=ORIENTED_EDGE('',*,*,#5373,.F.);
#7176=ORIENTED_EDGE('',*,*,#5027,.T.);
#7177=ORIENTED_EDGE('',*,*,#5046,.T.);
#7178=ORIENTED_EDGE('',*,*,#5225,.F.);
#7179=ORIENTED_EDGE('',*,*,#5048,.F.);
#7180=ORIENTED_EDGE('',*,*,#5038,.T.);
#7181=ORIENTED_EDGE('',*,*,#5374,.T.);
#7182=ORIENTED_EDGE('',*,*,#5226,.F.);
#7183=ORIENTED_EDGE('',*,*,#5374,.F.);
#7184=ORIENTED_EDGE('',*,*,#5037,.T.);
#7185=ORIENTED_EDGE('',*,*,#5361,.T.);
#7186=ORIENTED_EDGE('',*,*,#5227,.F.);
#7187=ORIENTED_EDGE('',*,*,#5362,.F.);
#7188=ORIENTED_EDGE('',*,*,#5033,.T.);
#7189=ORIENTED_EDGE('',*,*,#5368,.T.);
#7190=ORIENTED_EDGE('',*,*,#5219,.F.);
#7191=ORIENTED_EDGE('',*,*,#5023,.F.);
#7192=ORIENTED_EDGE('',*,*,#5011,.T.);
#7193=ORIENTED_EDGE('',*,*,#5375,.T.);
#7194=ORIENTED_EDGE('',*,*,#5206,.F.);
#7195=ORIENTED_EDGE('',*,*,#5375,.F.);
#7196=ORIENTED_EDGE('',*,*,#5010,.T.);
#7197=ORIENTED_EDGE('',*,*,#5365,.T.);
#7198=ORIENTED_EDGE('',*,*,#5207,.F.);
#7199=ORIENTED_EDGE('',*,*,#5367,.F.);
#7200=ORIENTED_EDGE('',*,*,#5006,.T.);
#7201=ORIENTED_EDGE('',*,*,#5376,.T.);
#7202=ORIENTED_EDGE('',*,*,#5239,.F.);
#7203=ORIENTED_EDGE('',*,*,#5376,.F.);
#7204=ORIENTED_EDGE('',*,*,#5005,.T.);
#7205=ORIENTED_EDGE('',*,*,#5377,.T.);
#7206=ORIENTED_EDGE('',*,*,#5240,.F.);
#7207=ORIENTED_EDGE('',*,*,#5377,.F.);
#7208=ORIENTED_EDGE('',*,*,#5004,.T.);
#7209=ORIENTED_EDGE('',*,*,#5378,.T.);
#7210=ORIENTED_EDGE('',*,*,#5241,.F.);
#7211=ORIENTED_EDGE('',*,*,#5378,.F.);
#7212=ORIENTED_EDGE('',*,*,#5003,.T.);
#7213=ORIENTED_EDGE('',*,*,#5379,.T.);
#7214=ORIENTED_EDGE('',*,*,#5242,.F.);
#7215=ORIENTED_EDGE('',*,*,#5379,.F.);
#7216=ORIENTED_EDGE('',*,*,#5002,.T.);
#7217=ORIENTED_EDGE('',*,*,#5380,.T.);
#7218=ORIENTED_EDGE('',*,*,#5243,.F.);
#7219=ORIENTED_EDGE('',*,*,#5380,.F.);
#7220=ORIENTED_EDGE('',*,*,#5001,.T.);
#7221=ORIENTED_EDGE('',*,*,#5381,.T.);
#7222=ORIENTED_EDGE('',*,*,#5244,.F.);
#7223=ORIENTED_EDGE('',*,*,#5381,.F.);
#7224=ORIENTED_EDGE('',*,*,#5000,.T.);
#7225=ORIENTED_EDGE('',*,*,#5020,.T.);
#7226=ORIENTED_EDGE('',*,*,#5245,.F.);
#7227=ORIENTED_EDGE('',*,*,#5040,.F.);
#7228=ORIENTED_EDGE('',*,*,#5382,.F.);
#7229=ORIENTED_EDGE('',*,*,#5112,.T.);
#7230=ORIENTED_EDGE('',*,*,#5383,.T.);
#7231=ORIENTED_EDGE('',*,*,#5041,.F.);
#7232=ORIENTED_EDGE('',*,*,#5383,.F.);
#7233=ORIENTED_EDGE('',*,*,#5115,.T.);
#7234=ORIENTED_EDGE('',*,*,#5384,.T.);
#7235=ORIENTED_EDGE('',*,*,#5042,.F.);
#7236=ORIENTED_EDGE('',*,*,#5384,.F.);
#7237=ORIENTED_EDGE('',*,*,#5114,.T.);
#7238=ORIENTED_EDGE('',*,*,#5385,.T.);
#7239=ORIENTED_EDGE('',*,*,#5039,.F.);
#7240=ORIENTED_EDGE('',*,*,#5385,.F.);
#7241=ORIENTED_EDGE('',*,*,#5113,.T.);
#7242=ORIENTED_EDGE('',*,*,#5382,.T.);
#7243=ORIENTED_EDGE('',*,*,#5013,.F.);
#7244=ORIENTED_EDGE('',*,*,#5386,.F.);
#7245=ORIENTED_EDGE('',*,*,#5108,.T.);
#7246=ORIENTED_EDGE('',*,*,#5387,.T.);
#7247=ORIENTED_EDGE('',*,*,#5014,.F.);
#7248=ORIENTED_EDGE('',*,*,#5387,.F.);
#7249=ORIENTED_EDGE('',*,*,#5111,.T.);
#7250=ORIENTED_EDGE('',*,*,#5388,.T.);
#7251=ORIENTED_EDGE('',*,*,#5015,.F.);
#7252=ORIENTED_EDGE('',*,*,#5388,.F.);
#7253=ORIENTED_EDGE('',*,*,#5110,.T.);
#7254=ORIENTED_EDGE('',*,*,#5389,.T.);
#7255=ORIENTED_EDGE('',*,*,#5012,.F.);
#7256=ORIENTED_EDGE('',*,*,#5389,.F.);
#7257=ORIENTED_EDGE('',*,*,#5109,.T.);
#7258=ORIENTED_EDGE('',*,*,#5386,.T.);
#7259=ORIENTED_EDGE('',*,*,#5277,.T.);
#7260=ORIENTED_EDGE('',*,*,#5352,.F.);
#7261=ORIENTED_EDGE('',*,*,#5205,.F.);
#7262=ORIENTED_EDGE('',*,*,#5390,.T.);
#7263=ORIENTED_EDGE('',*,*,#5278,.T.);
#7264=ORIENTED_EDGE('',*,*,#5390,.F.);
#7265=ORIENTED_EDGE('',*,*,#5204,.F.);
#7266=ORIENTED_EDGE('',*,*,#5391,.T.);
#7267=ORIENTED_EDGE('',*,*,#5279,.T.);
#7268=ORIENTED_EDGE('',*,*,#5391,.F.);
#7269=ORIENTED_EDGE('',*,*,#5203,.F.);
#7270=ORIENTED_EDGE('',*,*,#5392,.T.);
#7271=ORIENTED_EDGE('',*,*,#5280,.T.);
#7272=ORIENTED_EDGE('',*,*,#5392,.F.);
#7273=ORIENTED_EDGE('',*,*,#5202,.F.);
#7274=ORIENTED_EDGE('',*,*,#5393,.T.);
#7275=ORIENTED_EDGE('',*,*,#5281,.T.);
#7276=ORIENTED_EDGE('',*,*,#5393,.F.);
#7277=ORIENTED_EDGE('',*,*,#5201,.F.);
#7278=ORIENTED_EDGE('',*,*,#5351,.T.);
#7279=ORIENTED_EDGE('',*,*,#4952,.F.);
#7280=ORIENTED_EDGE('',*,*,#4951,.F.);
#7281=ORIENTED_EDGE('',*,*,#4954,.T.);
#7282=ORIENTED_EDGE('',*,*,#4946,.F.);
#7283=ORIENTED_EDGE('',*,*,#4949,.T.);
#7284=ORIENTED_EDGE('',*,*,#4943,.F.);
#7285=ORIENTED_EDGE('',*,*,#4942,.F.);
#7286=ORIENTED_EDGE('',*,*,#4945,.T.);
#7287=ORIENTED_EDGE('',*,*,#4937,.F.);
#7288=ORIENTED_EDGE('',*,*,#4940,.T.);
#7289=ORIENTED_EDGE('',*,*,#5394,.T.);
#7290=ORIENTED_EDGE('',*,*,#5195,.T.);
#7291=ORIENTED_EDGE('',*,*,#5356,.F.);
#7292=ORIENTED_EDGE('',*,*,#5261,.F.);
#7293=ORIENTED_EDGE('',*,*,#5395,.T.);
#7294=ORIENTED_EDGE('',*,*,#5196,.T.);
#7295=ORIENTED_EDGE('',*,*,#5394,.F.);
#7296=ORIENTED_EDGE('',*,*,#5260,.F.);
#7297=ORIENTED_EDGE('',*,*,#5396,.T.);
#7298=ORIENTED_EDGE('',*,*,#5197,.T.);
#7299=ORIENTED_EDGE('',*,*,#5395,.F.);
#7300=ORIENTED_EDGE('',*,*,#5259,.F.);
#7301=ORIENTED_EDGE('',*,*,#5397,.T.);
#7302=ORIENTED_EDGE('',*,*,#5198,.T.);
#7303=ORIENTED_EDGE('',*,*,#5396,.F.);
#7304=ORIENTED_EDGE('',*,*,#5258,.F.);
#7305=ORIENTED_EDGE('',*,*,#5357,.T.);
#7306=ORIENTED_EDGE('',*,*,#5199,.T.);
#7307=ORIENTED_EDGE('',*,*,#5397,.F.);
#7308=ORIENTED_EDGE('',*,*,#5257,.F.);
#7309=ORIENTED_EDGE('',*,*,#4934,.T.);
#7310=ORIENTED_EDGE('',*,*,#4931,.F.);
#7311=ORIENTED_EDGE('',*,*,#4933,.T.);
#7312=ORIENTED_EDGE('',*,*,#4930,.F.);
#7313=ORIENTED_EDGE('',*,*,#4928,.T.);
#7314=ORIENTED_EDGE('',*,*,#4925,.T.);
#7315=ORIENTED_EDGE('',*,*,#4922,.F.);
#7316=ORIENTED_EDGE('',*,*,#4924,.T.);
#7317=ORIENTED_EDGE('',*,*,#4921,.F.);
#7318=ORIENTED_EDGE('',*,*,#4919,.T.);
#7319=ORIENTED_EDGE('',*,*,#5250,.T.);
#7320=ORIENTED_EDGE('',*,*,#5398,.T.);
#7321=ORIENTED_EDGE('',*,*,#5399,.T.);
#7322=ORIENTED_EDGE('',*,*,#5400,.F.);
#7323=ORIENTED_EDGE('',*,*,#5253,.T.);
#7324=ORIENTED_EDGE('',*,*,#5401,.T.);
#7325=ORIENTED_EDGE('',*,*,#5402,.T.);
#7326=ORIENTED_EDGE('',*,*,#5398,.F.);
#7327=ORIENTED_EDGE('',*,*,#5252,.T.);
#7328=ORIENTED_EDGE('',*,*,#5403,.T.);
#7329=ORIENTED_EDGE('',*,*,#5404,.T.);
#7330=ORIENTED_EDGE('',*,*,#5401,.F.);
#7331=ORIENTED_EDGE('',*,*,#5251,.T.);
#7332=ORIENTED_EDGE('',*,*,#5400,.T.);
#7333=ORIENTED_EDGE('',*,*,#5405,.T.);
#7334=ORIENTED_EDGE('',*,*,#5403,.F.);
#7335=ORIENTED_EDGE('',*,*,#5399,.F.);
#7336=ORIENTED_EDGE('',*,*,#5402,.F.);
#7337=ORIENTED_EDGE('',*,*,#5404,.F.);
#7338=ORIENTED_EDGE('',*,*,#5405,.F.);
#7339=ORIENTED_EDGE('',*,*,#5246,.T.);
#7340=ORIENTED_EDGE('',*,*,#5406,.T.);
#7341=ORIENTED_EDGE('',*,*,#5407,.T.);
#7342=ORIENTED_EDGE('',*,*,#5408,.F.);
#7343=ORIENTED_EDGE('',*,*,#5249,.T.);
#7344=ORIENTED_EDGE('',*,*,#5409,.T.);
#7345=ORIENTED_EDGE('',*,*,#5410,.T.);
#7346=ORIENTED_EDGE('',*,*,#5406,.F.);
#7347=ORIENTED_EDGE('',*,*,#5248,.T.);
#7348=ORIENTED_EDGE('',*,*,#5411,.T.);
#7349=ORIENTED_EDGE('',*,*,#5412,.T.);
#7350=ORIENTED_EDGE('',*,*,#5409,.F.);
#7351=ORIENTED_EDGE('',*,*,#5247,.T.);
#7352=ORIENTED_EDGE('',*,*,#5408,.T.);
#7353=ORIENTED_EDGE('',*,*,#5413,.T.);
#7354=ORIENTED_EDGE('',*,*,#5411,.F.);
#7355=ORIENTED_EDGE('',*,*,#5407,.F.);
#7356=ORIENTED_EDGE('',*,*,#5410,.F.);
#7357=ORIENTED_EDGE('',*,*,#5412,.F.);
#7358=ORIENTED_EDGE('',*,*,#5413,.F.);
#7359=ORIENTED_EDGE('',*,*,#5185,.T.);
#7360=ORIENTED_EDGE('',*,*,#5414,.T.);
#7361=ORIENTED_EDGE('',*,*,#5179,.F.);
#7362=ORIENTED_EDGE('',*,*,#5415,.F.);
#7363=ORIENTED_EDGE('',*,*,#5178,.T.);
#7364=ORIENTED_EDGE('',*,*,#5285,.T.);
#7365=ORIENTED_EDGE('',*,*,#5186,.T.);
#7366=ORIENTED_EDGE('',*,*,#5415,.T.);
#7367=ORIENTED_EDGE('',*,*,#5180,.F.);
#7368=ORIENTED_EDGE('',*,*,#5414,.F.);
#7369=ORIENTED_EDGE('',*,*,#5184,.F.);
#7370=ORIENTED_EDGE('',*,*,#5287,.F.);
#7371=ORIENTED_EDGE('',*,*,#5155,.T.);
#7372=ORIENTED_EDGE('',*,*,#5416,.T.);
#7373=ORIENTED_EDGE('',*,*,#5161,.F.);
#7374=ORIENTED_EDGE('',*,*,#5417,.F.);
#7375=ORIENTED_EDGE('',*,*,#5156,.T.);
#7376=ORIENTED_EDGE('',*,*,#5417,.T.);
#7377=ORIENTED_EDGE('',*,*,#5160,.T.);
#7378=ORIENTED_EDGE('',*,*,#5268,.T.);
#7379=ORIENTED_EDGE('',*,*,#5154,.F.);
#7380=ORIENTED_EDGE('',*,*,#5270,.F.);
#7381=ORIENTED_EDGE('',*,*,#5162,.F.);
#7382=ORIENTED_EDGE('',*,*,#5416,.F.);
#7383=ORIENTED_EDGE('',*,*,#5131,.T.);
#7384=ORIENTED_EDGE('',*,*,#5418,.T.);
#7385=ORIENTED_EDGE('',*,*,#5137,.F.);
#7386=ORIENTED_EDGE('',*,*,#5419,.F.);
#7387=ORIENTED_EDGE('',*,*,#5132,.T.);
#7388=ORIENTED_EDGE('',*,*,#5419,.T.);
#7389=ORIENTED_EDGE('',*,*,#5136,.T.);
#7390=ORIENTED_EDGE('',*,*,#5272,.T.);
#7391=ORIENTED_EDGE('',*,*,#5130,.F.);
#7392=ORIENTED_EDGE('',*,*,#5266,.F.);
#7393=ORIENTED_EDGE('',*,*,#5138,.F.);
#7394=ORIENTED_EDGE('',*,*,#5418,.F.);
#7395=ORIENTED_EDGE('',*,*,#5170,.T.);
#7396=ORIENTED_EDGE('',*,*,#5286,.T.);
#7397=ORIENTED_EDGE('',*,*,#5182,.T.);
#7398=ORIENTED_EDGE('',*,*,#5420,.F.);
#7399=ORIENTED_EDGE('',*,*,#5176,.T.);
#7400=ORIENTED_EDGE('',*,*,#5421,.T.);
#7401=ORIENTED_EDGE('',*,*,#5188,.T.);
#7402=ORIENTED_EDGE('',*,*,#5284,.F.);
#7403=ORIENTED_EDGE('',*,*,#5175,.T.);
#7404=ORIENTED_EDGE('',*,*,#5422,.T.);
#7405=ORIENTED_EDGE('',*,*,#5189,.T.);
#7406=ORIENTED_EDGE('',*,*,#5421,.F.);
#7407=ORIENTED_EDGE('',*,*,#5174,.T.);
#7408=ORIENTED_EDGE('',*,*,#5423,.T.);
#7409=ORIENTED_EDGE('',*,*,#5190,.T.);
#7410=ORIENTED_EDGE('',*,*,#5422,.F.);
#7411=ORIENTED_EDGE('',*,*,#5173,.T.);
#7412=ORIENTED_EDGE('',*,*,#5424,.T.);
#7413=ORIENTED_EDGE('',*,*,#5191,.T.);
#7414=ORIENTED_EDGE('',*,*,#5423,.F.);
#7415=ORIENTED_EDGE('',*,*,#5172,.T.);
#7416=ORIENTED_EDGE('',*,*,#5425,.T.);
#7417=ORIENTED_EDGE('',*,*,#5192,.T.);
#7418=ORIENTED_EDGE('',*,*,#5424,.F.);
#7419=ORIENTED_EDGE('',*,*,#5171,.T.);
#7420=ORIENTED_EDGE('',*,*,#5420,.T.);
#7421=ORIENTED_EDGE('',*,*,#5193,.T.);
#7422=ORIENTED_EDGE('',*,*,#5425,.F.);
#7423=ORIENTED_EDGE('',*,*,#5150,.T.);
#7424=ORIENTED_EDGE('',*,*,#5426,.T.);
#7425=ORIENTED_EDGE('',*,*,#5166,.T.);
#7426=ORIENTED_EDGE('',*,*,#5427,.F.);
#7427=ORIENTED_EDGE('',*,*,#5149,.T.);
#7428=ORIENTED_EDGE('',*,*,#5428,.T.);
#7429=ORIENTED_EDGE('',*,*,#5167,.T.);
#7430=ORIENTED_EDGE('',*,*,#5426,.F.);
#7431=ORIENTED_EDGE('',*,*,#5148,.T.);
#7432=ORIENTED_EDGE('',*,*,#5429,.T.);
#7433=ORIENTED_EDGE('',*,*,#5168,.T.);
#7434=ORIENTED_EDGE('',*,*,#5428,.F.);
#7435=ORIENTED_EDGE('',*,*,#5147,.T.);
#7436=ORIENTED_EDGE('',*,*,#5430,.T.);
#7437=ORIENTED_EDGE('',*,*,#5169,.T.);
#7438=ORIENTED_EDGE('',*,*,#5429,.F.);
#7439=ORIENTED_EDGE('',*,*,#5146,.T.);
#7440=ORIENTED_EDGE('',*,*,#5267,.T.);
#7441=ORIENTED_EDGE('',*,*,#5158,.T.);
#7442=ORIENTED_EDGE('',*,*,#5430,.F.);
#7443=ORIENTED_EDGE('',*,*,#5152,.T.);
#7444=ORIENTED_EDGE('',*,*,#5431,.T.);
#7445=ORIENTED_EDGE('',*,*,#5164,.T.);
#7446=ORIENTED_EDGE('',*,*,#5269,.F.);
#7447=ORIENTED_EDGE('',*,*,#5151,.T.);
#7448=ORIENTED_EDGE('',*,*,#5427,.T.);
#7449=ORIENTED_EDGE('',*,*,#5165,.T.);
#7450=ORIENTED_EDGE('',*,*,#5431,.F.);
#7451=ORIENTED_EDGE('',*,*,#5126,.T.);
#7452=ORIENTED_EDGE('',*,*,#5432,.T.);
#7453=ORIENTED_EDGE('',*,*,#5142,.T.);
#7454=ORIENTED_EDGE('',*,*,#5433,.F.);
#7455=ORIENTED_EDGE('',*,*,#5125,.T.);
#7456=ORIENTED_EDGE('',*,*,#5434,.T.);
#7457=ORIENTED_EDGE('',*,*,#5143,.T.);
#7458=ORIENTED_EDGE('',*,*,#5432,.F.);
#7459=ORIENTED_EDGE('',*,*,#5124,.T.);
#7460=ORIENTED_EDGE('',*,*,#5435,.T.);
#7461=ORIENTED_EDGE('',*,*,#5144,.T.);
#7462=ORIENTED_EDGE('',*,*,#5434,.F.);
#7463=ORIENTED_EDGE('',*,*,#5123,.T.);
#7464=ORIENTED_EDGE('',*,*,#5436,.T.);
#7465=ORIENTED_EDGE('',*,*,#5145,.T.);
#7466=ORIENTED_EDGE('',*,*,#5435,.F.);
#7467=ORIENTED_EDGE('',*,*,#5122,.T.);
#7468=ORIENTED_EDGE('',*,*,#5271,.T.);
#7469=ORIENTED_EDGE('',*,*,#5134,.T.);
#7470=ORIENTED_EDGE('',*,*,#5436,.F.);
#7471=ORIENTED_EDGE('',*,*,#5128,.T.);
#7472=ORIENTED_EDGE('',*,*,#5437,.T.);
#7473=ORIENTED_EDGE('',*,*,#5140,.T.);
#7474=ORIENTED_EDGE('',*,*,#5265,.F.);
#7475=ORIENTED_EDGE('',*,*,#5127,.T.);
#7476=ORIENTED_EDGE('',*,*,#5433,.T.);
#7477=ORIENTED_EDGE('',*,*,#5141,.T.);
#7478=ORIENTED_EDGE('',*,*,#5437,.F.);
#7479=ORIENTED_EDGE('',*,*,#5438,.F.);
#7480=ORIENTED_EDGE('',*,*,#5120,.T.);
#7481=ORIENTED_EDGE('',*,*,#5439,.T.);
#7482=ORIENTED_EDGE('',*,*,#5072,.F.);
#7483=ORIENTED_EDGE('',*,*,#5101,.F.);
#7484=ORIENTED_EDGE('',*,*,#4964,.T.);
#7485=ORIENTED_EDGE('',*,*,#5106,.T.);
#7486=ORIENTED_EDGE('',*,*,#5075,.F.);
#7487=ORIENTED_EDGE('',*,*,#5117,.F.);
#7488=ORIENTED_EDGE('',*,*,#5440,.T.);
#7489=ORIENTED_EDGE('',*,*,#5093,.F.);
#7490=ORIENTED_EDGE('',*,*,#5107,.F.);
#7491=ORIENTED_EDGE('',*,*,#4966,.T.);
#7492=ORIENTED_EDGE('',*,*,#5100,.T.);
#7493=ORIENTED_EDGE('',*,*,#5096,.F.);
#7494=ORIENTED_EDGE('',*,*,#5441,.F.);
#7495=ORIENTED_EDGE('',*,*,#5116,.F.);
#7496=ORIENTED_EDGE('',*,*,#4918,.T.);
#7497=ORIENTED_EDGE('',*,*,#5094,.F.);
#7498=ORIENTED_EDGE('',*,*,#5440,.F.);
#7499=ORIENTED_EDGE('',*,*,#5118,.F.);
#7500=ORIENTED_EDGE('',*,*,#5441,.T.);
#7501=ORIENTED_EDGE('',*,*,#5095,.F.);
#7502=ORIENTED_EDGE('',*,*,#4916,.F.);
#7503=ORIENTED_EDGE('',*,*,#5119,.F.);
#7504=ORIENTED_EDGE('',*,*,#4909,.T.);
#7505=ORIENTED_EDGE('',*,*,#5073,.F.);
#7506=ORIENTED_EDGE('',*,*,#5439,.F.);
#7507=ORIENTED_EDGE('',*,*,#5121,.F.);
#7508=ORIENTED_EDGE('',*,*,#5438,.T.);
#7509=ORIENTED_EDGE('',*,*,#5074,.F.);
#7510=ORIENTED_EDGE('',*,*,#4907,.F.);
#7511=ORIENTED_EDGE('',*,*,#4911,.T.);
#7512=ORIENTED_EDGE('',*,*,#4904,.F.);
#7513=ORIENTED_EDGE('',*,*,#4915,.T.);
#7514=ORIENTED_EDGE('',*,*,#4901,.F.);
#7515=ORIENTED_EDGE('',*,*,#4896,.T.);
#7516=ORIENTED_EDGE('',*,*,#4895,.F.);
#7517=ORIENTED_EDGE('',*,*,#4888,.T.);
#7518=ORIENTED_EDGE('',*,*,#4887,.F.);
#7519=ORIENTED_EDGE('',*,*,#5091,.T.);
#7520=ORIENTED_EDGE('',*,*,#5442,.F.);
#7521=ORIENTED_EDGE('',*,*,#5443,.F.);
#7522=ORIENTED_EDGE('',*,*,#5103,.T.);
#7523=ORIENTED_EDGE('',*,*,#5090,.T.);
#7524=ORIENTED_EDGE('',*,*,#5444,.F.);
#7525=ORIENTED_EDGE('',*,*,#5445,.F.);
#7526=ORIENTED_EDGE('',*,*,#5442,.T.);
#7527=ORIENTED_EDGE('',*,*,#5089,.T.);
#7528=ORIENTED_EDGE('',*,*,#5446,.F.);
#7529=ORIENTED_EDGE('',*,*,#5447,.F.);
#7530=ORIENTED_EDGE('',*,*,#5444,.T.);
#7531=ORIENTED_EDGE('',*,*,#5088,.T.);
#7532=ORIENTED_EDGE('',*,*,#5448,.F.);
#7533=ORIENTED_EDGE('',*,*,#5449,.F.);
#7534=ORIENTED_EDGE('',*,*,#5446,.T.);
#7535=ORIENTED_EDGE('',*,*,#5087,.T.);
#7536=ORIENTED_EDGE('',*,*,#5450,.F.);
#7537=ORIENTED_EDGE('',*,*,#5451,.F.);
#7538=ORIENTED_EDGE('',*,*,#5448,.T.);
#7539=ORIENTED_EDGE('',*,*,#5086,.T.);
#7540=ORIENTED_EDGE('',*,*,#5452,.F.);
#7541=ORIENTED_EDGE('',*,*,#5453,.F.);
#7542=ORIENTED_EDGE('',*,*,#5450,.T.);
#7543=ORIENTED_EDGE('',*,*,#5085,.T.);
#7544=ORIENTED_EDGE('',*,*,#5454,.F.);
#7545=ORIENTED_EDGE('',*,*,#5455,.F.);
#7546=ORIENTED_EDGE('',*,*,#5452,.T.);
#7547=ORIENTED_EDGE('',*,*,#5084,.T.);
#7548=ORIENTED_EDGE('',*,*,#5456,.F.);
#7549=ORIENTED_EDGE('',*,*,#5457,.F.);
#7550=ORIENTED_EDGE('',*,*,#5454,.T.);
#7551=ORIENTED_EDGE('',*,*,#5083,.T.);
#7552=ORIENTED_EDGE('',*,*,#5458,.F.);
#7553=ORIENTED_EDGE('',*,*,#5459,.F.);
#7554=ORIENTED_EDGE('',*,*,#5456,.T.);
#7555=ORIENTED_EDGE('',*,*,#5082,.T.);
#7556=ORIENTED_EDGE('',*,*,#5460,.F.);
#7557=ORIENTED_EDGE('',*,*,#5461,.F.);
#7558=ORIENTED_EDGE('',*,*,#5458,.T.);
#7559=ORIENTED_EDGE('',*,*,#5081,.T.);
#7560=ORIENTED_EDGE('',*,*,#5462,.F.);
#7561=ORIENTED_EDGE('',*,*,#5463,.F.);
#7562=ORIENTED_EDGE('',*,*,#5460,.T.);
#7563=ORIENTED_EDGE('',*,*,#5080,.T.);
#7564=ORIENTED_EDGE('',*,*,#5464,.F.);
#7565=ORIENTED_EDGE('',*,*,#5465,.F.);
#7566=ORIENTED_EDGE('',*,*,#5462,.T.);
#7567=ORIENTED_EDGE('',*,*,#5079,.T.);
#7568=ORIENTED_EDGE('',*,*,#5466,.F.);
#7569=ORIENTED_EDGE('',*,*,#5467,.F.);
#7570=ORIENTED_EDGE('',*,*,#5464,.T.);
#7571=ORIENTED_EDGE('',*,*,#5078,.T.);
#7572=ORIENTED_EDGE('',*,*,#5468,.F.);
#7573=ORIENTED_EDGE('',*,*,#5469,.F.);
#7574=ORIENTED_EDGE('',*,*,#5466,.T.);
#7575=ORIENTED_EDGE('',*,*,#5077,.T.);
#7576=ORIENTED_EDGE('',*,*,#5105,.F.);
#7577=ORIENTED_EDGE('',*,*,#5470,.F.);
#7578=ORIENTED_EDGE('',*,*,#5468,.T.);
#7579=ORIENTED_EDGE('',*,*,#5104,.T.);
#7580=ORIENTED_EDGE('',*,*,#5443,.T.);
#7581=ORIENTED_EDGE('',*,*,#5445,.T.);
#7582=ORIENTED_EDGE('',*,*,#5447,.T.);
#7583=ORIENTED_EDGE('',*,*,#5449,.T.);
#7584=ORIENTED_EDGE('',*,*,#5451,.T.);
#7585=ORIENTED_EDGE('',*,*,#5453,.T.);
#7586=ORIENTED_EDGE('',*,*,#5455,.T.);
#7587=ORIENTED_EDGE('',*,*,#5457,.T.);
#7588=ORIENTED_EDGE('',*,*,#5459,.T.);
#7589=ORIENTED_EDGE('',*,*,#5461,.T.);
#7590=ORIENTED_EDGE('',*,*,#5463,.T.);
#7591=ORIENTED_EDGE('',*,*,#5465,.T.);
#7592=ORIENTED_EDGE('',*,*,#5467,.T.);
#7593=ORIENTED_EDGE('',*,*,#5469,.T.);
#7594=ORIENTED_EDGE('',*,*,#5470,.T.);
#7595=ORIENTED_EDGE('',*,*,#5471,.F.);
#7596=ORIENTED_EDGE('',*,*,#5472,.F.);
#7597=ORIENTED_EDGE('',*,*,#5473,.F.);
#7598=ORIENTED_EDGE('',*,*,#5474,.F.);
#7599=ORIENTED_EDGE('',*,*,#5475,.F.);
#7600=ORIENTED_EDGE('',*,*,#5476,.F.);
#7601=ORIENTED_EDGE('',*,*,#5477,.F.);
#7602=ORIENTED_EDGE('',*,*,#5478,.F.);
#7603=ORIENTED_EDGE('',*,*,#5479,.F.);
#7604=ORIENTED_EDGE('',*,*,#5480,.F.);
#7605=ORIENTED_EDGE('',*,*,#5481,.F.);
#7606=ORIENTED_EDGE('',*,*,#5482,.F.);
#7607=ORIENTED_EDGE('',*,*,#5483,.F.);
#7608=ORIENTED_EDGE('',*,*,#5484,.F.);
#7609=ORIENTED_EDGE('',*,*,#5485,.F.);
#7610=ORIENTED_EDGE('',*,*,#5486,.F.);
#7611=ORIENTED_EDGE('',*,*,#5063,.T.);
#7612=ORIENTED_EDGE('',*,*,#5487,.F.);
#7613=ORIENTED_EDGE('',*,*,#5488,.F.);
#7614=ORIENTED_EDGE('',*,*,#5489,.T.);
#7615=ORIENTED_EDGE('',*,*,#5062,.T.);
#7616=ORIENTED_EDGE('',*,*,#5490,.F.);
#7617=ORIENTED_EDGE('',*,*,#5491,.F.);
#7618=ORIENTED_EDGE('',*,*,#5487,.T.);
#7619=ORIENTED_EDGE('',*,*,#5061,.T.);
#7620=ORIENTED_EDGE('',*,*,#5492,.F.);
#7621=ORIENTED_EDGE('',*,*,#5493,.F.);
#7622=ORIENTED_EDGE('',*,*,#5490,.T.);
#7623=ORIENTED_EDGE('',*,*,#5060,.T.);
#7624=ORIENTED_EDGE('',*,*,#5494,.F.);
#7625=ORIENTED_EDGE('',*,*,#5495,.F.);
#7626=ORIENTED_EDGE('',*,*,#5492,.T.);
#7627=ORIENTED_EDGE('',*,*,#5059,.T.);
#7628=ORIENTED_EDGE('',*,*,#5496,.F.);
#7629=ORIENTED_EDGE('',*,*,#5497,.F.);
#7630=ORIENTED_EDGE('',*,*,#5494,.T.);
#7631=ORIENTED_EDGE('',*,*,#5058,.T.);
#7632=ORIENTED_EDGE('',*,*,#5498,.F.);
#7633=ORIENTED_EDGE('',*,*,#5499,.F.);
#7634=ORIENTED_EDGE('',*,*,#5496,.T.);
#7635=ORIENTED_EDGE('',*,*,#5057,.T.);
#7636=ORIENTED_EDGE('',*,*,#5500,.F.);
#7637=ORIENTED_EDGE('',*,*,#5501,.F.);
#7638=ORIENTED_EDGE('',*,*,#5498,.T.);
#7639=ORIENTED_EDGE('',*,*,#5056,.T.);
#7640=ORIENTED_EDGE('',*,*,#5099,.F.);
#7641=ORIENTED_EDGE('',*,*,#5502,.F.);
#7642=ORIENTED_EDGE('',*,*,#5500,.T.);
#7643=ORIENTED_EDGE('',*,*,#5070,.T.);
#7644=ORIENTED_EDGE('',*,*,#5503,.F.);
#7645=ORIENTED_EDGE('',*,*,#5504,.F.);
#7646=ORIENTED_EDGE('',*,*,#5102,.T.);
#7647=ORIENTED_EDGE('',*,*,#5069,.T.);
#7648=ORIENTED_EDGE('',*,*,#5505,.F.);
#7649=ORIENTED_EDGE('',*,*,#5506,.F.);
#7650=ORIENTED_EDGE('',*,*,#5503,.T.);
#7651=ORIENTED_EDGE('',*,*,#5068,.T.);
#7652=ORIENTED_EDGE('',*,*,#5507,.F.);
#7653=ORIENTED_EDGE('',*,*,#5508,.F.);
#7654=ORIENTED_EDGE('',*,*,#5505,.T.);
#7655=ORIENTED_EDGE('',*,*,#5067,.T.);
#7656=ORIENTED_EDGE('',*,*,#5509,.F.);
#7657=ORIENTED_EDGE('',*,*,#5510,.F.);
#7658=ORIENTED_EDGE('',*,*,#5507,.T.);
#7659=ORIENTED_EDGE('',*,*,#5066,.T.);
#7660=ORIENTED_EDGE('',*,*,#5511,.F.);
#7661=ORIENTED_EDGE('',*,*,#5512,.F.);
#7662=ORIENTED_EDGE('',*,*,#5509,.T.);
#7663=ORIENTED_EDGE('',*,*,#5065,.T.);
#7664=ORIENTED_EDGE('',*,*,#5513,.F.);
#7665=ORIENTED_EDGE('',*,*,#5514,.F.);
#7666=ORIENTED_EDGE('',*,*,#5511,.T.);
#7667=ORIENTED_EDGE('',*,*,#5064,.T.);
#7668=ORIENTED_EDGE('',*,*,#5489,.F.);
#7669=ORIENTED_EDGE('',*,*,#5515,.F.);
#7670=ORIENTED_EDGE('',*,*,#5513,.T.);
#7671=ORIENTED_EDGE('',*,*,#5488,.T.);
#7672=ORIENTED_EDGE('',*,*,#5491,.T.);
#7673=ORIENTED_EDGE('',*,*,#5493,.T.);
#7674=ORIENTED_EDGE('',*,*,#5495,.T.);
#7675=ORIENTED_EDGE('',*,*,#5497,.T.);
#7676=ORIENTED_EDGE('',*,*,#5499,.T.);
#7677=ORIENTED_EDGE('',*,*,#5501,.T.);
#7678=ORIENTED_EDGE('',*,*,#5502,.T.);
#7679=ORIENTED_EDGE('',*,*,#5098,.T.);
#7680=ORIENTED_EDGE('',*,*,#5504,.T.);
#7681=ORIENTED_EDGE('',*,*,#5506,.T.);
#7682=ORIENTED_EDGE('',*,*,#5508,.T.);
#7683=ORIENTED_EDGE('',*,*,#5510,.T.);
#7684=ORIENTED_EDGE('',*,*,#5512,.T.);
#7685=ORIENTED_EDGE('',*,*,#5514,.T.);
#7686=ORIENTED_EDGE('',*,*,#5515,.T.);
#7687=ORIENTED_EDGE('',*,*,#5516,.F.);
#7688=ORIENTED_EDGE('',*,*,#5517,.F.);
#7689=ORIENTED_EDGE('',*,*,#5518,.F.);
#7690=ORIENTED_EDGE('',*,*,#5519,.F.);
#7691=ORIENTED_EDGE('',*,*,#5520,.F.);
#7692=ORIENTED_EDGE('',*,*,#5521,.F.);
#7693=ORIENTED_EDGE('',*,*,#5522,.F.);
#7694=ORIENTED_EDGE('',*,*,#5523,.F.);
#7695=ORIENTED_EDGE('',*,*,#5524,.F.);
#7696=ORIENTED_EDGE('',*,*,#5525,.F.);
#7697=ORIENTED_EDGE('',*,*,#5526,.F.);
#7698=ORIENTED_EDGE('',*,*,#5527,.F.);
#7699=ORIENTED_EDGE('',*,*,#5528,.F.);
#7700=ORIENTED_EDGE('',*,*,#5529,.F.);
#7701=ORIENTED_EDGE('',*,*,#5530,.F.);
#7702=ORIENTED_EDGE('',*,*,#5531,.F.);
#7703=ORIENTED_EDGE('',*,*,#5471,.T.);
#7704=ORIENTED_EDGE('',*,*,#5532,.F.);
#7705=ORIENTED_EDGE('',*,*,#5533,.F.);
#7706=ORIENTED_EDGE('',*,*,#5534,.T.);
#7707=ORIENTED_EDGE('',*,*,#5472,.T.);
#7708=ORIENTED_EDGE('',*,*,#5534,.F.);
#7709=ORIENTED_EDGE('',*,*,#5535,.F.);
#7710=ORIENTED_EDGE('',*,*,#5536,.T.);
#7711=ORIENTED_EDGE('',*,*,#5473,.T.);
#7712=ORIENTED_EDGE('',*,*,#5536,.F.);
#7713=ORIENTED_EDGE('',*,*,#5537,.F.);
#7714=ORIENTED_EDGE('',*,*,#5538,.T.);
#7715=ORIENTED_EDGE('',*,*,#5474,.T.);
#7716=ORIENTED_EDGE('',*,*,#5538,.F.);
#7717=ORIENTED_EDGE('',*,*,#5539,.F.);
#7718=ORIENTED_EDGE('',*,*,#5540,.T.);
#7719=ORIENTED_EDGE('',*,*,#5475,.T.);
#7720=ORIENTED_EDGE('',*,*,#5540,.F.);
#7721=ORIENTED_EDGE('',*,*,#5541,.F.);
#7722=ORIENTED_EDGE('',*,*,#5542,.T.);
#7723=ORIENTED_EDGE('',*,*,#5476,.T.);
#7724=ORIENTED_EDGE('',*,*,#5542,.F.);
#7725=ORIENTED_EDGE('',*,*,#5543,.F.);
#7726=ORIENTED_EDGE('',*,*,#5544,.T.);
#7727=ORIENTED_EDGE('',*,*,#5477,.T.);
#7728=ORIENTED_EDGE('',*,*,#5544,.F.);
#7729=ORIENTED_EDGE('',*,*,#5545,.F.);
#7730=ORIENTED_EDGE('',*,*,#5546,.T.);
#7731=ORIENTED_EDGE('',*,*,#5478,.T.);
#7732=ORIENTED_EDGE('',*,*,#5546,.F.);
#7733=ORIENTED_EDGE('',*,*,#5547,.F.);
#7734=ORIENTED_EDGE('',*,*,#5548,.T.);
#7735=ORIENTED_EDGE('',*,*,#5479,.T.);
#7736=ORIENTED_EDGE('',*,*,#5548,.F.);
#7737=ORIENTED_EDGE('',*,*,#5549,.F.);
#7738=ORIENTED_EDGE('',*,*,#5550,.T.);
#7739=ORIENTED_EDGE('',*,*,#5480,.T.);
#7740=ORIENTED_EDGE('',*,*,#5550,.F.);
#7741=ORIENTED_EDGE('',*,*,#5551,.F.);
#7742=ORIENTED_EDGE('',*,*,#5552,.T.);
#7743=ORIENTED_EDGE('',*,*,#5481,.T.);
#7744=ORIENTED_EDGE('',*,*,#5552,.F.);
#7745=ORIENTED_EDGE('',*,*,#5553,.F.);
#7746=ORIENTED_EDGE('',*,*,#5554,.T.);
#7747=ORIENTED_EDGE('',*,*,#5482,.T.);
#7748=ORIENTED_EDGE('',*,*,#5554,.F.);
#7749=ORIENTED_EDGE('',*,*,#5555,.F.);
#7750=ORIENTED_EDGE('',*,*,#5556,.T.);
#7751=ORIENTED_EDGE('',*,*,#5483,.T.);
#7752=ORIENTED_EDGE('',*,*,#5556,.F.);
#7753=ORIENTED_EDGE('',*,*,#5557,.F.);
#7754=ORIENTED_EDGE('',*,*,#5558,.T.);
#7755=ORIENTED_EDGE('',*,*,#5484,.T.);
#7756=ORIENTED_EDGE('',*,*,#5558,.F.);
#7757=ORIENTED_EDGE('',*,*,#5559,.F.);
#7758=ORIENTED_EDGE('',*,*,#5560,.T.);
#7759=ORIENTED_EDGE('',*,*,#5485,.T.);
#7760=ORIENTED_EDGE('',*,*,#5560,.F.);
#7761=ORIENTED_EDGE('',*,*,#5561,.F.);
#7762=ORIENTED_EDGE('',*,*,#5562,.T.);
#7763=ORIENTED_EDGE('',*,*,#5486,.T.);
#7764=ORIENTED_EDGE('',*,*,#5562,.F.);
#7765=ORIENTED_EDGE('',*,*,#5563,.F.);
#7766=ORIENTED_EDGE('',*,*,#5532,.T.);
#7767=ORIENTED_EDGE('',*,*,#5533,.T.);
#7768=ORIENTED_EDGE('',*,*,#5563,.T.);
#7769=ORIENTED_EDGE('',*,*,#5561,.T.);
#7770=ORIENTED_EDGE('',*,*,#5559,.T.);
#7771=ORIENTED_EDGE('',*,*,#5557,.T.);
#7772=ORIENTED_EDGE('',*,*,#5555,.T.);
#7773=ORIENTED_EDGE('',*,*,#5553,.T.);
#7774=ORIENTED_EDGE('',*,*,#5551,.T.);
#7775=ORIENTED_EDGE('',*,*,#5549,.T.);
#7776=ORIENTED_EDGE('',*,*,#5547,.T.);
#7777=ORIENTED_EDGE('',*,*,#5545,.T.);
#7778=ORIENTED_EDGE('',*,*,#5543,.T.);
#7779=ORIENTED_EDGE('',*,*,#5541,.T.);
#7780=ORIENTED_EDGE('',*,*,#5539,.T.);
#7781=ORIENTED_EDGE('',*,*,#5537,.T.);
#7782=ORIENTED_EDGE('',*,*,#5535,.T.);
#7783=ORIENTED_EDGE('',*,*,#4881,.F.);
#7784=ORIENTED_EDGE('',*,*,#5516,.T.);
#7785=ORIENTED_EDGE('',*,*,#5564,.F.);
#7786=ORIENTED_EDGE('',*,*,#5565,.F.);
#7787=ORIENTED_EDGE('',*,*,#5566,.T.);
#7788=ORIENTED_EDGE('',*,*,#5517,.T.);
#7789=ORIENTED_EDGE('',*,*,#5566,.F.);
#7790=ORIENTED_EDGE('',*,*,#5567,.F.);
#7791=ORIENTED_EDGE('',*,*,#5568,.T.);
#7792=ORIENTED_EDGE('',*,*,#5518,.T.);
#7793=ORIENTED_EDGE('',*,*,#5568,.F.);
#7794=ORIENTED_EDGE('',*,*,#5569,.F.);
#7795=ORIENTED_EDGE('',*,*,#5570,.T.);
#7796=ORIENTED_EDGE('',*,*,#5519,.T.);
#7797=ORIENTED_EDGE('',*,*,#5570,.F.);
#7798=ORIENTED_EDGE('',*,*,#5571,.F.);
#7799=ORIENTED_EDGE('',*,*,#5572,.T.);
#7800=ORIENTED_EDGE('',*,*,#5520,.T.);
#7801=ORIENTED_EDGE('',*,*,#5572,.F.);
#7802=ORIENTED_EDGE('',*,*,#5573,.F.);
#7803=ORIENTED_EDGE('',*,*,#5574,.T.);
#7804=ORIENTED_EDGE('',*,*,#5521,.T.);
#7805=ORIENTED_EDGE('',*,*,#5574,.F.);
#7806=ORIENTED_EDGE('',*,*,#5575,.F.);
#7807=ORIENTED_EDGE('',*,*,#5576,.T.);
#7808=ORIENTED_EDGE('',*,*,#5522,.T.);
#7809=ORIENTED_EDGE('',*,*,#5576,.F.);
#7810=ORIENTED_EDGE('',*,*,#5577,.F.);
#7811=ORIENTED_EDGE('',*,*,#5578,.T.);
#7812=ORIENTED_EDGE('',*,*,#5523,.T.);
#7813=ORIENTED_EDGE('',*,*,#5578,.F.);
#7814=ORIENTED_EDGE('',*,*,#5579,.F.);
#7815=ORIENTED_EDGE('',*,*,#5580,.T.);
#7816=ORIENTED_EDGE('',*,*,#5524,.T.);
#7817=ORIENTED_EDGE('',*,*,#5580,.F.);
#7818=ORIENTED_EDGE('',*,*,#5581,.F.);
#7819=ORIENTED_EDGE('',*,*,#5582,.T.);
#7820=ORIENTED_EDGE('',*,*,#5525,.T.);
#7821=ORIENTED_EDGE('',*,*,#5582,.F.);
#7822=ORIENTED_EDGE('',*,*,#5583,.F.);
#7823=ORIENTED_EDGE('',*,*,#5584,.T.);
#7824=ORIENTED_EDGE('',*,*,#5526,.T.);
#7825=ORIENTED_EDGE('',*,*,#5584,.F.);
#7826=ORIENTED_EDGE('',*,*,#5585,.F.);
#7827=ORIENTED_EDGE('',*,*,#5586,.T.);
#7828=ORIENTED_EDGE('',*,*,#5527,.T.);
#7829=ORIENTED_EDGE('',*,*,#5586,.F.);
#7830=ORIENTED_EDGE('',*,*,#5587,.F.);
#7831=ORIENTED_EDGE('',*,*,#5588,.T.);
#7832=ORIENTED_EDGE('',*,*,#5528,.T.);
#7833=ORIENTED_EDGE('',*,*,#5588,.F.);
#7834=ORIENTED_EDGE('',*,*,#5589,.F.);
#7835=ORIENTED_EDGE('',*,*,#5590,.T.);
#7836=ORIENTED_EDGE('',*,*,#5529,.T.);
#7837=ORIENTED_EDGE('',*,*,#5590,.F.);
#7838=ORIENTED_EDGE('',*,*,#5591,.F.);
#7839=ORIENTED_EDGE('',*,*,#5592,.T.);
#7840=ORIENTED_EDGE('',*,*,#5530,.T.);
#7841=ORIENTED_EDGE('',*,*,#5592,.F.);
#7842=ORIENTED_EDGE('',*,*,#5593,.F.);
#7843=ORIENTED_EDGE('',*,*,#5594,.T.);
#7844=ORIENTED_EDGE('',*,*,#5531,.T.);
#7845=ORIENTED_EDGE('',*,*,#5594,.F.);
#7846=ORIENTED_EDGE('',*,*,#5595,.F.);
#7847=ORIENTED_EDGE('',*,*,#5564,.T.);
#7848=ORIENTED_EDGE('',*,*,#5565,.T.);
#7849=ORIENTED_EDGE('',*,*,#5595,.T.);
#7850=ORIENTED_EDGE('',*,*,#5593,.T.);
#7851=ORIENTED_EDGE('',*,*,#5591,.T.);
#7852=ORIENTED_EDGE('',*,*,#5589,.T.);
#7853=ORIENTED_EDGE('',*,*,#5587,.T.);
#7854=ORIENTED_EDGE('',*,*,#5585,.T.);
#7855=ORIENTED_EDGE('',*,*,#5583,.T.);
#7856=ORIENTED_EDGE('',*,*,#5581,.T.);
#7857=ORIENTED_EDGE('',*,*,#5579,.T.);
#7858=ORIENTED_EDGE('',*,*,#5577,.T.);
#7859=ORIENTED_EDGE('',*,*,#5575,.T.);
#7860=ORIENTED_EDGE('',*,*,#5573,.T.);
#7861=ORIENTED_EDGE('',*,*,#5571,.T.);
#7862=ORIENTED_EDGE('',*,*,#5569,.T.);
#7863=ORIENTED_EDGE('',*,*,#5567,.T.);
#7864=ORIENTED_EDGE('',*,*,#4884,.F.);
#7865=ORIENTED_EDGE('',*,*,#4878,.F.);
#7866=ORIENTED_EDGE('',*,*,#4872,.F.);
#7867=ORIENTED_EDGE('',*,*,#5596,.F.);
#7868=ORIENTED_EDGE('',*,*,#5597,.F.);
#7869=ORIENTED_EDGE('',*,*,#5596,.T.);
#7870=ORIENTED_EDGE('',*,*,#5598,.T.);
#7871=ORIENTED_EDGE('',*,*,#5599,.F.);
#7872=ORIENTED_EDGE('',*,*,#5600,.T.);
#7873=ORIENTED_EDGE('',*,*,#5601,.F.);
#7874=ORIENTED_EDGE('',*,*,#5602,.T.);
#7875=ORIENTED_EDGE('',*,*,#5599,.T.);
#7876=ORIENTED_EDGE('',*,*,#5603,.T.);
#7877=ORIENTED_EDGE('',*,*,#5601,.T.);
#7878=ORIENTED_EDGE('',*,*,#5604,.T.);
#7879=ORIENTED_EDGE('',*,*,#4854,.F.);
#7880=ORIENTED_EDGE('',*,*,#5605,.T.);
#7881=ORIENTED_EDGE('',*,*,#5606,.T.);
#7882=ORIENTED_EDGE('',*,*,#5607,.T.);
#7883=ORIENTED_EDGE('',*,*,#4858,.F.);
#7884=ORIENTED_EDGE('',*,*,#4866,.F.);
#7885=ORIENTED_EDGE('',*,*,#5608,.T.);
#7886=ORIENTED_EDGE('',*,*,#5609,.T.);
#7887=ORIENTED_EDGE('',*,*,#4852,.T.);
#7888=ORIENTED_EDGE('',*,*,#5610,.F.);
#7889=ORIENTED_EDGE('',*,*,#5611,.F.);
#7890=ORIENTED_EDGE('',*,*,#5610,.T.);
#7891=ORIENTED_EDGE('',*,*,#5612,.T.);
#7892=ORIENTED_EDGE('',*,*,#5613,.F.);
#7893=ORIENTED_EDGE('',*,*,#5614,.T.);
#7894=ORIENTED_EDGE('',*,*,#5615,.F.);
#7895=ORIENTED_EDGE('',*,*,#5616,.T.);
#7896=ORIENTED_EDGE('',*,*,#5613,.T.);
#7897=ORIENTED_EDGE('',*,*,#5617,.T.);
#7898=ORIENTED_EDGE('',*,*,#5615,.T.);
#7899=ORIENTED_EDGE('',*,*,#5618,.T.);
#7900=ORIENTED_EDGE('',*,*,#4839,.F.);
#7901=ORIENTED_EDGE('',*,*,#5619,.T.);
#7902=ORIENTED_EDGE('',*,*,#5620,.T.);
#7903=ORIENTED_EDGE('',*,*,#5621,.T.);
#7904=ORIENTED_EDGE('',*,*,#4843,.F.);
#7905=ORIENTED_EDGE('',*,*,#4851,.F.);
#7906=ORIENTED_EDGE('',*,*,#5622,.T.);
#7907=ORIENTED_EDGE('',*,*,#5623,.T.);
#7908=ORIENTED_EDGE('',*,*,#4837,.T.);
#7909=ORIENTED_EDGE('',*,*,#4845,.T.);
#7910=ORIENTED_EDGE('',*,*,#5624,.T.);
#7911=ORIENTED_EDGE('',*,*,#5625,.T.);
#7912=ORIENTED_EDGE('',*,*,#5626,.T.);
#7913=ORIENTED_EDGE('',*,*,#5627,.F.);
#7914=ORIENTED_EDGE('',*,*,#5628,.F.);
#7915=ORIENTED_EDGE('',*,*,#5629,.F.);
#7916=ORIENTED_EDGE('',*,*,#4849,.F.);
#7917=ORIENTED_EDGE('',*,*,#5053,.F.);
#7918=ORIENTED_EDGE('',*,*,#4981,.F.);
#7919=ORIENTED_EDGE('',*,*,#4978,.F.);
#7920=ORIENTED_EDGE('',*,*,#4975,.F.);
#7921=ORIENTED_EDGE('',*,*,#5055,.F.);
#7922=ORIENTED_EDGE('',*,*,#4971,.F.);
#7923=ORIENTED_EDGE('',*,*,#5630,.T.);
#7924=ORIENTED_EDGE('',*,*,#4968,.F.);
#7925=ORIENTED_EDGE('',*,*,#5054,.F.);
#7926=ORIENTED_EDGE('',*,*,#4973,.F.);
#7927=ORIENTED_EDGE('',*,*,#4977,.F.);
#7928=ORIENTED_EDGE('',*,*,#4980,.F.);
#7929=ORIENTED_EDGE('',*,*,#5626,.F.);
#7930=ORIENTED_EDGE('',*,*,#5631,.T.);
#7931=ORIENTED_EDGE('',*,*,#5627,.T.);
#7932=ORIENTED_EDGE('',*,*,#4848,.F.);
#7933=ORIENTED_EDGE('',*,*,#4969,.F.);
#7934=ORIENTED_EDGE('',*,*,#5630,.F.);
#7935=ORIENTED_EDGE('',*,*,#4970,.F.);
#7936=ORIENTED_EDGE('',*,*,#4846,.F.);
#7937=ORIENTED_EDGE('',*,*,#5629,.T.);
#7938=ORIENTED_EDGE('',*,*,#5632,.F.);
#7939=ORIENTED_EDGE('',*,*,#5624,.F.);
#7940=ORIENTED_EDGE('',*,*,#4844,.F.);
#7941=ORIENTED_EDGE('',*,*,#5621,.F.);
#7942=ORIENTED_EDGE('',*,*,#5633,.T.);
#7943=ORIENTED_EDGE('',*,*,#5622,.F.);
#7944=ORIENTED_EDGE('',*,*,#4850,.F.);
#7945=ORIENTED_EDGE('',*,*,#5611,.T.);
#7946=ORIENTED_EDGE('',*,*,#5614,.F.);
#7947=ORIENTED_EDGE('',*,*,#5616,.F.);
#7948=ORIENTED_EDGE('',*,*,#5619,.F.);
#7949=ORIENTED_EDGE('',*,*,#4838,.F.);
#7950=ORIENTED_EDGE('',*,*,#5623,.F.);
#7951=ORIENTED_EDGE('',*,*,#5633,.F.);
#7952=ORIENTED_EDGE('',*,*,#5620,.F.);
#7953=ORIENTED_EDGE('',*,*,#4840,.F.);
#7954=ORIENTED_EDGE('',*,*,#5618,.F.);
#7955=ORIENTED_EDGE('',*,*,#5617,.F.);
#7956=ORIENTED_EDGE('',*,*,#5612,.F.);
#7957=ORIENTED_EDGE('',*,*,#5631,.F.);
#7958=ORIENTED_EDGE('',*,*,#5625,.F.);
#7959=ORIENTED_EDGE('',*,*,#5632,.T.);
#7960=ORIENTED_EDGE('',*,*,#5628,.T.);
#7961=ORIENTED_EDGE('',*,*,#4860,.T.);
#7962=ORIENTED_EDGE('',*,*,#5634,.T.);
#7963=ORIENTED_EDGE('',*,*,#5635,.T.);
#7964=ORIENTED_EDGE('',*,*,#5636,.T.);
#7965=ORIENTED_EDGE('',*,*,#5637,.F.);
#7966=ORIENTED_EDGE('',*,*,#5638,.F.);
#7967=ORIENTED_EDGE('',*,*,#5639,.F.);
#7968=ORIENTED_EDGE('',*,*,#4864,.F.);
#7969=ORIENTED_EDGE('',*,*,#5050,.F.);
#7970=ORIENTED_EDGE('',*,*,#4996,.F.);
#7971=ORIENTED_EDGE('',*,*,#4993,.F.);
#7972=ORIENTED_EDGE('',*,*,#4990,.F.);
#7973=ORIENTED_EDGE('',*,*,#5052,.F.);
#7974=ORIENTED_EDGE('',*,*,#4986,.F.);
#7975=ORIENTED_EDGE('',*,*,#5640,.T.);
#7976=ORIENTED_EDGE('',*,*,#4983,.F.);
#7977=ORIENTED_EDGE('',*,*,#5051,.F.);
#7978=ORIENTED_EDGE('',*,*,#4988,.F.);
#7979=ORIENTED_EDGE('',*,*,#4992,.F.);
#7980=ORIENTED_EDGE('',*,*,#4995,.F.);
#7981=ORIENTED_EDGE('',*,*,#5636,.F.);
#7982=ORIENTED_EDGE('',*,*,#5641,.T.);
#7983=ORIENTED_EDGE('',*,*,#5637,.T.);
#7984=ORIENTED_EDGE('',*,*,#4863,.F.);
#7985=ORIENTED_EDGE('',*,*,#4984,.F.);
#7986=ORIENTED_EDGE('',*,*,#5640,.F.);
#7987=ORIENTED_EDGE('',*,*,#4985,.F.);
#7988=ORIENTED_EDGE('',*,*,#4861,.F.);
#7989=ORIENTED_EDGE('',*,*,#5639,.T.);
#7990=ORIENTED_EDGE('',*,*,#5642,.F.);
#7991=ORIENTED_EDGE('',*,*,#5634,.F.);
#7992=ORIENTED_EDGE('',*,*,#4859,.F.);
#7993=ORIENTED_EDGE('',*,*,#5607,.F.);
#7994=ORIENTED_EDGE('',*,*,#5643,.T.);
#7995=ORIENTED_EDGE('',*,*,#5608,.F.);
#7996=ORIENTED_EDGE('',*,*,#4865,.F.);
#7997=ORIENTED_EDGE('',*,*,#5597,.T.);
#7998=ORIENTED_EDGE('',*,*,#5600,.F.);
#7999=ORIENTED_EDGE('',*,*,#5602,.F.);
#8000=ORIENTED_EDGE('',*,*,#5605,.F.);
#8001=ORIENTED_EDGE('',*,*,#4853,.F.);
#8002=ORIENTED_EDGE('',*,*,#5609,.F.);
#8003=ORIENTED_EDGE('',*,*,#5643,.F.);
#8004=ORIENTED_EDGE('',*,*,#5606,.F.);
#8005=ORIENTED_EDGE('',*,*,#4855,.F.);
#8006=ORIENTED_EDGE('',*,*,#5604,.F.);
#8007=ORIENTED_EDGE('',*,*,#5603,.F.);
#8008=ORIENTED_EDGE('',*,*,#5598,.F.);
#8009=ORIENTED_EDGE('',*,*,#5641,.F.);
#8010=ORIENTED_EDGE('',*,*,#5635,.F.);
#8011=ORIENTED_EDGE('',*,*,#5642,.T.);
#8012=ORIENTED_EDGE('',*,*,#5638,.T.);
#8013=ORIENTED_EDGE('',*,*,#5043,.F.);
#8014=ORIENTED_EDGE('',*,*,#4832,.T.);
#8015=ORIENTED_EDGE('',*,*,#5047,.F.);
#8016=ORIENTED_EDGE('',*,*,#4836,.F.);
#8017=ORIENTED_EDGE('',*,*,#5017,.F.);
#8018=ORIENTED_EDGE('',*,*,#5644,.T.);
#8019=ORIENTED_EDGE('',*,*,#5021,.F.);
#8020=ORIENTED_EDGE('',*,*,#4829,.F.);
#8021=ORIENTED_EDGE('',*,*,#5016,.F.);
#8022=ORIENTED_EDGE('',*,*,#4998,.T.);
#8023=ORIENTED_EDGE('',*,*,#5022,.F.);
#8024=ORIENTED_EDGE('',*,*,#5644,.F.);
#8025=ORIENTED_EDGE('',*,*,#4824,.T.);
#8026=ORIENTED_EDGE('',*,*,#4821,.T.);
#8027=ORIENTED_EDGE('',*,*,#5645,.F.);
#8028=ORIENTED_EDGE('',*,*,#5646,.T.);
#8029=ORIENTED_EDGE('',*,*,#5647,.T.);
#8030=ORIENTED_EDGE('',*,*,#5646,.F.);
#8031=ORIENTED_EDGE('',*,*,#5648,.F.);
#8032=ORIENTED_EDGE('',*,*,#5649,.T.);
#8033=ORIENTED_EDGE('',*,*,#5650,.T.);
#8034=ORIENTED_EDGE('',*,*,#5649,.F.);
#8035=ORIENTED_EDGE('',*,*,#5651,.F.);
#8036=ORIENTED_EDGE('',*,*,#5652,.T.);
#8037=ORIENTED_EDGE('',*,*,#5653,.T.);
#8038=ORIENTED_EDGE('',*,*,#5652,.F.);
#8039=ORIENTED_EDGE('',*,*,#5653,.F.);
#8040=ORIENTED_EDGE('',*,*,#5654,.T.);
#8041=ORIENTED_EDGE('',*,*,#5655,.T.);
#8042=ORIENTED_EDGE('',*,*,#5654,.F.);
#8043=ORIENTED_EDGE('',*,*,#5656,.F.);
#8044=ORIENTED_EDGE('',*,*,#5657,.T.);
#8045=ORIENTED_EDGE('',*,*,#5658,.T.);
#8046=ORIENTED_EDGE('',*,*,#5657,.F.);
#8047=ORIENTED_EDGE('',*,*,#5659,.F.);
#8048=ORIENTED_EDGE('',*,*,#5660,.T.);
#8049=ORIENTED_EDGE('',*,*,#5661,.T.);
#8050=ORIENTED_EDGE('',*,*,#5660,.F.);
#8051=ORIENTED_EDGE('',*,*,#5662,.F.);
#8052=ORIENTED_EDGE('',*,*,#5663,.T.);
#8053=ORIENTED_EDGE('',*,*,#5664,.T.);
#8054=ORIENTED_EDGE('',*,*,#5663,.F.);
#8055=ORIENTED_EDGE('',*,*,#5665,.F.);
#8056=ORIENTED_EDGE('',*,*,#5666,.T.);
#8057=ORIENTED_EDGE('',*,*,#5667,.T.);
#8058=ORIENTED_EDGE('',*,*,#5666,.F.);
#8059=ORIENTED_EDGE('',*,*,#5668,.F.);
#8060=ORIENTED_EDGE('',*,*,#5669,.T.);
#8061=ORIENTED_EDGE('',*,*,#5670,.T.);
#8062=ORIENTED_EDGE('',*,*,#5669,.F.);
#8063=ORIENTED_EDGE('',*,*,#5671,.F.);
#8064=ORIENTED_EDGE('',*,*,#5672,.T.);
#8065=ORIENTED_EDGE('',*,*,#5668,.T.);
#8066=ORIENTED_EDGE('',*,*,#5672,.F.);
#8067=ORIENTED_EDGE('',*,*,#5673,.F.);
#8068=ORIENTED_EDGE('',*,*,#5674,.T.);
#8069=ORIENTED_EDGE('',*,*,#5675,.F.);
#8070=ORIENTED_EDGE('',*,*,#5676,.T.);
#8071=ORIENTED_EDGE('',*,*,#5671,.T.);
#8072=ORIENTED_EDGE('',*,*,#5676,.F.);
#8073=ORIENTED_EDGE('',*,*,#5677,.F.);
#8074=ORIENTED_EDGE('',*,*,#5678,.F.);
#8075=ORIENTED_EDGE('',*,*,#5679,.F.);
#8076=ORIENTED_EDGE('',*,*,#5680,.T.);
#8077=ORIENTED_EDGE('',*,*,#5681,.T.);
#8078=ORIENTED_EDGE('',*,*,#5682,.T.);
#8079=ORIENTED_EDGE('',*,*,#5681,.F.);
#8080=ORIENTED_EDGE('',*,*,#5683,.T.);
#8081=ORIENTED_EDGE('',*,*,#5684,.T.);
#8082=ORIENTED_EDGE('',*,*,#5685,.T.);
#8083=ORIENTED_EDGE('',*,*,#5686,.F.);
#8084=ORIENTED_EDGE('',*,*,#5687,.T.);
#8085=ORIENTED_EDGE('',*,*,#5688,.T.);
#8086=ORIENTED_EDGE('',*,*,#5689,.T.);
#8087=ORIENTED_EDGE('',*,*,#5667,.F.);
#8088=ORIENTED_EDGE('',*,*,#5690,.T.);
#8089=ORIENTED_EDGE('',*,*,#5691,.T.);
#8090=ORIENTED_EDGE('',*,*,#5692,.T.);
#8091=ORIENTED_EDGE('',*,*,#5688,.F.);
#8092=ORIENTED_EDGE('',*,*,#5684,.F.);
#8093=ORIENTED_EDGE('',*,*,#5693,.T.);
#8094=ORIENTED_EDGE('',*,*,#5686,.T.);
#8095=ORIENTED_EDGE('',*,*,#5694,.T.);
#8096=ORIENTED_EDGE('',*,*,#5695,.T.);
#8097=ORIENTED_EDGE('',*,*,#5696,.T.);
#8098=ORIENTED_EDGE('',*,*,#5697,.T.);
#8099=ORIENTED_EDGE('',*,*,#5673,.T.);
#8100=ORIENTED_EDGE('',*,*,#5698,.T.);
#8101=ORIENTED_EDGE('',*,*,#5645,.T.);
#8102=ORIENTED_EDGE('',*,*,#5699,.F.);
#8103=ORIENTED_EDGE('',*,*,#5700,.F.);
#8104=ORIENTED_EDGE('',*,*,#5701,.F.);
#8105=ORIENTED_EDGE('',*,*,#5702,.F.);
#8106=ORIENTED_EDGE('',*,*,#5703,.T.);
#8107=ORIENTED_EDGE('',*,*,#5704,.F.);
#8108=ORIENTED_EDGE('',*,*,#5703,.F.);
#8109=ORIENTED_EDGE('',*,*,#5705,.F.);
#8110=ORIENTED_EDGE('',*,*,#5706,.T.);
#8111=ORIENTED_EDGE('',*,*,#5707,.F.);
#8112=ORIENTED_EDGE('',*,*,#5706,.F.);
#8113=ORIENTED_EDGE('',*,*,#5708,.F.);
#8114=ORIENTED_EDGE('',*,*,#5677,.T.);
#8115=ORIENTED_EDGE('',*,*,#5675,.T.);
#8116=ORIENTED_EDGE('',*,*,#5670,.F.);
#8117=ORIENTED_EDGE('',*,*,#5665,.T.);
#8118=ORIENTED_EDGE('',*,*,#5709,.T.);
#8119=ORIENTED_EDGE('',*,*,#5701,.T.);
#8120=ORIENTED_EDGE('',*,*,#5710,.F.);
#8121=ORIENTED_EDGE('',*,*,#5695,.F.);
#8122=ORIENTED_EDGE('',*,*,#5710,.T.);
#8123=ORIENTED_EDGE('',*,*,#5700,.T.);
#8124=ORIENTED_EDGE('',*,*,#5711,.F.);
#8125=ORIENTED_EDGE('',*,*,#5696,.F.);
#8126=ORIENTED_EDGE('',*,*,#5711,.T.);
#8127=ORIENTED_EDGE('',*,*,#5699,.T.);
#8128=ORIENTED_EDGE('',*,*,#5704,.T.);
#8129=ORIENTED_EDGE('',*,*,#5707,.T.);
#8130=ORIENTED_EDGE('',*,*,#5674,.F.);
#8131=ORIENTED_EDGE('',*,*,#5697,.F.);
#8132=ORIENTED_EDGE('',*,*,#5705,.T.);
#8133=ORIENTED_EDGE('',*,*,#5702,.T.);
#8134=ORIENTED_EDGE('',*,*,#5709,.F.);
#8135=ORIENTED_EDGE('',*,*,#5698,.F.);
#8136=ORIENTED_EDGE('',*,*,#5678,.T.);
#8137=ORIENTED_EDGE('',*,*,#5708,.T.);
#8138=ORIENTED_EDGE('',*,*,#5712,.T.);
#8139=ORIENTED_EDGE('',*,*,#5679,.T.);
#8140=ORIENTED_EDGE('',*,*,#5664,.F.);
#8141=ORIENTED_EDGE('',*,*,#5662,.T.);
#8142=ORIENTED_EDGE('',*,*,#5661,.F.);
#8143=ORIENTED_EDGE('',*,*,#5659,.T.);
#8144=ORIENTED_EDGE('',*,*,#5658,.F.);
#8145=ORIENTED_EDGE('',*,*,#5656,.T.);
#8146=ORIENTED_EDGE('',*,*,#5655,.F.);
#8147=ORIENTED_EDGE('',*,*,#5651,.T.);
#8148=ORIENTED_EDGE('',*,*,#5650,.F.);
#8149=ORIENTED_EDGE('',*,*,#5647,.F.);
#8150=ORIENTED_EDGE('',*,*,#5648,.T.);
#8151=ORIENTED_EDGE('',*,*,#5713,.F.);
#8152=ORIENTED_EDGE('',*,*,#5714,.T.);
#8153=ORIENTED_EDGE('',*,*,#5715,.T.);
#8154=ORIENTED_EDGE('',*,*,#5712,.F.);
#8155=ORIENTED_EDGE('',*,*,#5693,.F.);
#8156=ORIENTED_EDGE('',*,*,#5683,.F.);
#8157=ORIENTED_EDGE('',*,*,#5680,.F.);
#8158=ORIENTED_EDGE('',*,*,#5715,.F.);
#8159=ORIENTED_EDGE('',*,*,#5716,.T.);
#8160=ORIENTED_EDGE('',*,*,#5717,.T.);
#8161=ORIENTED_EDGE('',*,*,#5690,.F.);
#8162=ORIENTED_EDGE('',*,*,#5687,.F.);
#8163=ORIENTED_EDGE('',*,*,#5691,.F.);
#8164=ORIENTED_EDGE('',*,*,#5717,.F.);
#8165=ORIENTED_EDGE('',*,*,#5718,.T.);
#8166=ORIENTED_EDGE('',*,*,#5719,.T.);
#8167=ORIENTED_EDGE('',*,*,#5692,.F.);
#8168=ORIENTED_EDGE('',*,*,#5719,.F.);
#8169=ORIENTED_EDGE('',*,*,#5720,.T.);
#8170=ORIENTED_EDGE('',*,*,#5713,.T.);
#8171=ORIENTED_EDGE('',*,*,#5682,.F.);
#8172=ORIENTED_EDGE('',*,*,#5685,.F.);
#8173=ORIENTED_EDGE('',*,*,#5694,.F.);
#8174=ORIENTED_EDGE('',*,*,#5689,.F.);
#8175=ORIENTED_EDGE('',*,*,#5714,.F.);
#8176=ORIENTED_EDGE('',*,*,#5720,.F.);
#8177=ORIENTED_EDGE('',*,*,#5718,.F.);
#8178=ORIENTED_EDGE('',*,*,#5716,.F.);
#8179=CYLINDRICAL_SURFACE('',#8828,17.2);
#8180=CYLINDRICAL_SURFACE('',#8831,12.);
#8181=CYLINDRICAL_SURFACE('',#8834,9.25);
#8182=CYLINDRICAL_SURFACE('',#8837,7.6);
#8183=CYLINDRICAL_SURFACE('',#8840,4.5);
#8184=CYLINDRICAL_SURFACE('',#8843,3.7);
#8185=CYLINDRICAL_SURFACE('',#8846,32.5);
#8186=CYLINDRICAL_SURFACE('',#8856,30.8);
#8187=CYLINDRICAL_SURFACE('',#8860,29.3);
#8188=CYLINDRICAL_SURFACE('',#8865,12.85);
#8189=CYLINDRICAL_SURFACE('',#8868,6.5);
#8190=CYLINDRICAL_SURFACE('',#8893,4.5);
#8191=CYLINDRICAL_SURFACE('',#8896,4.65);
#8192=CYLINDRICAL_SURFACE('',#8899,5.75);
#8193=CYLINDRICAL_SURFACE('',#8902,10.);
#8194=CYLINDRICAL_SURFACE('',#8905,12.);
#8195=CYLINDRICAL_SURFACE('',#8908,12.);
#8196=CYLINDRICAL_SURFACE('',#8921,1.42500000000001);
#8197=CYLINDRICAL_SURFACE('',#8923,1.42500000000001);
#8198=CYLINDRICAL_SURFACE('',#8930,1.75);
#8199=CYLINDRICAL_SURFACE('',#8944,1.425);
#8200=CYLINDRICAL_SURFACE('',#8946,1.425);
#8201=CYLINDRICAL_SURFACE('',#8953,1.74999999999999);
#8202=CYLINDRICAL_SURFACE('',#8957,3.75);
#8203=CYLINDRICAL_SURFACE('',#8962,4.14999999999999);
#8204=CYLINDRICAL_SURFACE('',#8964,3.75);
#8205=CYLINDRICAL_SURFACE('',#8969,4.15);
#8206=CYLINDRICAL_SURFACE('',#8971,5.975);
#8207=CYLINDRICAL_SURFACE('',#8976,4.75);
#8208=CYLINDRICAL_SURFACE('',#8978,5.975);
#8209=CYLINDRICAL_SURFACE('',#8983,4.75);
#8210=CYLINDRICAL_SURFACE('',#8985,690.000000000025);
#8211=CYLINDRICAL_SURFACE('',#9006,689.400000000041);
#8212=CYLINDRICAL_SURFACE('',#9075,5.6);
#8213=CYLINDRICAL_SURFACE('',#9078,5.6);
#8214=CYLINDRICAL_SURFACE('',#9081,9.);
#8215=CYLINDRICAL_SURFACE('',#9084,10.5);
#8216=CYLINDRICAL_SURFACE('',#9087,9.);
#8217=CYLINDRICAL_SURFACE('',#9112,1.74999999999999);
#8218=CYLINDRICAL_SURFACE('',#9118,1.74999999999999);
#8219=CYLINDRICAL_SURFACE('',#9120,4.1);
#8220=CYLINDRICAL_SURFACE('',#9123,4.1);
#8221=CYLINDRICAL_SURFACE('',#9126,1.6);
#8222=CYLINDRICAL_SURFACE('',#9129,1.75);
#8223=CYLINDRICAL_SURFACE('',#9134,1.6);
#8224=CYLINDRICAL_SURFACE('',#9137,1.75);
#8225=CYLINDRICAL_SURFACE('',#9148,5.);
#8226=CYLINDRICAL_SURFACE('',#9151,5.);
#8227=CYLINDRICAL_SURFACE('',#9190,2.25);
#8228=CYLINDRICAL_SURFACE('',#9193,690.000000000015);
#8229=CYLINDRICAL_SURFACE('',#9198,2.35);
#8230=CYLINDRICAL_SURFACE('',#9202,2.75);
#8231=CYLINDRICAL_SURFACE('',#9209,2.35);
#8232=CYLINDRICAL_SURFACE('',#9213,2.75);
#8233=CYLINDRICAL_SURFACE('',#9250,689.00000000006);
#8234=CYLINDRICAL_SURFACE('',#9253,689.00000000006);
#8235=CYLINDRICAL_SURFACE('',#9328,3.99999999999936);
#8236=CYLINDRICAL_SURFACE('',#9331,3.99999999999952);
#8237=CYLINDRICAL_SURFACE('',#9332,684.000000000034);
#8238=CYLINDRICAL_SURFACE('',#9333,3.99999999999936);
#8239=CYLINDRICAL_SURFACE('',#9336,3.99999999999952);
#8240=CYLINDRICAL_SURFACE('',#9337,684.000000000034);
#8241=CYLINDRICAL_SURFACE('',#9338,2.25);
#8242=CYLINDRICAL_SURFACE('',#9342,4.00000000000043);
#8243=CYLINDRICAL_SURFACE('',#9348,2.25);
#8244=CYLINDRICAL_SURFACE('',#9354,5.5);
#8245=CYLINDRICAL_SURFACE('',#9355,5.5);
#8246=CYLINDRICAL_SURFACE('',#9358,6.29999999999999);
#8247=CYLINDRICAL_SURFACE('',#9370,6.29999999999999);
#8248=CYLINDRICAL_SURFACE('',#9376,3.5);
#8249=CYLINDRICAL_SURFACE('',#9381,3.5);
#8250=CYLINDRICAL_SURFACE('',#9383,13.9999999999985);
#8251=CYLINDRICAL_SURFACE('',#9385,13.9999999999984);
#8252=CYLINDRICAL_SURFACE('',#9394,13.9999999999985);
#8253=CYLINDRICAL_SURFACE('',#9396,13.9999999999984);
#8254=CYLINDRICAL_SURFACE('',#9423,0.500000000000958);
#8255=CYLINDRICAL_SURFACE('',#9424,0.500000000000944);
#8256=CYLINDRICAL_SURFACE('',#9426,0.500000000000923);
#8257=CYLINDRICAL_SURFACE('',#9428,0.500000000000944);
#8258=CYLINDRICAL_SURFACE('',#9430,0.500000000000937);
#8259=CYLINDRICAL_SURFACE('',#9432,0.500000000000934);
#8260=CYLINDRICAL_SURFACE('',#9434,0.500000000000941);
#8261=CYLINDRICAL_SURFACE('',#9435,0.500000000000958);
#8262=CYLINDRICAL_SURFACE('',#9437,0.500000000000923);
#8263=CYLINDRICAL_SURFACE('',#9439,0.500000000000944);
#8264=CYLINDRICAL_SURFACE('',#9441,0.500000000000958);
#8265=CYLINDRICAL_SURFACE('',#9442,0.500000000000944);
#8266=CYLINDRICAL_SURFACE('',#9528,2.75);
#8267=CYLINDRICAL_SURFACE('',#9529,2.35);
#8268=CYLINDRICAL_SURFACE('',#9538,2.75);
#8269=CYLINDRICAL_SURFACE('',#9539,2.35);
#8270=CYLINDRICAL_SURFACE('',#9550,0.599999999999999);
#8271=CYLINDRICAL_SURFACE('',#9559,0.599999999999999);
#8272=CYLINDRICAL_SURFACE('',#9563,10.5);
#8273=CYLINDRICAL_SURFACE('',#9567,2.5);
#8274=CYLINDRICAL_SURFACE('',#9570,1.35);
#8275=CYLINDRICAL_SURFACE('',#9573,4.75);
#8276=CYLINDRICAL_SURFACE('',#9581,8.75);
#8277=CYLINDRICAL_SURFACE('',#9584,9.7);
#8278=CYLINDRICAL_SURFACE('',#9587,29.05);
#8279=CYLINDRICAL_SURFACE('',#9590,31.2);
#8280=CYLINDRICAL_SURFACE('',#9595,32.4);
#8281=CYLINDRICAL_SURFACE('',#9604,27.);
#8282=CYLINDRICAL_SURFACE('',#9628,10.3);
#8283=CYLINDRICAL_SURFACE('',#9631,27.5500000000002);
#8284=ADVANCED_FACE('',(#585),#8179,.F.);
#8285=ADVANCED_FACE('',(#586),#8180,.F.);
#8286=ADVANCED_FACE('',(#587),#8181,.T.);
#8287=ADVANCED_FACE('',(#588),#8182,.F.);
#8288=ADVANCED_FACE('',(#589),#8183,.F.);
#8289=ADVANCED_FACE('',(#590),#8184,.F.);
#8290=ADVANCED_FACE('',(#591),#8185,.T.);
#8291=ADVANCED_FACE('',(#592),#538,.T.);
#8292=ADVANCED_FACE('',(#593),#8186,.T.);
#8293=ADVANCED_FACE('',(#594),#8187,.F.);
#8294=ADVANCED_FACE('',(#595),#8188,.T.);
#8295=ADVANCED_FACE('',(#596),#8189,.T.);
#8296=ADVANCED_FACE('',(#597,#117),#201,.F.);
#8297=ADVANCED_FACE('',(#598,#118),#202,.F.);
#8298=ADVANCED_FACE('',(#599),#203,.T.);
#8299=ADVANCED_FACE('',(#600),#204,.T.);
#8300=ADVANCED_FACE('',(#601),#205,.T.);
#8301=ADVANCED_FACE('',(#602),#206,.T.);
#8302=ADVANCED_FACE('',(#603),#207,.F.);
#8303=ADVANCED_FACE('',(#604),#208,.F.);
#8304=ADVANCED_FACE('',(#605),#209,.F.);
#8305=ADVANCED_FACE('',(#606),#210,.F.);
#8306=ADVANCED_FACE('',(#607,#119),#211,.F.);
#8307=ADVANCED_FACE('',(#608,#120),#212,.F.);
#8308=ADVANCED_FACE('',(#609),#213,.F.);
#8309=ADVANCED_FACE('',(#610,#121),#214,.T.);
#8310=ADVANCED_FACE('',(#611,#122),#215,.T.);
#8311=ADVANCED_FACE('',(#612,#123),#216,.T.);
#8312=ADVANCED_FACE('',(#613,#124),#217,.T.);
#8313=ADVANCED_FACE('',(#614,#125),#218,.T.);
#8314=ADVANCED_FACE('',(#615),#219,.T.);
#8315=ADVANCED_FACE('',(#616),#220,.F.);
#8316=ADVANCED_FACE('',(#617),#221,.T.);
#8317=ADVANCED_FACE('',(#618),#8190,.F.);
#8318=ADVANCED_FACE('',(#619),#8191,.F.);
#8319=ADVANCED_FACE('',(#620),#8192,.T.);
#8320=ADVANCED_FACE('',(#621),#8193,.F.);
#8321=ADVANCED_FACE('',(#622),#8194,.T.);
#8322=ADVANCED_FACE('',(#623),#8195,.T.);
#8323=ADVANCED_FACE('',(#624),#539,.T.);
#8324=ADVANCED_FACE('',(#625),#95,.T.);
#8325=ADVANCED_FACE('',(#626),#8196,.T.);
#8326=ADVANCED_FACE('',(#627),#8197,.T.);
#8327=ADVANCED_FACE('',(#628),#540,.T.);
#8328=ADVANCED_FACE('',(#629),#8198,.T.);
#8329=ADVANCED_FACE('',(#630),#541,.T.);
#8330=ADVANCED_FACE('',(#631),#542,.T.);
#8331=ADVANCED_FACE('',(#632),#96,.T.);
#8332=ADVANCED_FACE('',(#633),#8199,.T.);
#8333=ADVANCED_FACE('',(#634),#8200,.T.);
#8334=ADVANCED_FACE('',(#635),#543,.T.);
#8335=ADVANCED_FACE('',(#636),#8201,.T.);
#8336=ADVANCED_FACE('',(#637),#544,.T.);
#8337=ADVANCED_FACE('',(#638),#8202,.F.);
#8338=ADVANCED_FACE('',(#639),#545,.F.);
#8339=ADVANCED_FACE('',(#640),#8203,.F.);
#8340=ADVANCED_FACE('',(#641),#8204,.F.);
#8341=ADVANCED_FACE('',(#642),#546,.F.);
#8342=ADVANCED_FACE('',(#643),#8205,.F.);
#8343=ADVANCED_FACE('',(#644),#8206,.T.);
#8344=ADVANCED_FACE('',(#645),#547,.T.);
#8345=ADVANCED_FACE('',(#646),#8207,.T.);
#8346=ADVANCED_FACE('',(#647),#8208,.T.);
#8347=ADVANCED_FACE('',(#648),#548,.T.);
#8348=ADVANCED_FACE('',(#649),#8209,.T.);
#8349=ADVANCED_FACE('',(#650,#126),#8210,.F.);
#8350=ADVANCED_FACE('',(#651,#127),#222,.F.);
#8351=ADVANCED_FACE('',(#652,#128),#223,.F.);
#8352=ADVANCED_FACE('',(#653,#129),#224,.T.);
#8353=ADVANCED_FACE('',(#654,#130),#225,.F.);
#8354=ADVANCED_FACE('',(#655,#131),#226,.F.);
#8355=ADVANCED_FACE('',(#656,#132),#227,.F.);
#8356=ADVANCED_FACE('',(#657),#228,.F.);
#8357=ADVANCED_FACE('',(#658),#229,.F.);
#8358=ADVANCED_FACE('',(#659,#133),#230,.F.);
#8359=ADVANCED_FACE('',(#660,#134),#231,.F.);
#8360=ADVANCED_FACE('',(#661,#135),#232,.F.);
#8361=ADVANCED_FACE('',(#662,#136),#233,.F.);
#8362=ADVANCED_FACE('',(#663,#137),#234,.F.);
#8363=ADVANCED_FACE('',(#664,#138),#235,.F.);
#8364=ADVANCED_FACE('',(#665),#236,.T.);
#8365=ADVANCED_FACE('',(#666),#237,.F.);
#8366=ADVANCED_FACE('',(#667,#139),#8211,.F.);
#8367=ADVANCED_FACE('',(#668),#238,.F.);
#8368=ADVANCED_FACE('',(#669),#239,.F.);
#8369=ADVANCED_FACE('',(#670),#240,.F.);
#8370=ADVANCED_FACE('',(#671),#241,.F.);
#8371=ADVANCED_FACE('',(#672),#242,.F.);
#8372=ADVANCED_FACE('',(#673),#243,.T.);
#8373=ADVANCED_FACE('',(#674),#244,.T.);
#8374=ADVANCED_FACE('',(#675),#245,.F.);
#8375=ADVANCED_FACE('',(#676),#246,.T.);
#8376=ADVANCED_FACE('',(#677),#247,.F.);
#8377=ADVANCED_FACE('',(#678),#248,.F.);
#8378=ADVANCED_FACE('',(#679),#249,.F.);
#8379=ADVANCED_FACE('',(#680),#250,.F.);
#8380=ADVANCED_FACE('',(#681),#251,.F.);
#8381=ADVANCED_FACE('',(#682),#252,.F.);
#8382=ADVANCED_FACE('',(#683),#253,.F.);
#8383=ADVANCED_FACE('',(#684),#254,.T.);
#8384=ADVANCED_FACE('',(#685),#255,.F.);
#8385=ADVANCED_FACE('',(#686),#256,.F.);
#8386=ADVANCED_FACE('',(#687),#257,.F.);
#8387=ADVANCED_FACE('',(#688),#258,.F.);
#8388=ADVANCED_FACE('',(#689),#259,.T.);
#8389=ADVANCED_FACE('',(#690,#140),#260,.T.);
#8390=ADVANCED_FACE('',(#691,#141),#261,.T.);
#8391=ADVANCED_FACE('',(#692),#262,.F.);
#8392=ADVANCED_FACE('',(#693,#142),#263,.F.);
#8393=ADVANCED_FACE('',(#694),#264,.F.);
#8394=ADVANCED_FACE('',(#695),#265,.F.);
#8395=ADVANCED_FACE('',(#696,#143),#266,.F.);
#8396=ADVANCED_FACE('',(#697),#267,.F.);
#8397=ADVANCED_FACE('',(#698),#268,.F.);
#8398=ADVANCED_FACE('',(#699),#269,.F.);
#8399=ADVANCED_FACE('',(#700),#270,.F.);
#8400=ADVANCED_FACE('',(#701),#271,.F.);
#8401=ADVANCED_FACE('',(#702),#272,.F.);
#8402=ADVANCED_FACE('',(#703),#273,.F.);
#8403=ADVANCED_FACE('',(#704),#274,.F.);
#8404=ADVANCED_FACE('',(#705),#275,.F.);
#8405=ADVANCED_FACE('',(#706),#276,.F.);
#8406=ADVANCED_FACE('',(#707),#277,.F.);
#8407=ADVANCED_FACE('',(#708),#278,.T.);
#8408=ADVANCED_FACE('',(#709),#279,.F.);
#8409=ADVANCED_FACE('',(#710),#280,.F.);
#8410=ADVANCED_FACE('',(#711),#281,.F.);
#8411=ADVANCED_FACE('',(#712),#282,.F.);
#8412=ADVANCED_FACE('',(#713),#283,.F.);
#8413=ADVANCED_FACE('',(#714),#284,.F.);
#8414=ADVANCED_FACE('',(#715),#285,.F.);
#8415=ADVANCED_FACE('',(#716),#286,.F.);
#8416=ADVANCED_FACE('',(#717),#287,.F.);
#8417=ADVANCED_FACE('',(#718),#288,.F.);
#8418=ADVANCED_FACE('',(#719),#289,.T.);
#8419=ADVANCED_FACE('',(#720),#290,.T.);
#8420=ADVANCED_FACE('',(#721),#291,.T.);
#8421=ADVANCED_FACE('',(#722),#292,.T.);
#8422=ADVANCED_FACE('',(#723),#293,.T.);
#8423=ADVANCED_FACE('',(#724),#294,.T.);
#8424=ADVANCED_FACE('',(#725),#295,.T.);
#8425=ADVANCED_FACE('',(#726),#296,.T.);
#8426=ADVANCED_FACE('',(#727),#297,.T.);
#8427=ADVANCED_FACE('',(#728,#144),#298,.T.);
#8428=ADVANCED_FACE('',(#729,#145),#299,.T.);
#8429=ADVANCED_FACE('',(#730,#146),#300,.T.);
#8430=ADVANCED_FACE('',(#731),#8212,.F.);
#8431=ADVANCED_FACE('',(#732),#8213,.F.);
#8432=ADVANCED_FACE('',(#733),#8214,.T.);
#8433=ADVANCED_FACE('',(#734),#8215,.T.);
#8434=ADVANCED_FACE('',(#735),#8216,.T.);
#8435=ADVANCED_FACE('',(#736),#549,.T.);
#8436=ADVANCED_FACE('',(#737),#97,.F.);
#8437=ADVANCED_FACE('',(#738),#550,.T.);
#8438=ADVANCED_FACE('',(#739),#98,.F.);
#8439=ADVANCED_FACE('',(#740),#551,.F.);
#8440=ADVANCED_FACE('',(#741),#8217,.F.);
#8441=ADVANCED_FACE('',(#742),#552,.F.);
#8442=ADVANCED_FACE('',(#743),#8218,.F.);
#8443=ADVANCED_FACE('',(#744),#8219,.T.);
#8444=ADVANCED_FACE('',(#745),#8220,.T.);
#8445=ADVANCED_FACE('',(#746),#8221,.F.);
#8446=ADVANCED_FACE('',(#747),#8222,.F.);
#8447=ADVANCED_FACE('',(#748),#553,.F.);
#8448=ADVANCED_FACE('',(#749),#8223,.F.);
#8449=ADVANCED_FACE('',(#750),#8224,.F.);
#8450=ADVANCED_FACE('',(#751),#554,.F.);
#8451=ADVANCED_FACE('',(#752),#555,.T.);
#8452=ADVANCED_FACE('',(#753),#556,.T.);
#8453=ADVANCED_FACE('',(#754),#8225,.T.);
#8454=ADVANCED_FACE('',(#755),#8226,.T.);
#8455=ADVANCED_FACE('',(#756),#557,.F.);
#8456=ADVANCED_FACE('',(#757),#558,.T.);
#8457=ADVANCED_FACE('',(#758),#559,.F.);
#8458=ADVANCED_FACE('',(#759),#560,.F.);
#8459=ADVANCED_FACE('',(#760),#561,.T.);
#8460=ADVANCED_FACE('',(#761),#562,.F.);
#8461=ADVANCED_FACE('',(#762),#563,.F.);
#8462=ADVANCED_FACE('',(#763),#564,.T.);
#8463=ADVANCED_FACE('',(#764),#565,.F.);
#8464=ADVANCED_FACE('',(#765),#566,.F.);
#8465=ADVANCED_FACE('',(#766),#567,.T.);
#8466=ADVANCED_FACE('',(#767),#568,.F.);
#8467=ADVANCED_FACE('',(#768),#8227,.F.);
#8468=ADVANCED_FACE('',(#769,#147),#8228,.T.);
#8469=ADVANCED_FACE('',(#770),#8229,.T.);
#8470=ADVANCED_FACE('',(#771),#8230,.T.);
#8471=ADVANCED_FACE('',(#772),#569,.T.);
#8472=ADVANCED_FACE('',(#773),#570,.T.);
#8473=ADVANCED_FACE('',(#774),#8231,.T.);
#8474=ADVANCED_FACE('',(#775),#8232,.T.);
#8475=ADVANCED_FACE('',(#776),#571,.T.);
#8476=ADVANCED_FACE('',(#777),#572,.T.);
#8477=ADVANCED_FACE('',(#778,#148),#301,.F.);
#8478=ADVANCED_FACE('',(#779,#149),#302,.F.);
#8479=ADVANCED_FACE('',(#780,#150),#303,.T.);
#8480=ADVANCED_FACE('',(#781),#304,.T.);
#8481=ADVANCED_FACE('',(#782),#305,.T.);
#8482=ADVANCED_FACE('',(#783,#151),#306,.T.);
#8483=ADVANCED_FACE('',(#784),#307,.T.);
#8484=ADVANCED_FACE('',(#785),#308,.T.);
#8485=ADVANCED_FACE('',(#786),#309,.F.);
#8486=ADVANCED_FACE('',(#787),#573,.T.);
#8487=ADVANCED_FACE('',(#788),#310,.F.);
#8488=ADVANCED_FACE('',(#789),#574,.T.);
#8489=ADVANCED_FACE('',(#790,#152,#153),#311,.F.);
#8490=ADVANCED_FACE('',(#791,#154),#312,.T.);
#8491=ADVANCED_FACE('',(#792,#155),#313,.T.);
#8492=ADVANCED_FACE('',(#793),#314,.T.);
#8493=ADVANCED_FACE('',(#794),#315,.T.);
#8494=ADVANCED_FACE('',(#795,#156),#316,.F.);
#8495=ADVANCED_FACE('',(#796,#157),#317,.F.);
#8496=ADVANCED_FACE('',(#797,#158),#318,.F.);
#8497=ADVANCED_FACE('',(#798,#159),#319,.F.);
#8498=ADVANCED_FACE('',(#799),#8233,.T.);
#8499=ADVANCED_FACE('',(#800),#8234,.T.);
#8500=ADVANCED_FACE('',(#801),#320,.F.);
#8501=ADVANCED_FACE('',(#802),#321,.F.);
#8502=ADVANCED_FACE('',(#803),#322,.F.);
#8503=ADVANCED_FACE('',(#804),#323,.F.);
#8504=ADVANCED_FACE('',(#805),#324,.F.);
#8505=ADVANCED_FACE('',(#806),#325,.F.);
#8506=ADVANCED_FACE('',(#807,#160,#161),#326,.F.);
#8507=ADVANCED_FACE('',(#808,#162,#163),#327,.T.);
#8508=ADVANCED_FACE('',(#809,#164,#165),#328,.T.);
#8509=ADVANCED_FACE('',(#810,#166,#167,#168,#169),#329,.F.);
#8510=ADVANCED_FACE('',(#811,#170,#171),#330,.F.);
#8511=ADVANCED_FACE('',(#812),#331,.F.);
#8512=ADVANCED_FACE('',(#813,#172),#332,.F.);
#8513=ADVANCED_FACE('',(#814),#333,.T.);
#8514=ADVANCED_FACE('',(#815),#334,.F.);
#8515=ADVANCED_FACE('',(#816),#335,.T.);
#8516=ADVANCED_FACE('',(#817),#336,.F.);
#8517=ADVANCED_FACE('',(#818),#337,.F.);
#8518=ADVANCED_FACE('',(#819),#338,.F.);
#8519=ADVANCED_FACE('',(#820),#339,.F.);
#8520=ADVANCED_FACE('',(#821),#340,.F.);
#8521=ADVANCED_FACE('',(#822),#8235,.F.);
#8522=ADVANCED_FACE('',(#823),#341,.F.);
#8523=ADVANCED_FACE('',(#824),#342,.F.);
#8524=ADVANCED_FACE('',(#825),#8236,.F.);
#8525=ADVANCED_FACE('',(#826),#8237,.F.);
#8526=ADVANCED_FACE('',(#827),#8238,.F.);
#8527=ADVANCED_FACE('',(#828),#343,.F.);
#8528=ADVANCED_FACE('',(#829),#344,.F.);
#8529=ADVANCED_FACE('',(#830),#8239,.F.);
#8530=ADVANCED_FACE('',(#831),#8240,.F.);
#8531=ADVANCED_FACE('',(#832),#8241,.F.);
#8532=ADVANCED_FACE('',(#833),#345,.T.);
#8533=ADVANCED_FACE('',(#834),#346,.T.);
#8534=ADVANCED_FACE('',(#835),#8242,.T.);
#8535=ADVANCED_FACE('',(#836,#173),#347,.F.);
#8536=ADVANCED_FACE('',(#837),#348,.F.);
#8537=ADVANCED_FACE('',(#838),#349,.F.);
#8538=ADVANCED_FACE('',(#839),#8243,.F.);
#8539=ADVANCED_FACE('',(#840),#350,.F.);
#8540=ADVANCED_FACE('',(#841),#351,.T.);
#8541=ADVANCED_FACE('',(#842),#352,.T.);
#8542=ADVANCED_FACE('',(#843),#353,.T.);
#8543=ADVANCED_FACE('',(#844),#354,.T.);
#8544=ADVANCED_FACE('',(#845),#8244,.T.);
#8545=ADVANCED_FACE('',(#846),#8245,.T.);
#8546=ADVANCED_FACE('',(#847),#355,.T.);
#8547=ADVANCED_FACE('',(#848),#356,.T.);
#8548=ADVANCED_FACE('',(#849),#8246,.T.);
#8549=ADVANCED_FACE('',(#850),#357,.T.);
#8550=ADVANCED_FACE('',(#851),#358,.T.);
#8551=ADVANCED_FACE('',(#852),#359,.T.);
#8552=ADVANCED_FACE('',(#853),#360,.T.);
#8553=ADVANCED_FACE('',(#854),#361,.T.);
#8554=ADVANCED_FACE('',(#855),#362,.T.);
#8555=ADVANCED_FACE('',(#856),#363,.T.);
#8556=ADVANCED_FACE('',(#857),#364,.T.);
#8557=ADVANCED_FACE('',(#858),#365,.T.);
#8558=ADVANCED_FACE('',(#859),#366,.T.);
#8559=ADVANCED_FACE('',(#860),#367,.T.);
#8560=ADVANCED_FACE('',(#861),#8247,.T.);
#8561=ADVANCED_FACE('',(#862),#368,.T.);
#8562=ADVANCED_FACE('',(#863),#369,.T.);
#8563=ADVANCED_FACE('',(#864),#370,.T.);
#8564=ADVANCED_FACE('',(#865),#371,.T.);
#8565=ADVANCED_FACE('',(#866),#372,.T.);
#8566=ADVANCED_FACE('',(#867),#8248,.F.);
#8567=ADVANCED_FACE('',(#868),#373,.T.);
#8568=ADVANCED_FACE('',(#869),#374,.T.);
#8569=ADVANCED_FACE('',(#870),#375,.T.);
#8570=ADVANCED_FACE('',(#871),#376,.T.);
#8571=ADVANCED_FACE('',(#872),#8249,.F.);
#8572=ADVANCED_FACE('',(#873),#377,.F.);
#8573=ADVANCED_FACE('',(#874),#8250,.F.);
#8574=ADVANCED_FACE('',(#875),#378,.F.);
#8575=ADVANCED_FACE('',(#876),#8251,.F.);
#8576=ADVANCED_FACE('',(#877),#379,.F.);
#8577=ADVANCED_FACE('',(#878),#380,.T.);
#8578=ADVANCED_FACE('',(#879,#174),#381,.T.);
#8579=ADVANCED_FACE('',(#880,#175),#382,.T.);
#8580=ADVANCED_FACE('',(#881),#383,.T.);
#8581=ADVANCED_FACE('',(#882,#176),#384,.T.);
#8582=ADVANCED_FACE('',(#883,#177),#385,.T.);
#8583=ADVANCED_FACE('',(#884),#386,.F.);
#8584=ADVANCED_FACE('',(#885),#8252,.F.);
#8585=ADVANCED_FACE('',(#886),#387,.F.);
#8586=ADVANCED_FACE('',(#887),#8253,.F.);
#8587=ADVANCED_FACE('',(#888),#388,.F.);
#8588=ADVANCED_FACE('',(#889,#178),#389,.T.);
#8589=ADVANCED_FACE('',(#890,#179),#390,.T.);
#8590=ADVANCED_FACE('',(#891),#391,.T.);
#8591=ADVANCED_FACE('',(#892,#180),#392,.T.);
#8592=ADVANCED_FACE('',(#893,#181),#393,.T.);
#8593=ADVANCED_FACE('',(#894),#394,.T.);
#8594=ADVANCED_FACE('',(#895),#395,.F.);
#8595=ADVANCED_FACE('',(#896),#396,.F.);
#8596=ADVANCED_FACE('',(#897),#397,.F.);
#8597=ADVANCED_FACE('',(#898),#398,.F.);
#8598=ADVANCED_FACE('',(#899),#399,.F.);
#8599=ADVANCED_FACE('',(#900),#400,.F.);
#8600=ADVANCED_FACE('',(#901),#401,.F.);
#8601=ADVANCED_FACE('',(#902),#402,.F.);
#8602=ADVANCED_FACE('',(#903),#403,.F.);
#8603=ADVANCED_FACE('',(#904),#404,.F.);
#8604=ADVANCED_FACE('',(#905),#405,.F.);
#8605=ADVANCED_FACE('',(#906),#406,.T.);
#8606=ADVANCED_FACE('',(#907),#407,.F.);
#8607=ADVANCED_FACE('',(#908),#408,.F.);
#8608=ADVANCED_FACE('',(#909),#409,.T.);
#8609=ADVANCED_FACE('',(#910),#410,.F.);
#8610=ADVANCED_FACE('',(#911),#411,.F.);
#8611=ADVANCED_FACE('',(#912),#412,.T.);
#8612=ADVANCED_FACE('',(#913),#413,.F.);
#8613=ADVANCED_FACE('',(#914),#8254,.F.);
#8614=ADVANCED_FACE('',(#915),#8255,.F.);
#8615=ADVANCED_FACE('',(#916),#414,.T.);
#8616=ADVANCED_FACE('',(#917),#8256,.F.);
#8617=ADVANCED_FACE('',(#918),#415,.T.);
#8618=ADVANCED_FACE('',(#919),#8257,.F.);
#8619=ADVANCED_FACE('',(#920),#416,.T.);
#8620=ADVANCED_FACE('',(#921),#8258,.F.);
#8621=ADVANCED_FACE('',(#922),#417,.T.);
#8622=ADVANCED_FACE('',(#923),#8259,.F.);
#8623=ADVANCED_FACE('',(#924),#418,.T.);
#8624=ADVANCED_FACE('',(#925),#8260,.F.);
#8625=ADVANCED_FACE('',(#926),#8261,.F.);
#8626=ADVANCED_FACE('',(#927),#419,.T.);
#8627=ADVANCED_FACE('',(#928),#8262,.F.);
#8628=ADVANCED_FACE('',(#929),#420,.T.);
#8629=ADVANCED_FACE('',(#930),#8263,.F.);
#8630=ADVANCED_FACE('',(#931),#421,.T.);
#8631=ADVANCED_FACE('',(#932),#8264,.F.);
#8632=ADVANCED_FACE('',(#933),#8265,.F.);
#8633=ADVANCED_FACE('',(#934),#422,.T.);
#8634=ADVANCED_FACE('',(#935),#423,.T.);
#8635=ADVANCED_FACE('',(#936),#424,.T.);
#8636=ADVANCED_FACE('',(#937),#425,.T.);
#8637=ADVANCED_FACE('',(#938),#426,.T.);
#8638=ADVANCED_FACE('',(#939),#427,.T.);
#8639=ADVANCED_FACE('',(#940),#428,.T.);
#8640=ADVANCED_FACE('',(#941,#182),#429,.F.);
#8641=ADVANCED_FACE('',(#942,#183),#430,.F.);
#8642=ADVANCED_FACE('',(#943,#184),#431,.T.);
#8643=ADVANCED_FACE('',(#944,#185),#432,.T.);
#8644=ADVANCED_FACE('',(#945),#433,.F.);
#8645=ADVANCED_FACE('',(#946),#434,.F.);
#8646=ADVANCED_FACE('',(#947),#435,.F.);
#8647=ADVANCED_FACE('',(#948),#436,.F.);
#8648=ADVANCED_FACE('',(#949),#437,.F.);
#8649=ADVANCED_FACE('',(#950),#438,.F.);
#8650=ADVANCED_FACE('',(#951),#439,.F.);
#8651=ADVANCED_FACE('',(#952),#440,.F.);
#8652=ADVANCED_FACE('',(#953),#441,.F.);
#8653=ADVANCED_FACE('',(#954),#442,.F.);
#8654=ADVANCED_FACE('',(#955),#443,.F.);
#8655=ADVANCED_FACE('',(#956),#444,.F.);
#8656=ADVANCED_FACE('',(#957),#445,.F.);
#8657=ADVANCED_FACE('',(#958),#446,.F.);
#8658=ADVANCED_FACE('',(#959),#447,.F.);
#8659=ADVANCED_FACE('',(#960,#186),#448,.T.);
#8660=ADVANCED_FACE('',(#961),#449,.F.);
#8661=ADVANCED_FACE('',(#962),#450,.F.);
#8662=ADVANCED_FACE('',(#963),#451,.F.);
#8663=ADVANCED_FACE('',(#964),#452,.F.);
#8664=ADVANCED_FACE('',(#965),#453,.F.);
#8665=ADVANCED_FACE('',(#966),#454,.F.);
#8666=ADVANCED_FACE('',(#967),#455,.F.);
#8667=ADVANCED_FACE('',(#968),#456,.F.);
#8668=ADVANCED_FACE('',(#969),#457,.F.);
#8669=ADVANCED_FACE('',(#970),#458,.F.);
#8670=ADVANCED_FACE('',(#971),#459,.F.);
#8671=ADVANCED_FACE('',(#972),#460,.F.);
#8672=ADVANCED_FACE('',(#973),#461,.F.);
#8673=ADVANCED_FACE('',(#974),#462,.F.);
#8674=ADVANCED_FACE('',(#975),#463,.F.);
#8675=ADVANCED_FACE('',(#976,#187),#464,.T.);
#8676=ADVANCED_FACE('',(#977),#465,.F.);
#8677=ADVANCED_FACE('',(#978),#466,.F.);
#8678=ADVANCED_FACE('',(#979),#467,.F.);
#8679=ADVANCED_FACE('',(#980),#468,.F.);
#8680=ADVANCED_FACE('',(#981),#469,.F.);
#8681=ADVANCED_FACE('',(#982),#470,.F.);
#8682=ADVANCED_FACE('',(#983),#471,.F.);
#8683=ADVANCED_FACE('',(#984),#472,.F.);
#8684=ADVANCED_FACE('',(#985),#473,.F.);
#8685=ADVANCED_FACE('',(#986),#474,.F.);
#8686=ADVANCED_FACE('',(#987),#475,.F.);
#8687=ADVANCED_FACE('',(#988),#476,.F.);
#8688=ADVANCED_FACE('',(#989),#477,.F.);
#8689=ADVANCED_FACE('',(#990),#478,.F.);
#8690=ADVANCED_FACE('',(#991),#479,.F.);
#8691=ADVANCED_FACE('',(#992),#480,.F.);
#8692=ADVANCED_FACE('',(#993,#188),#481,.T.);
#8693=ADVANCED_FACE('',(#994),#482,.F.);
#8694=ADVANCED_FACE('',(#995),#483,.F.);
#8695=ADVANCED_FACE('',(#996),#484,.F.);
#8696=ADVANCED_FACE('',(#997),#485,.F.);
#8697=ADVANCED_FACE('',(#998),#486,.F.);
#8698=ADVANCED_FACE('',(#999),#487,.F.);
#8699=ADVANCED_FACE('',(#1000),#488,.F.);
#8700=ADVANCED_FACE('',(#1001),#489,.F.);
#8701=ADVANCED_FACE('',(#1002),#490,.F.);
#8702=ADVANCED_FACE('',(#1003),#491,.F.);
#8703=ADVANCED_FACE('',(#1004),#492,.F.);
#8704=ADVANCED_FACE('',(#1005),#493,.F.);
#8705=ADVANCED_FACE('',(#1006),#494,.F.);
#8706=ADVANCED_FACE('',(#1007),#495,.F.);
#8707=ADVANCED_FACE('',(#1008),#496,.F.);
#8708=ADVANCED_FACE('',(#1009),#497,.F.);
#8709=ADVANCED_FACE('',(#1010,#189),#498,.T.);
#8710=ADVANCED_FACE('',(#1011),#499,.T.);
#8711=ADVANCED_FACE('',(#1012),#500,.T.);
#8712=ADVANCED_FACE('',(#1013),#501,.F.);
#8713=ADVANCED_FACE('',(#1014),#575,.T.);
#8714=ADVANCED_FACE('',(#1015),#576,.T.);
#8715=ADVANCED_FACE('',(#1016),#8266,.T.);
#8716=ADVANCED_FACE('',(#1017),#8267,.T.);
#8717=ADVANCED_FACE('',(#1018),#502,.F.);
#8718=ADVANCED_FACE('',(#1019),#577,.T.);
#8719=ADVANCED_FACE('',(#1020),#578,.T.);
#8720=ADVANCED_FACE('',(#1021),#8268,.T.);
#8721=ADVANCED_FACE('',(#1022),#8269,.T.);
#8722=ADVANCED_FACE('',(#1023),#503,.T.);
#8723=ADVANCED_FACE('',(#1024),#504,.F.);
#8724=ADVANCED_FACE('',(#1025),#505,.F.);
#8725=ADVANCED_FACE('',(#1026),#506,.F.);
#8726=ADVANCED_FACE('',(#1027),#507,.F.);
#8727=ADVANCED_FACE('',(#1028),#508,.F.);
#8728=ADVANCED_FACE('',(#1029),#8270,.F.);
#8729=ADVANCED_FACE('',(#1030),#509,.T.);
#8730=ADVANCED_FACE('',(#1031),#510,.F.);
#8731=ADVANCED_FACE('',(#1032),#511,.F.);
#8732=ADVANCED_FACE('',(#1033),#512,.F.);
#8733=ADVANCED_FACE('',(#1034),#513,.F.);
#8734=ADVANCED_FACE('',(#1035),#514,.F.);
#8735=ADVANCED_FACE('',(#1036),#8271,.F.);
#8736=ADVANCED_FACE('',(#1037,#190),#515,.F.);
#8737=ADVANCED_FACE('',(#1038,#191),#516,.F.);
#8738=ADVANCED_FACE('',(#1039),#8272,.T.);
#8739=ADVANCED_FACE('',(#1040),#517,.T.);
#8740=ADVANCED_FACE('',(#1041),#518,.T.);
#8741=ADVANCED_FACE('',(#1042),#8273,.F.);
#8742=ADVANCED_FACE('',(#1043),#8274,.F.);
#8743=ADVANCED_FACE('',(#1044),#8275,.F.);
#8744=ADVANCED_FACE('',(#1045),#579,.F.);
#8745=ADVANCED_FACE('',(#1046),#580,.F.);
#8746=ADVANCED_FACE('',(#1047),#8276,.F.);
#8747=ADVANCED_FACE('',(#1048),#8277,.T.);
#8748=ADVANCED_FACE('',(#1049),#8278,.T.);
#8749=ADVANCED_FACE('',(#1050),#8279,.F.);
#8750=ADVANCED_FACE('',(#1051),#581,.T.);
#8751=ADVANCED_FACE('',(#1052),#8280,.T.);
#8752=ADVANCED_FACE('',(#1053),#582,.F.);
#8753=ADVANCED_FACE('',(#1054),#583,.F.);
#8754=ADVANCED_FACE('',(#1055),#8281,.F.);
#8755=ADVANCED_FACE('',(#1056,#192),#519,.F.);
#8756=ADVANCED_FACE('',(#1057),#520,.T.);
#8757=ADVANCED_FACE('',(#1058,#193),#521,.T.);
#8758=ADVANCED_FACE('',(#1059),#522,.F.);
#8759=ADVANCED_FACE('',(#1060),#584,.F.);
#8760=ADVANCED_FACE('',(#1061),#523,.F.);
#8761=ADVANCED_FACE('',(#1062,#194),#524,.F.);
#8762=ADVANCED_FACE('',(#1063),#525,.F.);
#8763=ADVANCED_FACE('',(#1064),#526,.F.);
#8764=ADVANCED_FACE('',(#1065),#527,.F.);
#8765=ADVANCED_FACE('',(#1066),#528,.F.);
#8766=ADVANCED_FACE('',(#1067,#195),#529,.T.);
#8767=ADVANCED_FACE('',(#1068,#196),#530,.T.);
#8768=ADVANCED_FACE('',(#1069,#197),#531,.T.);
#8769=ADVANCED_FACE('',(#1070,#198),#532,.T.);
#8770=ADVANCED_FACE('',(#1071,#199),#533,.T.);
#8771=ADVANCED_FACE('',(#1072,#200),#534,.T.);
#8772=ADVANCED_FACE('',(#1073),#8282,.T.);
#8773=ADVANCED_FACE('',(#1074),#535,.T.);
#8774=ADVANCED_FACE('',(#1075),#8283,.F.);
#8775=ADVANCED_FACE('',(#1076),#536,.T.);
#8776=ADVANCED_FACE('',(#1077),#537,.T.);
#8777=CLOSED_SHELL('',(#8284,#8285,#8286,#8287,#8288,#8289,#8290,#8291,
#8292,#8293,#8294,#8295,#8296,#8297,#8298,#8299,#8300,#8301,#8302,#8303,
#8304,#8305,#8306,#8307,#8308,#8309,#8310,#8311,#8312,#8313,#8314,#8315,
#8316));
#8778=CLOSED_SHELL('',(#8317,#8318,#8319,#8320,#8321,#8322,#8323,#8324,
#8325,#8326,#8327,#8328,#8329,#8330,#8331,#8332,#8333,#8334,#8335,#8336,
#8337,#8338,#8339,#8340,#8341,#8342,#8343,#8344,#8345,#8346,#8347,#8348,
#8349,#8350,#8351,#8352,#8353,#8354,#8355,#8356,#8357,#8358,#8359,#8360,
#8361,#8362,#8363,#8364,#8365,#8366,#8367,#8368,#8369,#8370,#8371,#8372,
#8373,#8374,#8375,#8376,#8377,#8378,#8379,#8380,#8381,#8382,#8383,#8384,
#8385,#8386,#8387,#8388,#8389,#8390,#8391,#8392,#8393,#8394,#8395,#8396,
#8397,#8398,#8399,#8400,#8401,#8402,#8403,#8404,#8405,#8406,#8407,#8408,
#8409,#8410,#8411,#8412,#8413,#8414,#8415,#8416,#8417,#8418,#8419,#8420,
#8421,#8422,#8423,#8424,#8425,#8426,#8427,#8428,#8429));
#8779=CLOSED_SHELL('',(#8430,#8431,#8432,#8433,#8434,#8435,#8436,#8437,
#8438,#8439,#8440,#8441,#8442,#8443,#8444,#8445,#8446,#8447,#8448,#8449,
#8450,#8451,#8452,#8453,#8454,#8455,#8456,#8457,#8458,#8459,#8460,#8461,
#8462,#8463,#8464,#8465,#8466,#8467,#8468,#8469,#8470,#8471,#8472,#8473,
#8474,#8475,#8476,#8477,#8478,#8479,#8480,#8481,#8482,#8483,#8484,#8485,
#8486,#8487,#8488,#8489,#8490,#8491,#8492,#8493,#8494,#8495,#8496,#8497,
#8498,#8499,#8500,#8501,#8502,#8503,#8504,#8505,#8506,#8507,#8508,#8509,
#8510,#8511,#8512,#8513,#8514,#8515,#8516,#8517,#8518,#8519,#8520,#8521,
#8522,#8523,#8524,#8525,#8526,#8527,#8528,#8529,#8530,#8531,#8532,#8533,
#8534,#8535,#8536,#8537,#8538,#8539,#8540,#8541,#8542,#8543,#8544,#8545,
#8546,#8547,#8548,#8549,#8550,#8551,#8552,#8553,#8554,#8555,#8556,#8557,
#8558,#8559,#8560,#8561,#8562,#8563,#8564,#8565,#8566,#8567,#8568,#8569,
#8570,#8571,#8572,#8573,#8574,#8575,#8576,#8577,#8578,#8579,#8580,#8581,
#8582,#8583,#8584,#8585,#8586,#8587,#8588,#8589,#8590,#8591,#8592,#8593,
#8594,#8595,#8596,#8597,#8598,#8599,#8600,#8601,#8602,#8603,#8604,#8605,
#8606,#8607,#8608,#8609,#8610,#8611,#8612,#8613,#8614,#8615,#8616,#8617,
#8618,#8619,#8620,#8621,#8622,#8623,#8624,#8625,#8626,#8627,#8628,#8629,
#8630,#8631,#8632,#8633,#8634,#8635,#8636,#8637,#8638,#8639,#8640,#8641,
#8642,#8643,#8644,#8645,#8646,#8647,#8648,#8649,#8650,#8651,#8652,#8653,
#8654,#8655,#8656,#8657,#8658,#8659,#8660,#8661,#8662,#8663,#8664,#8665,
#8666,#8667,#8668,#8669,#8670,#8671,#8672,#8673,#8674,#8675,#8676,#8677,
#8678,#8679,#8680,#8681,#8682,#8683,#8684,#8685,#8686,#8687,#8688,#8689,
#8690,#8691,#8692,#8693,#8694,#8695,#8696,#8697,#8698,#8699,#8700,#8701,
#8702,#8703,#8704,#8705,#8706,#8707,#8708,#8709,#8710,#8711,#8712,#8713,
#8714,#8715,#8716,#8717,#8718,#8719,#8720,#8721,#8722,#8723,#8724,#8725,
#8726,#8727,#8728,#8729,#8730,#8731,#8732,#8733,#8734,#8735,#8736,#8737,
#8738,#8739,#8740));
#8780=CLOSED_SHELL('',(#8741,#8742,#8743,#8744,#8745,#8746,#8747,#8748,
#8749,#8750,#8751,#8752,#8753,#8754,#8755,#8756,#8757,#8758,#8759,#8760,
#8761,#8762,#8763,#8764,#8765,#8766,#8767,#8768,#8769,#8770,#8771,#8772,
#8773,#8774,#8775,#8776));
#8781=DERIVED_UNIT_ELEMENT(#8789,1.);
#8782=DERIVED_UNIT_ELEMENT(#14914,-3.);
#8783=DERIVED_UNIT_ELEMENT(#8789,1.);
#8784=DERIVED_UNIT_ELEMENT(#14914,-3.);
#8785=DERIVED_UNIT_ELEMENT(#8789,1.);
#8786=DERIVED_UNIT_ELEMENT(#14914,-3.);
#8787=DERIVED_UNIT_ELEMENT(#8789,1.);
#8788=DERIVED_UNIT_ELEMENT(#14914,-3.);
#8789=(
MASS_UNIT()
NAMED_UNIT(*)
SI_UNIT(.KILO.,.GRAM.)
);
#8790=DERIVED_UNIT((#8781,#8782));
#8791=DERIVED_UNIT((#8783,#8784));
#8792=DERIVED_UNIT((#8785,#8786));
#8793=DERIVED_UNIT((#8787,#8788));
#8794=MEASURE_REPRESENTATION_ITEM('density measure',
POSITIVE_RATIO_MEASURE(7850.),#8790);
#8795=MEASURE_REPRESENTATION_ITEM('density measure',
POSITIVE_RATIO_MEASURE(7850.),#8791);
#8796=MEASURE_REPRESENTATION_ITEM('density measure',
POSITIVE_RATIO_MEASURE(7850.),#8792);
#8797=MEASURE_REPRESENTATION_ITEM('density measure',
POSITIVE_RATIO_MEASURE(7850.),#8793);
#8798=PROPERTY_DEFINITION_REPRESENTATION(#8818,#8806);
#8799=PROPERTY_DEFINITION_REPRESENTATION(#8819,#8807);
#8800=PROPERTY_DEFINITION_REPRESENTATION(#8820,#8808);
#8801=PROPERTY_DEFINITION_REPRESENTATION(#8821,#8809);
#8802=PROPERTY_DEFINITION_REPRESENTATION(#8822,#8810);
#8803=PROPERTY_DEFINITION_REPRESENTATION(#8823,#8811);
#8804=PROPERTY_DEFINITION_REPRESENTATION(#8824,#8812);
#8805=PROPERTY_DEFINITION_REPRESENTATION(#8825,#8813);
#8806=REPRESENTATION('material name',(#8814),#14908);
#8807=REPRESENTATION('density',(#8794),#14908);
#8808=REPRESENTATION('material name',(#8815),#14909);
#8809=REPRESENTATION('density',(#8795),#14909);
#8810=REPRESENTATION('material name',(#8816),#14910);
#8811=REPRESENTATION('density',(#8796),#14910);
#8812=REPRESENTATION('material name',(#8817),#14911);
#8813=REPRESENTATION('density',(#8797),#14911);
#8814=DESCRIPTIVE_REPRESENTATION_ITEM('Steel','Steel');
#8815=DESCRIPTIVE_REPRESENTATION_ITEM('Steel','Steel');
#8816=DESCRIPTIVE_REPRESENTATION_ITEM('Steel','Steel');
#8817=DESCRIPTIVE_REPRESENTATION_ITEM('Steel','Steel');
#8818=PROPERTY_DEFINITION('material property','material name',#14938);
#8819=PROPERTY_DEFINITION('material property','density of part',#14938);
#8820=PROPERTY_DEFINITION('material property','material name',#14939);
#8821=PROPERTY_DEFINITION('material property','density of part',#14939);
#8822=PROPERTY_DEFINITION('material property','material name',#14940);
#8823=PROPERTY_DEFINITION('material property','density of part',#14940);
#8824=PROPERTY_DEFINITION('material property','material name',#14941);
#8825=PROPERTY_DEFINITION('material property','density of part',#14941);
#8826=AXIS2_PLACEMENT_3D('',#12131,#9639,#9640);
#8827=AXIS2_PLACEMENT_3D('',#12132,#9641,#9642);
#8828=AXIS2_PLACEMENT_3D('',#12133,#9643,#9644);
#8829=AXIS2_PLACEMENT_3D('',#12135,#9645,#9646);
#8830=AXIS2_PLACEMENT_3D('',#12138,#9648,#9649);
#8831=AXIS2_PLACEMENT_3D('',#12139,#9650,#9651);
#8832=AXIS2_PLACEMENT_3D('',#12141,#9652,#9653);
#8833=AXIS2_PLACEMENT_3D('',#12144,#9655,#9656);
#8834=AXIS2_PLACEMENT_3D('',#12145,#9657,#9658);
#8835=AXIS2_PLACEMENT_3D('',#12147,#9659,#9660);
#8836=AXIS2_PLACEMENT_3D('',#12150,#9662,#9663);
#8837=AXIS2_PLACEMENT_3D('',#12151,#9664,#9665);
#8838=AXIS2_PLACEMENT_3D('',#12153,#9666,#9667);
#8839=AXIS2_PLACEMENT_3D('',#12156,#9669,#9670);
#8840=AXIS2_PLACEMENT_3D('',#12157,#9671,#9672);
#8841=AXIS2_PLACEMENT_3D('',#12159,#9673,#9674);
#8842=AXIS2_PLACEMENT_3D('',#12162,#9676,#9677);
#8843=AXIS2_PLACEMENT_3D('',#12163,#9678,#9679);
#8844=AXIS2_PLACEMENT_3D('',#12165,#9680,#9681);
#8845=AXIS2_PLACEMENT_3D('',#12168,#9683,#9684);
#8846=AXIS2_PLACEMENT_3D('',#12169,#9685,#9686);
#8847=AXIS2_PLACEMENT_3D('',#12172,#9687,#9688);
#8848=AXIS2_PLACEMENT_3D('',#12173,#9689,#9690);
#8849=AXIS2_PLACEMENT_3D('',#12177,#9692,#9693);
#8850=AXIS2_PLACEMENT_3D('',#12179,#9694,#9695);
#8851=AXIS2_PLACEMENT_3D('',#12181,#9696,#9697);
#8852=AXIS2_PLACEMENT_3D('',#12182,#9698,#9699);
#8853=AXIS2_PLACEMENT_3D('',#12183,#9700,#9701);
#8854=AXIS2_PLACEMENT_3D('',#12187,#9703,#9704);
#8855=AXIS2_PLACEMENT_3D('',#12188,#9705,#9706);
#8856=AXIS2_PLACEMENT_3D('',#12189,#9707,#9708);
#8857=AXIS2_PLACEMENT_3D('',#12192,#9709,#9710);
#8858=AXIS2_PLACEMENT_3D('',#12196,#9712,#9713);
#8859=AXIS2_PLACEMENT_3D('',#12199,#9715,#9716);
#8860=AXIS2_PLACEMENT_3D('',#12201,#9718,#9719);
#8861=AXIS2_PLACEMENT_3D('',#12203,#9720,#9721);
#8862=AXIS2_PLACEMENT_3D('',#12207,#9723,#9724);
#8863=AXIS2_PLACEMENT_3D('',#12211,#9726,#9727);
#8864=AXIS2_PLACEMENT_3D('',#12214,#9729,#9730);
#8865=AXIS2_PLACEMENT_3D('',#12215,#9731,#9732);
#8866=AXIS2_PLACEMENT_3D('',#12217,#9733,#9734);
#8867=AXIS2_PLACEMENT_3D('',#12220,#9736,#9737);
#8868=AXIS2_PLACEMENT_3D('',#12221,#9738,#9739);
#8869=AXIS2_PLACEMENT_3D('',#12223,#9740,#9741);
#8870=AXIS2_PLACEMENT_3D('',#12226,#9743,#9744);
#8871=AXIS2_PLACEMENT_3D('',#12227,#9745,#9746);
#8872=AXIS2_PLACEMENT_3D('',#12236,#9751,#9752);
#8873=AXIS2_PLACEMENT_3D('',#12237,#9753,#9754);
#8874=AXIS2_PLACEMENT_3D('',#12241,#9757,#9758);
#8875=AXIS2_PLACEMENT_3D('',#12245,#9761,#9762);
#8876=AXIS2_PLACEMENT_3D('',#12249,#9765,#9766);
#8877=AXIS2_PLACEMENT_3D('',#12253,#9769,#9770);
#8878=AXIS2_PLACEMENT_3D('',#12256,#9773,#9774);
#8879=AXIS2_PLACEMENT_3D('',#12258,#9776,#9777);
#8880=AXIS2_PLACEMENT_3D('',#12260,#9779,#9780);
#8881=AXIS2_PLACEMENT_3D('',#12261,#9781,#9782);
#8882=AXIS2_PLACEMENT_3D('',#12262,#9783,#9784);
#8883=AXIS2_PLACEMENT_3D('',#12263,#9785,#9786);
#8884=AXIS2_PLACEMENT_3D('',#12266,#9789,#9790);
#8885=AXIS2_PLACEMENT_3D('',#12267,#9791,#9792);
#8886=AXIS2_PLACEMENT_3D('',#12268,#9793,#9794);
#8887=AXIS2_PLACEMENT_3D('',#12269,#9795,#9796);
#8888=AXIS2_PLACEMENT_3D('',#12270,#9797,#9798);
#8889=AXIS2_PLACEMENT_3D('',#12271,#9799,#9800);
#8890=AXIS2_PLACEMENT_3D('',#12274,#9803,#9804);
#8891=AXIS2_PLACEMENT_3D('',#12275,#9805,#9806);
#8892=AXIS2_PLACEMENT_3D('',#12276,#9807,#9808);
#8893=AXIS2_PLACEMENT_3D('',#12277,#9809,#9810);
#8894=AXIS2_PLACEMENT_3D('',#12279,#9811,#9812);
#8895=AXIS2_PLACEMENT_3D('',#12282,#9814,#9815);
#8896=AXIS2_PLACEMENT_3D('',#12283,#9816,#9817);
#8897=AXIS2_PLACEMENT_3D('',#12285,#9818,#9819);
#8898=AXIS2_PLACEMENT_3D('',#12288,#9821,#9822);
#8899=AXIS2_PLACEMENT_3D('',#12289,#9823,#9824);
#8900=AXIS2_PLACEMENT_3D('',#12291,#9825,#9826);
#8901=AXIS2_PLACEMENT_3D('',#12294,#9828,#9829);
#8902=AXIS2_PLACEMENT_3D('',#12295,#9830,#9831);
#8903=AXIS2_PLACEMENT_3D('',#12297,#9832,#9833);
#8904=AXIS2_PLACEMENT_3D('',#12300,#9835,#9836);
#8905=AXIS2_PLACEMENT_3D('',#12301,#9837,#9838);
#8906=AXIS2_PLACEMENT_3D('',#12303,#9839,#9840);
#8907=AXIS2_PLACEMENT_3D('',#12306,#9842,#9843);
#8908=AXIS2_PLACEMENT_3D('',#12307,#9844,#9845);
#8909=AXIS2_PLACEMENT_3D('',#12309,#9846,#9847);
#8910=AXIS2_PLACEMENT_3D('',#12312,#9849,#9850);
#8911=AXIS2_PLACEMENT_3D('',#12313,#9851,#9852);
#8912=AXIS2_PLACEMENT_3D('',#12315,#9853,#9854);
#8913=AXIS2_PLACEMENT_3D('',#12318,#9856,#9857);
#8914=AXIS2_PLACEMENT_3D('',#12319,#9858,#9859);
#8915=AXIS2_PLACEMENT_3D('',#12322,#9860,#9861);
#8916=AXIS2_PLACEMENT_3D('',#12333,#9862,#9863);
#8917=AXIS2_PLACEMENT_3D('',#12344,#9864,#9865);
#8918=AXIS2_PLACEMENT_3D('',#12345,#9866,#9867);
#8919=AXIS2_PLACEMENT_3D('',#12347,#9868,#9869);
#8920=AXIS2_PLACEMENT_3D('',#12358,#9870,#9871);
#8921=AXIS2_PLACEMENT_3D('',#12367,#9872,#9873);
#8922=AXIS2_PLACEMENT_3D('',#12370,#9875,#9876);
#8923=AXIS2_PLACEMENT_3D('',#12371,#9877,#9878);
#8924=AXIS2_PLACEMENT_3D('',#12373,#9879,#9880);
#8925=AXIS2_PLACEMENT_3D('',#12376,#9882,#9883);
#8926=AXIS2_PLACEMENT_3D('',#12377,#9884,#9885);
#8927=AXIS2_PLACEMENT_3D('',#12380,#9886,#9887);
#8928=AXIS2_PLACEMENT_3D('',#12383,#9889,#9890);
#8929=AXIS2_PLACEMENT_3D('',#12384,#9891,#9892);
#8930=AXIS2_PLACEMENT_3D('',#12385,#9893,#9894);
#8931=AXIS2_PLACEMENT_3D('',#12388,#9896,#9897);
#8932=AXIS2_PLACEMENT_3D('',#12389,#9898,#9899);
#8933=AXIS2_PLACEMENT_3D('',#12392,#9901,#9902);
#8934=AXIS2_PLACEMENT_3D('',#12393,#9903,#9904);
#8935=AXIS2_PLACEMENT_3D('',#12395,#9905,#9906);
#8936=AXIS2_PLACEMENT_3D('',#12398,#9908,#9909);
#8937=AXIS2_PLACEMENT_3D('',#12399,#9910,#9911);
#8938=AXIS2_PLACEMENT_3D('',#12402,#9912,#9913);
#8939=AXIS2_PLACEMENT_3D('',#12413,#9914,#9915);
#8940=AXIS2_PLACEMENT_3D('',#12424,#9916,#9917);
#8941=AXIS2_PLACEMENT_3D('',#12425,#9918,#9919);
#8942=AXIS2_PLACEMENT_3D('',#12427,#9920,#9921);
#8943=AXIS2_PLACEMENT_3D('',#12438,#9922,#9923);
#8944=AXIS2_PLACEMENT_3D('',#12447,#9924,#9925);
#8945=AXIS2_PLACEMENT_3D('',#12450,#9927,#9928);
#8946=AXIS2_PLACEMENT_3D('',#12451,#9929,#9930);
#8947=AXIS2_PLACEMENT_3D('',#12453,#9931,#9932);
#8948=AXIS2_PLACEMENT_3D('',#12456,#9934,#9935);
#8949=AXIS2_PLACEMENT_3D('',#12457,#9936,#9937);
#8950=AXIS2_PLACEMENT_3D('',#12460,#9938,#9939);
#8951=AXIS2_PLACEMENT_3D('',#12463,#9941,#9942);
#8952=AXIS2_PLACEMENT_3D('',#12464,#9943,#9944);
#8953=AXIS2_PLACEMENT_3D('',#12465,#9945,#9946);
#8954=AXIS2_PLACEMENT_3D('',#12468,#9948,#9949);
#8955=AXIS2_PLACEMENT_3D('',#12469,#9950,#9951);
#8956=AXIS2_PLACEMENT_3D('',#12472,#9953,#9954);
#8957=AXIS2_PLACEMENT_3D('',#12473,#9955,#9956);
#8958=AXIS2_PLACEMENT_3D('',#12475,#9957,#9958);
#8959=AXIS2_PLACEMENT_3D('',#12478,#9960,#9961);
#8960=AXIS2_PLACEMENT_3D('',#12479,#9962,#9963);
#8961=AXIS2_PLACEMENT_3D('',#12482,#9965,#9966);
#8962=AXIS2_PLACEMENT_3D('',#12483,#9967,#9968);
#8963=AXIS2_PLACEMENT_3D('',#12486,#9970,#9971);
#8964=AXIS2_PLACEMENT_3D('',#12487,#9972,#9973);
#8965=AXIS2_PLACEMENT_3D('',#12489,#9974,#9975);
#8966=AXIS2_PLACEMENT_3D('',#12492,#9977,#9978);
#8967=AXIS2_PLACEMENT_3D('',#12493,#9979,#9980);
#8968=AXIS2_PLACEMENT_3D('',#12496,#9982,#9983);
#8969=AXIS2_PLACEMENT_3D('',#12497,#9984,#9985);
#8970=AXIS2_PLACEMENT_3D('',#12500,#9987,#9988);
#8971=AXIS2_PLACEMENT_3D('',#12501,#9989,#9990);
#8972=AXIS2_PLACEMENT_3D('',#12503,#9991,#9992);
#8973=AXIS2_PLACEMENT_3D('',#12506,#9994,#9995);
#8974=AXIS2_PLACEMENT_3D('',#12507,#9996,#9997);
#8975=AXIS2_PLACEMENT_3D('',#12510,#9999,#10000);
#8976=AXIS2_PLACEMENT_3D('',#12511,#10001,#10002);
#8977=AXIS2_PLACEMENT_3D('',#12514,#10004,#10005);
#8978=AXIS2_PLACEMENT_3D('',#12515,#10006,#10007);
#8979=AXIS2_PLACEMENT_3D('',#12517,#10008,#10009);
#8980=AXIS2_PLACEMENT_3D('',#12520,#10011,#10012);
#8981=AXIS2_PLACEMENT_3D('',#12521,#10013,#10014);
#8982=AXIS2_PLACEMENT_3D('',#12524,#10016,#10017);
#8983=AXIS2_PLACEMENT_3D('',#12525,#10018,#10019);
#8984=AXIS2_PLACEMENT_3D('',#12528,#10021,#10022);
#8985=AXIS2_PLACEMENT_3D('',#12529,#10023,#10024);
#8986=AXIS2_PLACEMENT_3D('',#12532,#10025,#10026);
#8987=AXIS2_PLACEMENT_3D('',#12536,#10028,#10029);
#8988=AXIS2_PLACEMENT_3D('',#12540,#10031,#10032);
#8989=AXIS2_PLACEMENT_3D('',#12544,#10034,#10035);
#8990=AXIS2_PLACEMENT_3D('',#12546,#10037,#10038);
#8991=AXIS2_PLACEMENT_3D('',#12547,#10039,#10040);
#8992=AXIS2_PLACEMENT_3D('',#12548,#10041,#10042);
#8993=AXIS2_PLACEMENT_3D('',#12557,#10047,#10048);
#8994=AXIS2_PLACEMENT_3D('',#12566,#10053,#10054);
#8995=AXIS2_PLACEMENT_3D('',#12583,#10063,#10064);
#8996=AXIS2_PLACEMENT_3D('',#12600,#10073,#10074);
#8997=AXIS2_PLACEMENT_3D('',#12610,#10080,#10081);
#8998=AXIS2_PLACEMENT_3D('',#12620,#10087,#10088);
#8999=AXIS2_PLACEMENT_3D('',#12629,#10093,#10094);
#9000=AXIS2_PLACEMENT_3D('',#12630,#10095,#10096);
#9001=AXIS2_PLACEMENT_3D('',#12639,#10101,#10102);
#9002=AXIS2_PLACEMENT_3D('',#12640,#10103,#10104);
#9003=AXIS2_PLACEMENT_3D('',#12649,#10109,#10110);
#9004=AXIS2_PLACEMENT_3D('',#12658,#10115,#10116);
#9005=AXIS2_PLACEMENT_3D('',#12662,#10119,#10120);
#9006=AXIS2_PLACEMENT_3D('',#12666,#10123,#10124);
#9007=AXIS2_PLACEMENT_3D('',#12671,#10126,#10127);
#9008=AXIS2_PLACEMENT_3D('',#12674,#10129,#10130);
#9009=AXIS2_PLACEMENT_3D('',#12679,#10132,#10133);
#9010=AXIS2_PLACEMENT_3D('',#12682,#10135,#10136);
#9011=AXIS2_PLACEMENT_3D('',#12683,#10137,#10138);
#9012=AXIS2_PLACEMENT_3D('',#12694,#10145,#10146);
#9013=AXIS2_PLACEMENT_3D('',#12699,#10151,#10152);
#9014=AXIS2_PLACEMENT_3D('',#12710,#10159,#10160);
#9015=AXIS2_PLACEMENT_3D('',#12715,#10165,#10166);
#9016=AXIS2_PLACEMENT_3D('',#12716,#10167,#10168);
#9017=AXIS2_PLACEMENT_3D('',#12717,#10169,#10170);
#9018=AXIS2_PLACEMENT_3D('',#12718,#10171,#10172);
#9019=AXIS2_PLACEMENT_3D('',#12719,#10173,#10174);
#9020=AXIS2_PLACEMENT_3D('',#12720,#10175,#10176);
#9021=AXIS2_PLACEMENT_3D('',#12721,#10177,#10178);
#9022=AXIS2_PLACEMENT_3D('',#12724,#10181,#10182);
#9023=AXIS2_PLACEMENT_3D('',#12726,#10184,#10185);
#9024=AXIS2_PLACEMENT_3D('',#12728,#10187,#10188);
#9025=AXIS2_PLACEMENT_3D('',#12729,#10189,#10190);
#9026=AXIS2_PLACEMENT_3D('',#12736,#10195,#10196);
#9027=AXIS2_PLACEMENT_3D('',#12747,#10203,#10204);
#9028=AXIS2_PLACEMENT_3D('',#12749,#10206,#10207);
#9029=AXIS2_PLACEMENT_3D('',#12751,#10209,#10210);
#9030=AXIS2_PLACEMENT_3D('',#12754,#10213,#10214);
#9031=AXIS2_PLACEMENT_3D('',#12757,#10217,#10218);
#9032=AXIS2_PLACEMENT_3D('',#12758,#10219,#10220);
#9033=AXIS2_PLACEMENT_3D('',#12759,#10221,#10222);
#9034=AXIS2_PLACEMENT_3D('',#12760,#10223,#10224);
#9035=AXIS2_PLACEMENT_3D('',#12761,#10225,#10226);
#9036=AXIS2_PLACEMENT_3D('',#12762,#10227,#10228);
#9037=AXIS2_PLACEMENT_3D('',#12763,#10229,#10230);
#9038=AXIS2_PLACEMENT_3D('',#12773,#10236,#10237);
#9039=AXIS2_PLACEMENT_3D('',#12774,#10238,#10239);
#9040=AXIS2_PLACEMENT_3D('',#12775,#10240,#10241);
#9041=AXIS2_PLACEMENT_3D('',#12785,#10247,#10248);
#9042=AXIS2_PLACEMENT_3D('',#12791,#10252,#10253);
#9043=AXIS2_PLACEMENT_3D('',#12795,#10256,#10257);
#9044=AXIS2_PLACEMENT_3D('',#12799,#10260,#10261);
#9045=AXIS2_PLACEMENT_3D('',#12805,#10265,#10266);
#9046=AXIS2_PLACEMENT_3D('',#12809,#10269,#10270);
#9047=AXIS2_PLACEMENT_3D('',#12813,#10273,#10274);
#9048=AXIS2_PLACEMENT_3D('',#12815,#10276,#10277);
#9049=AXIS2_PLACEMENT_3D('',#12817,#10279,#10280);
#9050=AXIS2_PLACEMENT_3D('',#12819,#10282,#10283);
#9051=AXIS2_PLACEMENT_3D('',#12821,#10285,#10286);
#9052=AXIS2_PLACEMENT_3D('',#12822,#10287,#10288);
#9053=AXIS2_PLACEMENT_3D('',#12828,#10292,#10293);
#9054=AXIS2_PLACEMENT_3D('',#12832,#10296,#10297);
#9055=AXIS2_PLACEMENT_3D('',#12836,#10300,#10301);
#9056=AXIS2_PLACEMENT_3D('',#12842,#10305,#10306);
#9057=AXIS2_PLACEMENT_3D('',#12846,#10309,#10310);
#9058=AXIS2_PLACEMENT_3D('',#12850,#10313,#10314);
#9059=AXIS2_PLACEMENT_3D('',#12852,#10316,#10317);
#9060=AXIS2_PLACEMENT_3D('',#12854,#10319,#10320);
#9061=AXIS2_PLACEMENT_3D('',#12856,#10322,#10323);
#9062=AXIS2_PLACEMENT_3D('',#12858,#10325,#10326);
#9063=AXIS2_PLACEMENT_3D('',#12859,#10327,#10328);
#9064=AXIS2_PLACEMENT_3D('',#12862,#10331,#10332);
#9065=AXIS2_PLACEMENT_3D('',#12864,#10334,#10335);
#9066=AXIS2_PLACEMENT_3D('',#12866,#10337,#10338);
#9067=AXIS2_PLACEMENT_3D('',#12867,#10339,#10340);
#9068=AXIS2_PLACEMENT_3D('',#12870,#10343,#10344);
#9069=AXIS2_PLACEMENT_3D('',#12872,#10346,#10347);
#9070=AXIS2_PLACEMENT_3D('',#12874,#10349,#10350);
#9071=AXIS2_PLACEMENT_3D('',#12875,#10351,#10352);
#9072=AXIS2_PLACEMENT_3D('',#12876,#10353,#10354);
#9073=AXIS2_PLACEMENT_3D('',#12877,#10355,#10356);
#9074=AXIS2_PLACEMENT_3D('',#12878,#10357,#10358);
#9075=AXIS2_PLACEMENT_3D('',#12879,#10359,#10360);
#9076=AXIS2_PLACEMENT_3D('',#12881,#10361,#10362);
#9077=AXIS2_PLACEMENT_3D('',#12884,#10364,#10365);
#9078=AXIS2_PLACEMENT_3D('',#12885,#10366,#10367);
#9079=AXIS2_PLACEMENT_3D('',#12887,#10368,#10369);
#9080=AXIS2_PLACEMENT_3D('',#12890,#10371,#10372);
#9081=AXIS2_PLACEMENT_3D('',#12891,#10373,#10374);
#9082=AXIS2_PLACEMENT_3D('',#12893,#10375,#10376);
#9083=AXIS2_PLACEMENT_3D('',#12896,#10378,#10379);
#9084=AXIS2_PLACEMENT_3D('',#12897,#10380,#10381);
#9085=AXIS2_PLACEMENT_3D('',#12900,#10382,#10383);
#9086=AXIS2_PLACEMENT_3D('',#12904,#10385,#10386);
#9087=AXIS2_PLACEMENT_3D('',#12906,#10388,#10389);
#9088=AXIS2_PLACEMENT_3D('',#12908,#10390,#10391);
#9089=AXIS2_PLACEMENT_3D('',#12911,#10393,#10394);
#9090=AXIS2_PLACEMENT_3D('',#12912,#10395,#10396);
#9091=AXIS2_PLACEMENT_3D('',#12915,#10397,#10398);
#9092=AXIS2_PLACEMENT_3D('',#12922,#10399,#10400);
#9093=AXIS2_PLACEMENT_3D('',#12927,#10401,#10402);
#9094=AXIS2_PLACEMENT_3D('',#12929,#10403,#10404);
#9095=AXIS2_PLACEMENT_3D('',#12931,#10405,#10406);
#9096=AXIS2_PLACEMENT_3D('',#12933,#10407,#10408);
#9097=AXIS2_PLACEMENT_3D('',#12956,#10409,#10410);
#9098=AXIS2_PLACEMENT_3D('',#12978,#10411,#10412);
#9099=AXIS2_PLACEMENT_3D('',#12979,#10413,#10414);
#9100=AXIS2_PLACEMENT_3D('',#12982,#10415,#10416);
#9101=AXIS2_PLACEMENT_3D('',#12989,#10417,#10418);
#9102=AXIS2_PLACEMENT_3D('',#12994,#10419,#10420);
#9103=AXIS2_PLACEMENT_3D('',#12996,#10421,#10422);
#9104=AXIS2_PLACEMENT_3D('',#12998,#10423,#10424);
#9105=AXIS2_PLACEMENT_3D('',#13000,#10425,#10426);
#9106=AXIS2_PLACEMENT_3D('',#13023,#10427,#10428);
#9107=AXIS2_PLACEMENT_3D('',#13045,#10429,#10430);
#9108=AXIS2_PLACEMENT_3D('',#13046,#10431,#10432);
#9109=AXIS2_PLACEMENT_3D('',#13049,#10433,#10434);
#9110=AXIS2_PLACEMENT_3D('',#13052,#10436,#10437);
#9111=AXIS2_PLACEMENT_3D('',#13053,#10438,#10439);
#9112=AXIS2_PLACEMENT_3D('',#13054,#10440,#10441);
#9113=AXIS2_PLACEMENT_3D('',#13057,#10443,#10444);
#9114=AXIS2_PLACEMENT_3D('',#13058,#10445,#10446);
#9115=AXIS2_PLACEMENT_3D('',#13061,#10447,#10448);
#9116=AXIS2_PLACEMENT_3D('',#13064,#10450,#10451);
#9117=AXIS2_PLACEMENT_3D('',#13065,#10452,#10453);
#9118=AXIS2_PLACEMENT_3D('',#13066,#10454,#10455);
#9119=AXIS2_PLACEMENT_3D('',#13069,#10457,#10458);
#9120=AXIS2_PLACEMENT_3D('',#13070,#10459,#10460);
#9121=AXIS2_PLACEMENT_3D('',#13072,#10461,#10462);
#9122=AXIS2_PLACEMENT_3D('',#13075,#10464,#10465);
#9123=AXIS2_PLACEMENT_3D('',#13076,#10466,#10467);
#9124=AXIS2_PLACEMENT_3D('',#13078,#10468,#10469);
#9125=AXIS2_PLACEMENT_3D('',#13081,#10471,#10472);
#9126=AXIS2_PLACEMENT_3D('',#13082,#10473,#10474);
#9127=AXIS2_PLACEMENT_3D('',#13084,#10475,#10476);
#9128=AXIS2_PLACEMENT_3D('',#13087,#10478,#10479);
#9129=AXIS2_PLACEMENT_3D('',#13088,#10480,#10481);
#9130=AXIS2_PLACEMENT_3D('',#13090,#10482,#10483);
#9131=AXIS2_PLACEMENT_3D('',#13093,#10485,#10486);
#9132=AXIS2_PLACEMENT_3D('',#13094,#10487,#10488);
#9133=AXIS2_PLACEMENT_3D('',#13097,#10490,#10491);
#9134=AXIS2_PLACEMENT_3D('',#13098,#10492,#10493);
#9135=AXIS2_PLACEMENT_3D('',#13100,#10494,#10495);
#9136=AXIS2_PLACEMENT_3D('',#13103,#10497,#10498);
#9137=AXIS2_PLACEMENT_3D('',#13104,#10499,#10500);
#9138=AXIS2_PLACEMENT_3D('',#13106,#10501,#10502);
#9139=AXIS2_PLACEMENT_3D('',#13109,#10504,#10505);
#9140=AXIS2_PLACEMENT_3D('',#13110,#10506,#10507);
#9141=AXIS2_PLACEMENT_3D('',#13113,#10509,#10510);
#9142=AXIS2_PLACEMENT_3D('',#13114,#10511,#10512);
#9143=AXIS2_PLACEMENT_3D('',#13116,#10513,#10514);
#9144=AXIS2_PLACEMENT_3D('',#13119,#10516,#10517);
#9145=AXIS2_PLACEMENT_3D('',#13120,#10518,#10519);
#9146=AXIS2_PLACEMENT_3D('',#13122,#10520,#10521);
#9147=AXIS2_PLACEMENT_3D('',#13125,#10523,#10524);
#9148=AXIS2_PLACEMENT_3D('',#13126,#10525,#10526);
#9149=AXIS2_PLACEMENT_3D('',#13131,#10528,#10529);
#9150=AXIS2_PLACEMENT_3D('',#13136,#10532,#10533);
#9151=AXIS2_PLACEMENT_3D('',#13156,#10534,#10535);
#9152=AXIS2_PLACEMENT_3D('',#13179,#10537,#10538);
#9153=AXIS2_PLACEMENT_3D('',#13183,#10540,#10541);
#9154=AXIS2_PLACEMENT_3D('',#13185,#10543,#10544);
#9155=AXIS2_PLACEMENT_3D('',#13187,#10545,#10546);
#9156=AXIS2_PLACEMENT_3D('',#13190,#10548,#10549);
#9157=AXIS2_PLACEMENT_3D('',#13191,#10550,#10551);
#9158=AXIS2_PLACEMENT_3D('',#13193,#10552,#10553);
#9159=AXIS2_PLACEMENT_3D('',#13196,#10555,#10556);
#9160=AXIS2_PLACEMENT_3D('',#13197,#10557,#10558);
#9161=AXIS2_PLACEMENT_3D('',#13199,#10559,#10560);
#9162=AXIS2_PLACEMENT_3D('',#13202,#10562,#10563);
#9163=AXIS2_PLACEMENT_3D('',#13203,#10564,#10565);
#9164=AXIS2_PLACEMENT_3D('',#13205,#10566,#10567);
#9165=AXIS2_PLACEMENT_3D('',#13208,#10569,#10570);
#9166=AXIS2_PLACEMENT_3D('',#13209,#10571,#10572);
#9167=AXIS2_PLACEMENT_3D('',#13211,#10573,#10574);
#9168=AXIS2_PLACEMENT_3D('',#13214,#10576,#10577);
#9169=AXIS2_PLACEMENT_3D('',#13215,#10578,#10579);
#9170=AXIS2_PLACEMENT_3D('',#13217,#10580,#10581);
#9171=AXIS2_PLACEMENT_3D('',#13220,#10583,#10584);
#9172=AXIS2_PLACEMENT_3D('',#13221,#10585,#10586);
#9173=AXIS2_PLACEMENT_3D('',#13223,#10587,#10588);
#9174=AXIS2_PLACEMENT_3D('',#13226,#10590,#10591);
#9175=AXIS2_PLACEMENT_3D('',#13227,#10592,#10593);
#9176=AXIS2_PLACEMENT_3D('',#13229,#10594,#10595);
#9177=AXIS2_PLACEMENT_3D('',#13232,#10597,#10598);
#9178=AXIS2_PLACEMENT_3D('',#13233,#10599,#10600);
#9179=AXIS2_PLACEMENT_3D('',#13235,#10601,#10602);
#9180=AXIS2_PLACEMENT_3D('',#13238,#10604,#10605);
#9181=AXIS2_PLACEMENT_3D('',#13239,#10606,#10607);
#9182=AXIS2_PLACEMENT_3D('',#13241,#10608,#10609);
#9183=AXIS2_PLACEMENT_3D('',#13244,#10611,#10612);
#9184=AXIS2_PLACEMENT_3D('',#13245,#10613,#10614);
#9185=AXIS2_PLACEMENT_3D('',#13247,#10615,#10616);
#9186=AXIS2_PLACEMENT_3D('',#13250,#10618,#10619);
#9187=AXIS2_PLACEMENT_3D('',#13251,#10620,#10621);
#9188=AXIS2_PLACEMENT_3D('',#13253,#10622,#10623);
#9189=AXIS2_PLACEMENT_3D('',#13256,#10625,#10626);
#9190=AXIS2_PLACEMENT_3D('',#13257,#10627,#10628);
#9191=AXIS2_PLACEMENT_3D('',#13260,#10629,#10630);
#9192=AXIS2_PLACEMENT_3D('',#13264,#10632,#10633);
#9193=AXIS2_PLACEMENT_3D('',#13266,#10635,#10636);
#9194=AXIS2_PLACEMENT_3D('',#13269,#10637,#10638);
#9195=AXIS2_PLACEMENT_3D('',#13273,#10640,#10641);
#9196=AXIS2_PLACEMENT_3D('',#13277,#10643,#10644);
#9197=AXIS2_PLACEMENT_3D('',#13281,#10646,#10647);
#9198=AXIS2_PLACEMENT_3D('',#13283,#10649,#10650);
#9199=AXIS2_PLACEMENT_3D('',#13286,#10651,#10652);
#9200=AXIS2_PLACEMENT_3D('',#13289,#10654,#10655);
#9201=AXIS2_PLACEMENT_3D('',#13291,#10656,#10657);
#9202=AXIS2_PLACEMENT_3D('',#13293,#10659,#10660);
#9203=AXIS2_PLACEMENT_3D('',#13296,#10661,#10662);
#9204=AXIS2_PLACEMENT_3D('',#13300,#10664,#10665);
#9205=AXIS2_PLACEMENT_3D('',#13302,#10667,#10668);
#9206=AXIS2_PLACEMENT_3D('',#13305,#10669,#10670);
#9207=AXIS2_PLACEMENT_3D('',#13314,#10671,#10672);
#9208=AXIS2_PLACEMENT_3D('',#13317,#10673,#10674);
#9209=AXIS2_PLACEMENT_3D('',#13324,#10675,#10676);
#9210=AXIS2_PLACEMENT_3D('',#13327,#10677,#10678);
#9211=AXIS2_PLACEMENT_3D('',#13330,#10680,#10681);
#9212=AXIS2_PLACEMENT_3D('',#13332,#10682,#10683);
#9213=AXIS2_PLACEMENT_3D('',#13334,#10685,#10686);
#9214=AXIS2_PLACEMENT_3D('',#13337,#10687,#10688);
#9215=AXIS2_PLACEMENT_3D('',#13341,#10690,#10691);
#9216=AXIS2_PLACEMENT_3D('',#13343,#10693,#10694);
#9217=AXIS2_PLACEMENT_3D('',#13346,#10695,#10696);
#9218=AXIS2_PLACEMENT_3D('',#13355,#10697,#10698);
#9219=AXIS2_PLACEMENT_3D('',#13358,#10699,#10700);
#9220=AXIS2_PLACEMENT_3D('',#13365,#10701,#10702);
#9221=AXIS2_PLACEMENT_3D('',#13366,#10703,#10704);
#9222=AXIS2_PLACEMENT_3D('',#13367,#10705,#10706);
#9223=AXIS2_PLACEMENT_3D('',#13372,#10708,#10709);
#9224=AXIS2_PLACEMENT_3D('',#13382,#10714,#10715);
#9225=AXIS2_PLACEMENT_3D('',#13392,#10720,#10721);
#9226=AXIS2_PLACEMENT_3D('',#13400,#10725,#10726);
#9227=AXIS2_PLACEMENT_3D('',#13406,#10730,#10731);
#9228=AXIS2_PLACEMENT_3D('',#13416,#10737,#10738);
#9229=AXIS2_PLACEMENT_3D('',#13423,#10743,#10744);
#9230=AXIS2_PLACEMENT_3D('',#13435,#10750,#10751);
#9231=AXIS2_PLACEMENT_3D('',#13445,#10756,#10757);
#9232=AXIS2_PLACEMENT_3D('',#13458,#10764,#10765);
#9233=AXIS2_PLACEMENT_3D('',#13459,#10766,#10767);
#9234=AXIS2_PLACEMENT_3D('',#13467,#10772,#10773);
#9235=AXIS2_PLACEMENT_3D('',#13472,#10777,#10778);
#9236=AXIS2_PLACEMENT_3D('',#13474,#10780,#10781);
#9237=AXIS2_PLACEMENT_3D('',#13483,#10782,#10783);
#9238=AXIS2_PLACEMENT_3D('',#13485,#10785,#10786);
#9239=AXIS2_PLACEMENT_3D('',#13494,#10787,#10788);
#9240=AXIS2_PLACEMENT_3D('',#13577,#10831,#10832);
#9241=AXIS2_PLACEMENT_3D('',#13578,#10833,#10834);
#9242=AXIS2_PLACEMENT_3D('',#13579,#10835,#10836);
#9243=AXIS2_PLACEMENT_3D('',#13587,#10842,#10843);
#9244=AXIS2_PLACEMENT_3D('',#13595,#10849,#10850);
#9245=AXIS2_PLACEMENT_3D('',#13600,#10852,#10853);
#9246=AXIS2_PLACEMENT_3D('',#13604,#10856,#10857);
#9247=AXIS2_PLACEMENT_3D('',#13605,#10858,#10859);
#9248=AXIS2_PLACEMENT_3D('',#13612,#10862,#10863);
#9249=AXIS2_PLACEMENT_3D('',#13614,#10865,#10866);
#9250=AXIS2_PLACEMENT_3D('',#13615,#10867,#10868);
#9251=AXIS2_PLACEMENT_3D('',#13617,#10869,#10870);
#9252=AXIS2_PLACEMENT_3D('',#13620,#10872,#10873);
#9253=AXIS2_PLACEMENT_3D('',#13621,#10874,#10875);
#9254=AXIS2_PLACEMENT_3D('',#13623,#10876,#10877);
#9255=AXIS2_PLACEMENT_3D('',#13626,#10879,#10880);
#9256=AXIS2_PLACEMENT_3D('',#13627,#10881,#10882);
#9257=AXIS2_PLACEMENT_3D('',#13630,#10883,#10884);
#9258=AXIS2_PLACEMENT_3D('',#13634,#10886,#10887);
#9259=AXIS2_PLACEMENT_3D('',#13638,#10889,#10890);
#9260=AXIS2_PLACEMENT_3D('',#13642,#10892,#10893);
#9261=AXIS2_PLACEMENT_3D('',#13652,#10899,#10900);
#9262=AXIS2_PLACEMENT_3D('',#13655,#10901,#10902);
#9263=AXIS2_PLACEMENT_3D('',#13667,#10908,#10909);
#9264=AXIS2_PLACEMENT_3D('',#13671,#10911,#10912);
#9265=AXIS2_PLACEMENT_3D('',#13675,#10914,#10915);
#9266=AXIS2_PLACEMENT_3D('',#13677,#10917,#10918);
#9267=AXIS2_PLACEMENT_3D('',#13680,#10919,#10920);
#9268=AXIS2_PLACEMENT_3D('',#13684,#10922,#10923);
#9269=AXIS2_PLACEMENT_3D('',#13688,#10925,#10926);
#9270=AXIS2_PLACEMENT_3D('',#13692,#10928,#10929);
#9271=AXIS2_PLACEMENT_3D('',#13702,#10935,#10936);
#9272=AXIS2_PLACEMENT_3D('',#13705,#10937,#10938);
#9273=AXIS2_PLACEMENT_3D('',#13717,#10944,#10945);
#9274=AXIS2_PLACEMENT_3D('',#13721,#10947,#10948);
#9275=AXIS2_PLACEMENT_3D('',#13725,#10950,#10951);
#9276=AXIS2_PLACEMENT_3D('',#13727,#10953,#10954);
#9277=AXIS2_PLACEMENT_3D('',#13730,#10955,#10956);
#9278=AXIS2_PLACEMENT_3D('',#13734,#10958,#10959);
#9279=AXIS2_PLACEMENT_3D('',#13738,#10961,#10962);
#9280=AXIS2_PLACEMENT_3D('',#13742,#10964,#10965);
#9281=AXIS2_PLACEMENT_3D('',#13752,#10971,#10972);
#9282=AXIS2_PLACEMENT_3D('',#13755,#10973,#10974);
#9283=AXIS2_PLACEMENT_3D('',#13767,#10980,#10981);
#9284=AXIS2_PLACEMENT_3D('',#13771,#10983,#10984);
#9285=AXIS2_PLACEMENT_3D('',#13775,#10986,#10987);
#9286=AXIS2_PLACEMENT_3D('',#13777,#10989,#10990);
#9287=AXIS2_PLACEMENT_3D('',#13784,#10993,#10994);
#9288=AXIS2_PLACEMENT_3D('',#13788,#10996,#10997);
#9289=AXIS2_PLACEMENT_3D('',#13790,#10999,#11000);
#9290=AXIS2_PLACEMENT_3D('',#13797,#11003,#11004);
#9291=AXIS2_PLACEMENT_3D('',#13801,#11006,#11007);
#9292=AXIS2_PLACEMENT_3D('',#13803,#11009,#11010);
#9293=AXIS2_PLACEMENT_3D('',#13837,#11027,#11028);
#9294=AXIS2_PLACEMENT_3D('',#13876,#11048,#11049);
#9295=AXIS2_PLACEMENT_3D('',#13898,#11061,#11062);
#9296=AXIS2_PLACEMENT_3D('',#13907,#11067,#11068);
#9297=AXIS2_PLACEMENT_3D('',#13911,#11070,#11071);
#9298=AXIS2_PLACEMENT_3D('',#13926,#11084,#11085);
#9299=AXIS2_PLACEMENT_3D('',#13936,#11091,#11092);
#9300=AXIS2_PLACEMENT_3D('',#13940,#11094,#11095);
#9301=AXIS2_PLACEMENT_3D('',#13950,#11103,#11104);
#9302=AXIS2_PLACEMENT_3D('',#13955,#11106,#11107);
#9303=AXIS2_PLACEMENT_3D('',#13963,#11111,#11112);
#9304=AXIS2_PLACEMENT_3D('',#13967,#11115,#11116);
#9305=AXIS2_PLACEMENT_3D('',#13972,#11118,#11119);
#9306=AXIS2_PLACEMENT_3D('',#13978,#11122,#11123);
#9307=AXIS2_PLACEMENT_3D('',#13984,#11127,#11128);
#9308=AXIS2_PLACEMENT_3D('',#13985,#11129,#11130);
#9309=AXIS2_PLACEMENT_3D('',#13989,#11132,#11133);
#9310=AXIS2_PLACEMENT_3D('',#13991,#11134,#11135);
#9311=AXIS2_PLACEMENT_3D('',#13993,#11136,#11137);
#9312=AXIS2_PLACEMENT_3D('',#13995,#11139,#11140);
#9313=AXIS2_PLACEMENT_3D('',#13999,#11142,#11143);
#9314=AXIS2_PLACEMENT_3D('',#14001,#11144,#11145);
#9315=AXIS2_PLACEMENT_3D('',#14003,#11146,#11147);
#9316=AXIS2_PLACEMENT_3D('',#14005,#11149,#11150);
#9317=AXIS2_PLACEMENT_3D('',#14011,#11153,#11154);
#9318=AXIS2_PLACEMENT_3D('',#14013,#11155,#11156);
#9319=AXIS2_PLACEMENT_3D('',#14014,#11157,#11158);
#9320=AXIS2_PLACEMENT_3D('',#14015,#11159,#11160);
#9321=AXIS2_PLACEMENT_3D('',#14019,#11162,#11163);
#9322=AXIS2_PLACEMENT_3D('',#14021,#11164,#11165);
#9323=AXIS2_PLACEMENT_3D('',#14023,#11166,#11167);
#9324=AXIS2_PLACEMENT_3D('',#14025,#11169,#11170);
#9325=AXIS2_PLACEMENT_3D('',#14030,#11174,#11175);
#9326=AXIS2_PLACEMENT_3D('',#14035,#11179,#11180);
#9327=AXIS2_PLACEMENT_3D('',#14040,#11184,#11185);
#9328=AXIS2_PLACEMENT_3D('',#14045,#11189,#11190);
#9329=AXIS2_PLACEMENT_3D('',#14048,#11193,#11194);
#9330=AXIS2_PLACEMENT_3D('',#14049,#11195,#11196);
#9331=AXIS2_PLACEMENT_3D('',#14051,#11198,#11199);
#9332=AXIS2_PLACEMENT_3D('',#14053,#11201,#11202);
#9333=AXIS2_PLACEMENT_3D('',#14054,#11203,#11204);
#9334=AXIS2_PLACEMENT_3D('',#14057,#11207,#11208);
#9335=AXIS2_PLACEMENT_3D('',#14058,#11209,#11210);
#9336=AXIS2_PLACEMENT_3D('',#14060,#11212,#11213);
#9337=AXIS2_PLACEMENT_3D('',#14062,#11215,#11216);
#9338=AXIS2_PLACEMENT_3D('',#14063,#11217,#11218);
#9339=AXIS2_PLACEMENT_3D('',#14067,#11220,#11221);
#9340=AXIS2_PLACEMENT_3D('',#14069,#11223,#11224);
#9341=AXIS2_PLACEMENT_3D('',#14071,#11226,#11227);
#9342=AXIS2_PLACEMENT_3D('',#14073,#11229,#11230);
#9343=AXIS2_PLACEMENT_3D('',#14074,#11231,#11232);
#9344=AXIS2_PLACEMENT_3D('',#14075,#11233,#11234);
#9345=AXIS2_PLACEMENT_3D('',#14078,#11237,#11238);
#9346=AXIS2_PLACEMENT_3D('',#14082,#11240,#11241);
#9347=AXIS2_PLACEMENT_3D('',#14086,#11245,#11246);
#9348=AXIS2_PLACEMENT_3D('',#14088,#11248,#11249);
#9349=AXIS2_PLACEMENT_3D('',#14090,#11251,#11252);
#9350=AXIS2_PLACEMENT_3D('',#14091,#11253,#11254);
#9351=AXIS2_PLACEMENT_3D('',#14094,#11257,#11258);
#9352=AXIS2_PLACEMENT_3D('',#14097,#11261,#11262);
#9353=AXIS2_PLACEMENT_3D('',#14100,#11265,#11266);
#9354=AXIS2_PLACEMENT_3D('',#14103,#11269,#11270);
#9355=AXIS2_PLACEMENT_3D('',#14104,#11271,#11272);
#9356=AXIS2_PLACEMENT_3D('',#14105,#11273,#11274);
#9357=AXIS2_PLACEMENT_3D('',#14108,#11277,#11278);
#9358=AXIS2_PLACEMENT_3D('',#14110,#11280,#11281);
#9359=AXIS2_PLACEMENT_3D('',#14112,#11283,#11284);
#9360=AXIS2_PLACEMENT_3D('',#14114,#11286,#11287);
#9361=AXIS2_PLACEMENT_3D('',#14116,#11289,#11290);
#9362=AXIS2_PLACEMENT_3D('',#14117,#11291,#11292);
#9363=AXIS2_PLACEMENT_3D('',#14119,#11294,#11295);
#9364=AXIS2_PLACEMENT_3D('',#14120,#11296,#11297);
#9365=AXIS2_PLACEMENT_3D('',#14121,#11298,#11299);
#9366=AXIS2_PLACEMENT_3D('',#14123,#11301,#11302);
#9367=AXIS2_PLACEMENT_3D('',#14124,#11303,#11304);
#9368=AXIS2_PLACEMENT_3D('',#14126,#11306,#11307);
#9369=AXIS2_PLACEMENT_3D('',#14128,#11309,#11310);
#9370=AXIS2_PLACEMENT_3D('',#14130,#11312,#11313);
#9371=AXIS2_PLACEMENT_3D('',#14132,#11315,#11316);
#9372=AXIS2_PLACEMENT_3D('',#14134,#11318,#11319);
#9373=AXIS2_PLACEMENT_3D('',#14136,#11321,#11322);
#9374=AXIS2_PLACEMENT_3D('',#14137,#11323,#11324);
#9375=AXIS2_PLACEMENT_3D('',#14140,#11327,#11328);
#9376=AXIS2_PLACEMENT_3D('',#14142,#11330,#11331);
#9377=AXIS2_PLACEMENT_3D('',#14144,#11333,#11334);
#9378=AXIS2_PLACEMENT_3D('',#14145,#11335,#11336);
#9379=AXIS2_PLACEMENT_3D('',#14148,#11339,#11340);
#9380=AXIS2_PLACEMENT_3D('',#14150,#11342,#11343);
#9381=AXIS2_PLACEMENT_3D('',#14152,#11345,#11346);
#9382=AXIS2_PLACEMENT_3D('',#14153,#11347,#11348);
#9383=AXIS2_PLACEMENT_3D('',#14155,#11350,#11351);
#9384=AXIS2_PLACEMENT_3D('',#14157,#11353,#11354);
#9385=AXIS2_PLACEMENT_3D('',#14159,#11356,#11357);
#9386=AXIS2_PLACEMENT_3D('',#14161,#11359,#11360);
#9387=AXIS2_PLACEMENT_3D('',#14162,#11361,#11362);
#9388=AXIS2_PLACEMENT_3D('',#14163,#11363,#11364);
#9389=AXIS2_PLACEMENT_3D('',#14164,#11365,#11366);
#9390=AXIS2_PLACEMENT_3D('',#14165,#11367,#11368);
#9391=AXIS2_PLACEMENT_3D('',#14166,#11369,#11370);
#9392=AXIS2_PLACEMENT_3D('',#14167,#11371,#11372);
#9393=AXIS2_PLACEMENT_3D('',#14168,#11373,#11374);
#9394=AXIS2_PLACEMENT_3D('',#14170,#11376,#11377);
#9395=AXIS2_PLACEMENT_3D('',#14172,#11379,#11380);
#9396=AXIS2_PLACEMENT_3D('',#14174,#11382,#11383);
#9397=AXIS2_PLACEMENT_3D('',#14176,#11385,#11386);
#9398=AXIS2_PLACEMENT_3D('',#14177,#11387,#11388);
#9399=AXIS2_PLACEMENT_3D('',#14178,#11389,#11390);
#9400=AXIS2_PLACEMENT_3D('',#14179,#11391,#11392);
#9401=AXIS2_PLACEMENT_3D('',#14180,#11393,#11394);
#9402=AXIS2_PLACEMENT_3D('',#14181,#11395,#11396);
#9403=AXIS2_PLACEMENT_3D('',#14182,#11397,#11398);
#9404=AXIS2_PLACEMENT_3D('',#14183,#11399,#11400);
#9405=AXIS2_PLACEMENT_3D('',#14189,#11404,#11405);
#9406=AXIS2_PLACEMENT_3D('',#14193,#11408,#11409);
#9407=AXIS2_PLACEMENT_3D('',#14197,#11412,#11413);
#9408=AXIS2_PLACEMENT_3D('',#14199,#11415,#11416);
#9409=AXIS2_PLACEMENT_3D('',#14200,#11417,#11418);
#9410=AXIS2_PLACEMENT_3D('',#14206,#11422,#11423);
#9411=AXIS2_PLACEMENT_3D('',#14210,#11426,#11427);
#9412=AXIS2_PLACEMENT_3D('',#14214,#11430,#11431);
#9413=AXIS2_PLACEMENT_3D('',#14216,#11433,#11434);
#9414=AXIS2_PLACEMENT_3D('',#14217,#11435,#11436);
#9415=AXIS2_PLACEMENT_3D('',#14220,#11439,#11440);
#9416=AXIS2_PLACEMENT_3D('',#14221,#11441,#11442);
#9417=AXIS2_PLACEMENT_3D('',#14222,#11443,#11444);
#9418=AXIS2_PLACEMENT_3D('',#14225,#11447,#11448);
#9419=AXIS2_PLACEMENT_3D('',#14226,#11449,#11450);
#9420=AXIS2_PLACEMENT_3D('',#14227,#11451,#11452);
#9421=AXIS2_PLACEMENT_3D('',#14230,#11455,#11456);
#9422=AXIS2_PLACEMENT_3D('',#14231,#11457,#11458);
#9423=AXIS2_PLACEMENT_3D('',#14232,#11459,#11460);
#9424=AXIS2_PLACEMENT_3D('',#14234,#11462,#11463);
#9425=AXIS2_PLACEMENT_3D('',#14236,#11465,#11466);
#9426=AXIS2_PLACEMENT_3D('',#14238,#11468,#11469);
#9427=AXIS2_PLACEMENT_3D('',#14240,#11471,#11472);
#9428=AXIS2_PLACEMENT_3D('',#14242,#11474,#11475);
#9429=AXIS2_PLACEMENT_3D('',#14244,#11477,#11478);
#9430=AXIS2_PLACEMENT_3D('',#14245,#11479,#11480);
#9431=AXIS2_PLACEMENT_3D('',#14248,#11483,#11484);
#9432=AXIS2_PLACEMENT_3D('',#14250,#11486,#11487);
#9433=AXIS2_PLACEMENT_3D('',#14252,#11489,#11490);
#9434=AXIS2_PLACEMENT_3D('',#14254,#11492,#11493);
#9435=AXIS2_PLACEMENT_3D('',#14255,#11494,#11495);
#9436=AXIS2_PLACEMENT_3D('',#14257,#11497,#11498);
#9437=AXIS2_PLACEMENT_3D('',#14258,#11499,#11500);
#9438=AXIS2_PLACEMENT_3D('',#14261,#11503,#11504);
#9439=AXIS2_PLACEMENT_3D('',#14263,#11506,#11507);
#9440=AXIS2_PLACEMENT_3D('',#14265,#11509,#11510);
#9441=AXIS2_PLACEMENT_3D('',#14267,#11512,#11513);
#9442=AXIS2_PLACEMENT_3D('',#14268,#11514,#11515);
#9443=AXIS2_PLACEMENT_3D('',#14270,#11517,#11518);
#9444=AXIS2_PLACEMENT_3D('',#14271,#11519,#11520);
#9445=AXIS2_PLACEMENT_3D('',#14274,#11523,#11524);
#9446=AXIS2_PLACEMENT_3D('',#14277,#11527,#11528);
#9447=AXIS2_PLACEMENT_3D('',#14278,#11529,#11530);
#9448=AXIS2_PLACEMENT_3D('',#14279,#11531,#11532);
#9449=AXIS2_PLACEMENT_3D('',#14280,#11533,#11534);
#9450=AXIS2_PLACEMENT_3D('',#14281,#11535,#11536);
#9451=AXIS2_PLACEMENT_3D('',#14282,#11537,#11538);
#9452=AXIS2_PLACEMENT_3D('',#14283,#11539,#11540);
#9453=AXIS2_PLACEMENT_3D('',#14284,#11541,#11542);
#9454=AXIS2_PLACEMENT_3D('',#14285,#11543,#11544);
#9455=AXIS2_PLACEMENT_3D('',#14289,#11547,#11548);
#9456=AXIS2_PLACEMENT_3D('',#14293,#11551,#11552);
#9457=AXIS2_PLACEMENT_3D('',#14297,#11555,#11556);
#9458=AXIS2_PLACEMENT_3D('',#14301,#11559,#11560);
#9459=AXIS2_PLACEMENT_3D('',#14305,#11563,#11564);
#9460=AXIS2_PLACEMENT_3D('',#14309,#11567,#11568);
#9461=AXIS2_PLACEMENT_3D('',#14313,#11571,#11572);
#9462=AXIS2_PLACEMENT_3D('',#14317,#11575,#11576);
#9463=AXIS2_PLACEMENT_3D('',#14321,#11579,#11580);
#9464=AXIS2_PLACEMENT_3D('',#14325,#11583,#11584);
#9465=AXIS2_PLACEMENT_3D('',#14329,#11587,#11588);
#9466=AXIS2_PLACEMENT_3D('',#14333,#11591,#11592);
#9467=AXIS2_PLACEMENT_3D('',#14337,#11595,#11596);
#9468=AXIS2_PLACEMENT_3D('',#14341,#11599,#11600);
#9469=AXIS2_PLACEMENT_3D('',#14343,#11602,#11603);
#9470=AXIS2_PLACEMENT_3D('',#14376,#11620,#11621);
#9471=AXIS2_PLACEMENT_3D('',#14382,#11625,#11626);
#9472=AXIS2_PLACEMENT_3D('',#14386,#11629,#11630);
#9473=AXIS2_PLACEMENT_3D('',#14390,#11633,#11634);
#9474=AXIS2_PLACEMENT_3D('',#14394,#11637,#11638);
#9475=AXIS2_PLACEMENT_3D('',#14398,#11641,#11642);
#9476=AXIS2_PLACEMENT_3D('',#14402,#11645,#11646);
#9477=AXIS2_PLACEMENT_3D('',#14406,#11649,#11650);
#9478=AXIS2_PLACEMENT_3D('',#14408,#11652,#11653);
#9479=AXIS2_PLACEMENT_3D('',#14412,#11656,#11657);
#9480=AXIS2_PLACEMENT_3D('',#14416,#11660,#11661);
#9481=AXIS2_PLACEMENT_3D('',#14420,#11664,#11665);
#9482=AXIS2_PLACEMENT_3D('',#14424,#11668,#11669);
#9483=AXIS2_PLACEMENT_3D('',#14428,#11672,#11673);
#9484=AXIS2_PLACEMENT_3D('',#14432,#11676,#11677);
#9485=AXIS2_PLACEMENT_3D('',#14434,#11679,#11680);
#9486=AXIS2_PLACEMENT_3D('',#14467,#11697,#11698);
#9487=AXIS2_PLACEMENT_3D('',#14473,#11702,#11703);
#9488=AXIS2_PLACEMENT_3D('',#14477,#11706,#11707);
#9489=AXIS2_PLACEMENT_3D('',#14481,#11710,#11711);
#9490=AXIS2_PLACEMENT_3D('',#14485,#11714,#11715);
#9491=AXIS2_PLACEMENT_3D('',#14489,#11718,#11719);
#9492=AXIS2_PLACEMENT_3D('',#14493,#11722,#11723);
#9493=AXIS2_PLACEMENT_3D('',#14497,#11726,#11727);
#9494=AXIS2_PLACEMENT_3D('',#14501,#11730,#11731);
#9495=AXIS2_PLACEMENT_3D('',#14505,#11734,#11735);
#9496=AXIS2_PLACEMENT_3D('',#14509,#11738,#11739);
#9497=AXIS2_PLACEMENT_3D('',#14513,#11742,#11743);
#9498=AXIS2_PLACEMENT_3D('',#14517,#11746,#11747);
#9499=AXIS2_PLACEMENT_3D('',#14521,#11750,#11751);
#9500=AXIS2_PLACEMENT_3D('',#14525,#11754,#11755);
#9501=AXIS2_PLACEMENT_3D('',#14529,#11758,#11759);
#9502=AXIS2_PLACEMENT_3D('',#14531,#11761,#11762);
#9503=AXIS2_PLACEMENT_3D('',#14532,#11763,#11764);
#9504=AXIS2_PLACEMENT_3D('',#14538,#11768,#11769);
#9505=AXIS2_PLACEMENT_3D('',#14542,#11772,#11773);
#9506=AXIS2_PLACEMENT_3D('',#14546,#11776,#11777);
#9507=AXIS2_PLACEMENT_3D('',#14550,#11780,#11781);
#9508=AXIS2_PLACEMENT_3D('',#14554,#11784,#11785);
#9509=AXIS2_PLACEMENT_3D('',#14558,#11788,#11789);
#9510=AXIS2_PLACEMENT_3D('',#14562,#11792,#11793);
#9511=AXIS2_PLACEMENT_3D('',#14566,#11796,#11797);
#9512=AXIS2_PLACEMENT_3D('',#14570,#11800,#11801);
#9513=AXIS2_PLACEMENT_3D('',#14574,#11804,#11805);
#9514=AXIS2_PLACEMENT_3D('',#14578,#11808,#11809);
#9515=AXIS2_PLACEMENT_3D('',#14582,#11812,#11813);
#9516=AXIS2_PLACEMENT_3D('',#14586,#11816,#11817);
#9517=AXIS2_PLACEMENT_3D('',#14590,#11820,#11821);
#9518=AXIS2_PLACEMENT_3D('',#14594,#11824,#11825);
#9519=AXIS2_PLACEMENT_3D('',#14596,#11827,#11828);
#9520=AXIS2_PLACEMENT_3D('',#14597,#11829,#11830);
#9521=AXIS2_PLACEMENT_3D('',#14598,#11831,#11832);
#9522=AXIS2_PLACEMENT_3D('',#14599,#11833,#11834);
#9523=AXIS2_PLACEMENT_3D('',#14602,#11835,#11836);
#9524=AXIS2_PLACEMENT_3D('',#14604,#11838,#11839);
#9525=AXIS2_PLACEMENT_3D('',#14610,#11840,#11841);
#9526=AXIS2_PLACEMENT_3D('',#14614,#11842,#11843);
#9527=AXIS2_PLACEMENT_3D('',#14617,#11844,#11845);
#9528=AXIS2_PLACEMENT_3D('',#14626,#11846,#11847);
#9529=AXIS2_PLACEMENT_3D('',#14629,#11850,#11851);
#9530=AXIS2_PLACEMENT_3D('',#14632,#11853,#11854);
#9531=AXIS2_PLACEMENT_3D('',#14634,#11855,#11856);
#9532=AXIS2_PLACEMENT_3D('',#14636,#11858,#11859);
#9533=AXIS2_PLACEMENT_3D('',#14639,#11860,#11861);
#9534=AXIS2_PLACEMENT_3D('',#14641,#11863,#11864);
#9535=AXIS2_PLACEMENT_3D('',#14647,#11865,#11866);
#9536=AXIS2_PLACEMENT_3D('',#14651,#11867,#11868);
#9537=AXIS2_PLACEMENT_3D('',#14654,#11869,#11870);
#9538=AXIS2_PLACEMENT_3D('',#14663,#11871,#11872);
#9539=AXIS2_PLACEMENT_3D('',#14666,#11875,#11876);
#9540=AXIS2_PLACEMENT_3D('',#14669,#11878,#11879);
#9541=AXIS2_PLACEMENT_3D('',#14671,#11880,#11881);
#9542=AXIS2_PLACEMENT_3D('',#14673,#11883,#11884);
#9543=AXIS2_PLACEMENT_3D('',#14677,#11886,#11887);
#9544=AXIS2_PLACEMENT_3D('',#14679,#11889,#11890);
#9545=AXIS2_PLACEMENT_3D('',#14683,#11892,#11893);
#9546=AXIS2_PLACEMENT_3D('',#14685,#11895,#11896);
#9547=AXIS2_PLACEMENT_3D('',#14687,#11898,#11899);
#9548=AXIS2_PLACEMENT_3D('',#14689,#11901,#11902);
#9549=AXIS2_PLACEMENT_3D('',#14692,#11905,#11906);
#9550=AXIS2_PLACEMENT_3D('',#14693,#11907,#11908);
#9551=AXIS2_PLACEMENT_3D('',#14694,#11909,#11910);
#9552=AXIS2_PLACEMENT_3D('',#14698,#11912,#11913);
#9553=AXIS2_PLACEMENT_3D('',#14700,#11915,#11916);
#9554=AXIS2_PLACEMENT_3D('',#14704,#11918,#11919);
#9555=AXIS2_PLACEMENT_3D('',#14706,#11921,#11922);
#9556=AXIS2_PLACEMENT_3D('',#14708,#11924,#11925);
#9557=AXIS2_PLACEMENT_3D('',#14710,#11927,#11928);
#9558=AXIS2_PLACEMENT_3D('',#14713,#11931,#11932);
#9559=AXIS2_PLACEMENT_3D('',#14714,#11933,#11934);
#9560=AXIS2_PLACEMENT_3D('',#14715,#11935,#11936);
#9561=AXIS2_PLACEMENT_3D('',#14716,#11937,#11938);
#9562=AXIS2_PLACEMENT_3D('',#14717,#11939,#11940);
#9563=AXIS2_PLACEMENT_3D('',#14718,#11941,#11942);
#9564=AXIS2_PLACEMENT_3D('',#14719,#11943,#11944);
#9565=AXIS2_PLACEMENT_3D('',#14720,#11945,#11946);
#9566=AXIS2_PLACEMENT_3D('',#14721,#11947,#11948);
#9567=AXIS2_PLACEMENT_3D('',#14722,#11949,#11950);
#9568=AXIS2_PLACEMENT_3D('',#14724,#11951,#11952);
#9569=AXIS2_PLACEMENT_3D('',#14727,#11954,#11955);
#9570=AXIS2_PLACEMENT_3D('',#14728,#11956,#11957);
#9571=AXIS2_PLACEMENT_3D('',#14730,#11958,#11959);
#9572=AXIS2_PLACEMENT_3D('',#14733,#11961,#11962);
#9573=AXIS2_PLACEMENT_3D('',#14734,#11963,#11964);
#9574=AXIS2_PLACEMENT_3D('',#14736,#11965,#11966);
#9575=AXIS2_PLACEMENT_3D('',#14739,#11968,#11969);
#9576=AXIS2_PLACEMENT_3D('',#14740,#11970,#11971);
#9577=AXIS2_PLACEMENT_3D('',#14743,#11973,#11974);
#9578=AXIS2_PLACEMENT_3D('',#14744,#11975,#11976);
#9579=AXIS2_PLACEMENT_3D('',#14746,#11977,#11978);
#9580=AXIS2_PLACEMENT_3D('',#14749,#11980,#11981);
#9581=AXIS2_PLACEMENT_3D('',#14750,#11982,#11983);
#9582=AXIS2_PLACEMENT_3D('',#14752,#11984,#11985);
#9583=AXIS2_PLACEMENT_3D('',#14755,#11987,#11988);
#9584=AXIS2_PLACEMENT_3D('',#14756,#11989,#11990);
#9585=AXIS2_PLACEMENT_3D('',#14758,#11991,#11992);
#9586=AXIS2_PLACEMENT_3D('',#14761,#11994,#11995);
#9587=AXIS2_PLACEMENT_3D('',#14762,#11996,#11997);
#9588=AXIS2_PLACEMENT_3D('',#14764,#11998,#11999);
#9589=AXIS2_PLACEMENT_3D('',#14767,#12001,#12002);
#9590=AXIS2_PLACEMENT_3D('',#14768,#12003,#12004);
#9591=AXIS2_PLACEMENT_3D('',#14770,#12005,#12006);
#9592=AXIS2_PLACEMENT_3D('',#14773,#12008,#12009);
#9593=AXIS2_PLACEMENT_3D('',#14774,#12010,#12011);
#9594=AXIS2_PLACEMENT_3D('',#14776,#12012,#12013);
#9595=AXIS2_PLACEMENT_3D('',#14778,#12015,#12016);
#9596=AXIS2_PLACEMENT_3D('',#14781,#12017,#12018);
#9597=AXIS2_PLACEMENT_3D('',#14785,#12020,#12021);
#9598=AXIS2_PLACEMENT_3D('',#14788,#12023,#12024);
#9599=AXIS2_PLACEMENT_3D('',#14790,#12026,#12027);
#9600=AXIS2_PLACEMENT_3D('',#14793,#12028,#12029);
#9601=AXIS2_PLACEMENT_3D('',#14799,#12030,#12031);
#9602=AXIS2_PLACEMENT_3D('',#14803,#12032,#12033);
#9603=AXIS2_PLACEMENT_3D('',#14809,#12034,#12035);
#9604=AXIS2_PLACEMENT_3D('',#14813,#12036,#12037);
#9605=AXIS2_PLACEMENT_3D('',#14816,#12038,#12039);
#9606=AXIS2_PLACEMENT_3D('',#14820,#12041,#12042);
#9607=AXIS2_PLACEMENT_3D('',#14822,#12044,#12045);
#9608=AXIS2_PLACEMENT_3D('',#14826,#12047,#12048);
#9609=AXIS2_PLACEMENT_3D('',#14828,#12050,#12051);
#9610=AXIS2_PLACEMENT_3D('',#14831,#12054,#12055);
#9611=AXIS2_PLACEMENT_3D('',#14839,#12060,#12061);
#9612=AXIS2_PLACEMENT_3D('',#14849,#12066,#12067);
#9613=AXIS2_PLACEMENT_3D('',#14850,#12068,#12069);
#9614=AXIS2_PLACEMENT_3D('',#14861,#12070,#12071);
#9615=AXIS2_PLACEMENT_3D('',#14862,#12072,#12073);
#9616=AXIS2_PLACEMENT_3D('',#14865,#12076,#12077);
#9617=AXIS2_PLACEMENT_3D('',#14866,#12078,#12079);
#9618=AXIS2_PLACEMENT_3D('',#14869,#12082,#12083);
#9619=AXIS2_PLACEMENT_3D('',#14871,#12085,#12086);
#9620=AXIS2_PLACEMENT_3D('',#14872,#12087,#12088);
#9621=AXIS2_PLACEMENT_3D('',#14873,#12089,#12090);
#9622=AXIS2_PLACEMENT_3D('',#14874,#12091,#12092);
#9623=AXIS2_PLACEMENT_3D('',#14875,#12093,#12094);
#9624=AXIS2_PLACEMENT_3D('',#14876,#12095,#12096);
#9625=AXIS2_PLACEMENT_3D('',#14877,#12097,#12098);
#9626=AXIS2_PLACEMENT_3D('',#14878,#12099,#12100);
#9627=AXIS2_PLACEMENT_3D('',#14879,#12101,#12102);
#9628=AXIS2_PLACEMENT_3D('',#14880,#12103,#12104);
#9629=AXIS2_PLACEMENT_3D('',#14884,#12106,#12107);
#9630=AXIS2_PLACEMENT_3D('',#14886,#12109,#12110);
#9631=AXIS2_PLACEMENT_3D('',#14890,#12113,#12114);
#9632=AXIS2_PLACEMENT_3D('',#14892,#12115,#12116);
#9633=AXIS2_PLACEMENT_3D('',#14894,#12118,#12119);
#9634=AXIS2_PLACEMENT_3D('',#14896,#12121,#12122);
#9635=AXIS2_PLACEMENT_3D('',#14897,#12123,#12124);
#9636=AXIS2_PLACEMENT_3D('',#14898,#12125,#12126);
#9637=AXIS2_PLACEMENT_3D('',#14899,#12127,#12128);
#9638=AXIS2_PLACEMENT_3D('',#14900,#12129,#12130);
#9639=DIRECTION('axis',(0.,0.,1.));
#9640=DIRECTION('refdir',(1.,0.,0.));
#9641=DIRECTION('axis',(0.,0.,1.));
#9642=DIRECTION('refdir',(1.,0.,0.));
#9643=DIRECTION('center_axis',(0.,0.,1.));
#9644=DIRECTION('ref_axis',(1.,0.,0.));
#9645=DIRECTION('center_axis',(0.,0.,1.));
#9646=DIRECTION('ref_axis',(1.,0.,0.));
#9647=DIRECTION('',(0.,0.,1.));
#9648=DIRECTION('center_axis',(0.,0.,1.));
#9649=DIRECTION('ref_axis',(1.,0.,0.));
#9650=DIRECTION('center_axis',(0.,0.,1.));
#9651=DIRECTION('ref_axis',(1.,0.,0.));
#9652=DIRECTION('center_axis',(0.,0.,1.));
#9653=DIRECTION('ref_axis',(1.,0.,0.));
#9654=DIRECTION('',(0.,0.,1.));
#9655=DIRECTION('center_axis',(0.,0.,1.));
#9656=DIRECTION('ref_axis',(1.,0.,0.));
#9657=DIRECTION('center_axis',(0.,0.,1.));
#9658=DIRECTION('ref_axis',(1.,0.,0.));
#9659=DIRECTION('center_axis',(0.,0.,1.));
#9660=DIRECTION('ref_axis',(1.,0.,0.));
#9661=DIRECTION('',(0.,0.,-1.));
#9662=DIRECTION('center_axis',(0.,0.,1.));
#9663=DIRECTION('ref_axis',(1.,0.,0.));
#9664=DIRECTION('center_axis',(0.,0.,1.));
#9665=DIRECTION('ref_axis',(1.,0.,0.));
#9666=DIRECTION('center_axis',(0.,0.,1.));
#9667=DIRECTION('ref_axis',(1.,0.,0.));
#9668=DIRECTION('',(0.,0.,1.));
#9669=DIRECTION('center_axis',(0.,0.,1.));
#9670=DIRECTION('ref_axis',(1.,0.,0.));
#9671=DIRECTION('center_axis',(0.,0.,1.));
#9672=DIRECTION('ref_axis',(1.,0.,0.));
#9673=DIRECTION('center_axis',(0.,0.,1.));
#9674=DIRECTION('ref_axis',(1.,0.,0.));
#9675=DIRECTION('',(0.,0.,1.));
#9676=DIRECTION('center_axis',(0.,0.,1.));
#9677=DIRECTION('ref_axis',(1.,0.,0.));
#9678=DIRECTION('center_axis',(0.,0.,1.));
#9679=DIRECTION('ref_axis',(1.,0.,0.));
#9680=DIRECTION('center_axis',(0.,0.,1.));
#9681=DIRECTION('ref_axis',(1.,0.,0.));
#9682=DIRECTION('',(0.,0.,1.));
#9683=DIRECTION('center_axis',(0.,0.,1.));
#9684=DIRECTION('ref_axis',(1.,0.,0.));
#9685=DIRECTION('center_axis',(0.,0.,1.));
#9686=DIRECTION('ref_axis',(1.,0.,0.));
#9687=DIRECTION('center_axis',(0.,0.,1.));
#9688=DIRECTION('ref_axis',(1.,0.,0.));
#9689=DIRECTION('center_axis',(0.,0.,1.));
#9690=DIRECTION('ref_axis',(1.,0.,0.));
#9691=DIRECTION('',(0.,0.,-1.));
#9692=DIRECTION('center_axis',(0.,0.,-1.));
#9693=DIRECTION('ref_axis',(1.,0.,0.));
#9694=DIRECTION('center_axis',(0.,0.,-1.));
#9695=DIRECTION('ref_axis',(1.,0.,0.));
#9696=DIRECTION('center_axis',(0.,0.,-1.));
#9697=DIRECTION('ref_axis',(1.,0.,0.));
#9698=DIRECTION('center_axis',(0.,0.,-1.));
#9699=DIRECTION('ref_axis',(1.,0.,0.));
#9700=DIRECTION('center_axis',(0.,0.,-1.));
#9701=DIRECTION('ref_axis',(-1.,0.,0.));
#9702=DIRECTION('',(-0.707106781186547,8.65956056235493E-17,0.707106781186547));
#9703=DIRECTION('center_axis',(0.,0.,1.));
#9704=DIRECTION('ref_axis',(1.,0.,0.));
#9705=DIRECTION('center_axis',(0.,0.,1.));
#9706=DIRECTION('ref_axis',(1.,0.,0.));
#9707=DIRECTION('center_axis',(0.,0.,1.));
#9708=DIRECTION('ref_axis',(1.,0.,0.));
#9709=DIRECTION('center_axis',(0.,0.,1.));
#9710=DIRECTION('ref_axis',(1.,0.,0.));
#9711=DIRECTION('',(0.,0.,-1.));
#9712=DIRECTION('center_axis',(0.,0.,-1.));
#9713=DIRECTION('ref_axis',(-1.,0.,0.));
#9714=DIRECTION('',(0.,0.,-1.));
#9715=DIRECTION('center_axis',(0.,0.,1.));
#9716=DIRECTION('ref_axis',(1.,0.,0.));
#9717=DIRECTION('',(0.,0.,-1.));
#9718=DIRECTION('center_axis',(0.,0.,1.));
#9719=DIRECTION('ref_axis',(1.,0.,0.));
#9720=DIRECTION('center_axis',(0.,0.,1.));
#9721=DIRECTION('ref_axis',(1.,0.,0.));
#9722=DIRECTION('',(0.,0.,1.));
#9723=DIRECTION('center_axis',(0.,0.,1.));
#9724=DIRECTION('ref_axis',(1.,0.,0.));
#9725=DIRECTION('',(0.,0.,1.));
#9726=DIRECTION('center_axis',(0.,0.,-1.));
#9727=DIRECTION('ref_axis',(1.,0.,0.));
#9728=DIRECTION('',(0.,0.,1.));
#9729=DIRECTION('center_axis',(0.,0.,1.));
#9730=DIRECTION('ref_axis',(1.,0.,0.));
#9731=DIRECTION('center_axis',(0.,0.,1.));
#9732=DIRECTION('ref_axis',(1.,0.,0.));
#9733=DIRECTION('center_axis',(0.,0.,1.));
#9734=DIRECTION('ref_axis',(1.,0.,0.));
#9735=DIRECTION('',(0.,0.,-1.));
#9736=DIRECTION('center_axis',(0.,0.,1.));
#9737=DIRECTION('ref_axis',(1.,0.,0.));
#9738=DIRECTION('center_axis',(0.,0.,1.));
#9739=DIRECTION('ref_axis',(1.,0.,0.));
#9740=DIRECTION('center_axis',(0.,0.,1.));
#9741=DIRECTION('ref_axis',(1.,0.,0.));
#9742=DIRECTION('',(0.,0.,-1.));
#9743=DIRECTION('center_axis',(0.,0.,1.));
#9744=DIRECTION('ref_axis',(1.,0.,0.));
#9745=DIRECTION('center_axis',(0.,0.,1.));
#9746=DIRECTION('ref_axis',(1.,0.,0.));
#9747=DIRECTION('',(-1.,0.,0.));
#9748=DIRECTION('',(0.,1.,0.));
#9749=DIRECTION('',(1.,0.,0.));
#9750=DIRECTION('',(0.,-1.,0.));
#9751=DIRECTION('center_axis',(0.,0.,-1.));
#9752=DIRECTION('ref_axis',(-1.,0.,0.));
#9753=DIRECTION('center_axis',(0.,0.,1.));
#9754=DIRECTION('ref_axis',(1.,0.,0.));
#9755=DIRECTION('',(0.,1.,0.));
#9756=DIRECTION('',(1.,0.,0.));
#9757=DIRECTION('center_axis',(0.,0.,1.));
#9758=DIRECTION('ref_axis',(1.,0.,0.));
#9759=DIRECTION('',(1.,0.,0.));
#9760=DIRECTION('',(0.,-1.,0.));
#9761=DIRECTION('center_axis',(0.,0.,1.));
#9762=DIRECTION('ref_axis',(1.,0.,0.));
#9763=DIRECTION('',(0.,-1.,0.));
#9764=DIRECTION('',(-1.,0.,0.));
#9765=DIRECTION('center_axis',(0.,0.,1.));
#9766=DIRECTION('ref_axis',(1.,0.,0.));
#9767=DIRECTION('',(-1.,0.,0.));
#9768=DIRECTION('',(0.,1.,0.));
#9769=DIRECTION('center_axis',(0.,-1.,0.));
#9770=DIRECTION('ref_axis',(0.,0.,-1.));
#9771=DIRECTION('',(0.,0.,-1.));
#9772=DIRECTION('',(0.,0.,-1.));
#9773=DIRECTION('center_axis',(1.,0.,0.));
#9774=DIRECTION('ref_axis',(0.,0.,-1.));
#9775=DIRECTION('',(0.,0.,-1.));
#9776=DIRECTION('center_axis',(0.,1.,0.));
#9777=DIRECTION('ref_axis',(0.,0.,1.));
#9778=DIRECTION('',(0.,0.,-1.));
#9779=DIRECTION('center_axis',(-1.,0.,0.));
#9780=DIRECTION('ref_axis',(0.,0.,1.));
#9781=DIRECTION('center_axis',(0.,0.,-1.));
#9782=DIRECTION('ref_axis',(-1.,0.,0.));
#9783=DIRECTION('center_axis',(0.,0.,-1.));
#9784=DIRECTION('ref_axis',(-1.,0.,0.));
#9785=DIRECTION('center_axis',(0.,0.,-1.));
#9786=DIRECTION('ref_axis',(-1.,0.,0.));
#9787=DIRECTION('',(0.866025403784439,-0.5,0.));
#9788=DIRECTION('',(-0.866025403784438,-0.5,0.));
#9789=DIRECTION('center_axis',(0.,0.,-1.));
#9790=DIRECTION('ref_axis',(-1.,0.,0.));
#9791=DIRECTION('center_axis',(0.,0.,-1.));
#9792=DIRECTION('ref_axis',(-1.,0.,0.));
#9793=DIRECTION('center_axis',(0.,0.,-1.));
#9794=DIRECTION('ref_axis',(-1.,0.,0.));
#9795=DIRECTION('center_axis',(0.,0.,-1.));
#9796=DIRECTION('ref_axis',(-1.,0.,0.));
#9797=DIRECTION('center_axis',(0.,0.,-1.));
#9798=DIRECTION('ref_axis',(-1.,0.,0.));
#9799=DIRECTION('center_axis',(0.,0.,1.));
#9800=DIRECTION('ref_axis',(1.,0.,0.));
#9801=DIRECTION('',(0.866025403784438,0.5,0.));
#9802=DIRECTION('',(-0.866025403784439,0.5,0.));
#9803=DIRECTION('center_axis',(0.5,0.866025403784439,0.));
#9804=DIRECTION('ref_axis',(0.,0.,-1.));
#9805=DIRECTION('center_axis',(0.5,-0.866025403784439,0.));
#9806=DIRECTION('ref_axis',(0.,0.,-1.));
#9807=DIRECTION('axis',(0.,0.,1.));
#9808=DIRECTION('refdir',(1.,0.,0.));
#9809=DIRECTION('center_axis',(0.,0.,1.));
#9810=DIRECTION('ref_axis',(1.,0.,0.));
#9811=DIRECTION('center_axis',(0.,0.,1.));
#9812=DIRECTION('ref_axis',(1.,0.,0.));
#9813=DIRECTION('',(0.,0.,1.));
#9814=DIRECTION('center_axis',(0.,0.,1.));
#9815=DIRECTION('ref_axis',(1.,0.,0.));
#9816=DIRECTION('center_axis',(0.,0.,1.));
#9817=DIRECTION('ref_axis',(1.,0.,0.));
#9818=DIRECTION('center_axis',(0.,0.,1.));
#9819=DIRECTION('ref_axis',(1.,0.,0.));
#9820=DIRECTION('',(0.,0.,1.));
#9821=DIRECTION('center_axis',(0.,0.,1.));
#9822=DIRECTION('ref_axis',(1.,0.,0.));
#9823=DIRECTION('center_axis',(0.,0.,1.));
#9824=DIRECTION('ref_axis',(1.,0.,0.));
#9825=DIRECTION('center_axis',(0.,0.,1.));
#9826=DIRECTION('ref_axis',(1.,0.,0.));
#9827=DIRECTION('',(0.,0.,-1.));
#9828=DIRECTION('center_axis',(0.,0.,1.));
#9829=DIRECTION('ref_axis',(1.,0.,0.));
#9830=DIRECTION('center_axis',(0.,0.,1.));
#9831=DIRECTION('ref_axis',(1.,0.,0.));
#9832=DIRECTION('center_axis',(0.,0.,1.));
#9833=DIRECTION('ref_axis',(1.,0.,0.));
#9834=DIRECTION('',(0.,0.,1.));
#9835=DIRECTION('center_axis',(0.,0.,1.));
#9836=DIRECTION('ref_axis',(1.,0.,0.));
#9837=DIRECTION('center_axis',(0.,0.,1.));
#9838=DIRECTION('ref_axis',(1.,0.,0.));
#9839=DIRECTION('center_axis',(0.,0.,1.));
#9840=DIRECTION('ref_axis',(1.,0.,0.));
#9841=DIRECTION('',(0.,0.,-1.));
#9842=DIRECTION('center_axis',(0.,0.,-1.));
#9843=DIRECTION('ref_axis',(1.,0.,0.));
#9844=DIRECTION('center_axis',(0.,0.,1.));
#9845=DIRECTION('ref_axis',(1.,0.,0.));
#9846=DIRECTION('center_axis',(0.,0.,-1.));
#9847=DIRECTION('ref_axis',(1.,0.,0.));
#9848=DIRECTION('',(0.,0.,-1.));
#9849=DIRECTION('center_axis',(0.,0.,1.));
#9850=DIRECTION('ref_axis',(1.,0.,0.));
#9851=DIRECTION('center_axis',(0.,0.,1.));
#9852=DIRECTION('ref_axis',(1.,0.,0.));
#9853=DIRECTION('center_axis',(0.,0.,1.));
#9854=DIRECTION('ref_axis',(1.,0.,0.));
#9855=DIRECTION('',(0.707106781186548,8.65956056235494E-17,-0.707106781186547));
#9856=DIRECTION('center_axis',(0.,0.,1.));
#9857=DIRECTION('ref_axis',(1.,0.,0.));
#9858=DIRECTION('center_axis',(0.,0.,1.));
#9859=DIRECTION('ref_axis',(1.,0.,0.));
#9860=DIRECTION('center_axis',(0.,0.,1.));
#9861=DIRECTION('ref_axis',(1.,0.,0.));
#9862=DIRECTION('center_axis',(0.,0.,1.));
#9863=DIRECTION('ref_axis',(1.,0.,0.));
#9864=DIRECTION('center_axis',(0.,0.,1.));
#9865=DIRECTION('ref_axis',(1.,0.,0.));
#9866=DIRECTION('center_axis',(0.,-1.,0.));
#9867=DIRECTION('ref_axis',(-1.,0.,0.));
#9868=DIRECTION('center_axis',(0.,0.,1.));
#9869=DIRECTION('ref_axis',(1.,0.,0.));
#9870=DIRECTION('center_axis',(0.,0.,1.));
#9871=DIRECTION('ref_axis',(1.,0.,0.));
#9872=DIRECTION('center_axis',(0.,0.,1.));
#9873=DIRECTION('ref_axis',(1.,0.,0.));
#9874=DIRECTION('',(0.,0.,-1.));
#9875=DIRECTION('center_axis',(0.,0.,1.));
#9876=DIRECTION('ref_axis',(1.,0.,0.));
#9877=DIRECTION('center_axis',(0.,0.,1.));
#9878=DIRECTION('ref_axis',(1.,0.,0.));
#9879=DIRECTION('center_axis',(0.,0.,1.));
#9880=DIRECTION('ref_axis',(-1.,0.,0.));
#9881=DIRECTION('',(0.,0.,-1.));
#9882=DIRECTION('center_axis',(0.,0.,1.));
#9883=DIRECTION('ref_axis',(1.,0.,0.));
#9884=DIRECTION('center_axis',(0.,0.,-1.));
#9885=DIRECTION('ref_axis',(-1.,0.,0.));
#9886=DIRECTION('center_axis',(0.,0.,1.));
#9887=DIRECTION('ref_axis',(1.,0.,0.));
#9888=DIRECTION('',(-0.707106781186548,8.65956056235493E-17,0.707106781186548));
#9889=DIRECTION('center_axis',(0.,0.,1.));
#9890=DIRECTION('ref_axis',(1.,0.,0.));
#9891=DIRECTION('center_axis',(0.,0.,1.));
#9892=DIRECTION('ref_axis',(1.,0.,0.));
#9893=DIRECTION('center_axis',(0.,0.,1.));
#9894=DIRECTION('ref_axis',(1.,0.,0.));
#9895=DIRECTION('',(0.,0.,-1.));
#9896=DIRECTION('center_axis',(0.,0.,1.));
#9897=DIRECTION('ref_axis',(1.,0.,0.));
#9898=DIRECTION('center_axis',(0.,0.,1.));
#9899=DIRECTION('ref_axis',(1.,0.,0.));
#9900=DIRECTION('',(0.707106781186547,8.65956056235493E-17,-0.707106781186547));
#9901=DIRECTION('center_axis',(0.,0.,1.));
#9902=DIRECTION('ref_axis',(1.,0.,0.));
#9903=DIRECTION('center_axis',(0.,0.,1.));
#9904=DIRECTION('ref_axis',(1.,0.,0.));
#9905=DIRECTION('center_axis',(0.,0.,1.));
#9906=DIRECTION('ref_axis',(1.,0.,0.));
#9907=DIRECTION('',(0.707106781186549,8.65956056235495E-17,-0.707106781186546));
#9908=DIRECTION('center_axis',(0.,0.,1.));
#9909=DIRECTION('ref_axis',(1.,0.,0.));
#9910=DIRECTION('center_axis',(0.,0.,1.));
#9911=DIRECTION('ref_axis',(1.,0.,0.));
#9912=DIRECTION('center_axis',(0.,0.,1.));
#9913=DIRECTION('ref_axis',(1.,0.,0.));
#9914=DIRECTION('center_axis',(0.,0.,1.));
#9915=DIRECTION('ref_axis',(1.,0.,0.));
#9916=DIRECTION('center_axis',(0.,0.,1.));
#9917=DIRECTION('ref_axis',(1.,0.,0.));
#9918=DIRECTION('center_axis',(0.,-1.,0.));
#9919=DIRECTION('ref_axis',(-1.,0.,0.));
#9920=DIRECTION('center_axis',(0.,0.,1.));
#9921=DIRECTION('ref_axis',(1.,0.,0.));
#9922=DIRECTION('center_axis',(0.,0.,1.));
#9923=DIRECTION('ref_axis',(1.,0.,0.));
#9924=DIRECTION('center_axis',(0.,0.,1.));
#9925=DIRECTION('ref_axis',(1.,0.,0.));
#9926=DIRECTION('',(0.,0.,-1.));
#9927=DIRECTION('center_axis',(0.,0.,1.));
#9928=DIRECTION('ref_axis',(1.,0.,0.));
#9929=DIRECTION('center_axis',(0.,0.,1.));
#9930=DIRECTION('ref_axis',(1.,0.,0.));
#9931=DIRECTION('center_axis',(0.,0.,1.));
#9932=DIRECTION('ref_axis',(-1.,0.,0.));
#9933=DIRECTION('',(0.,0.,-1.));
#9934=DIRECTION('center_axis',(0.,0.,1.));
#9935=DIRECTION('ref_axis',(1.,0.,0.));
#9936=DIRECTION('center_axis',(0.,0.,-1.));
#9937=DIRECTION('ref_axis',(-1.,0.,0.));
#9938=DIRECTION('center_axis',(0.,0.,1.));
#9939=DIRECTION('ref_axis',(1.,0.,0.));
#9940=DIRECTION('',(-0.707106781186539,8.65956056235483E-17,0.707106781186556));
#9941=DIRECTION('center_axis',(0.,0.,1.));
#9942=DIRECTION('ref_axis',(1.,0.,0.));
#9943=DIRECTION('center_axis',(0.,0.,1.));
#9944=DIRECTION('ref_axis',(1.,0.,0.));
#9945=DIRECTION('center_axis',(0.,0.,1.));
#9946=DIRECTION('ref_axis',(1.,0.,0.));
#9947=DIRECTION('',(0.,0.,-1.));
#9948=DIRECTION('center_axis',(0.,0.,1.));
#9949=DIRECTION('ref_axis',(1.,0.,0.));
#9950=DIRECTION('center_axis',(0.,0.,1.));
#9951=DIRECTION('ref_axis',(1.,0.,0.));
#9952=DIRECTION('',(0.707106781186539,8.65956056235483E-17,-0.707106781186556));
#9953=DIRECTION('center_axis',(0.,0.,1.));
#9954=DIRECTION('ref_axis',(1.,0.,0.));
#9955=DIRECTION('center_axis',(0.,0.,1.));
#9956=DIRECTION('ref_axis',(1.,0.,0.));
#9957=DIRECTION('center_axis',(0.,0.,1.));
#9958=DIRECTION('ref_axis',(1.,0.,0.));
#9959=DIRECTION('',(0.,0.,1.));
#9960=DIRECTION('center_axis',(0.,0.,1.));
#9961=DIRECTION('ref_axis',(1.,0.,0.));
#9962=DIRECTION('center_axis',(0.,0.,1.));
#9963=DIRECTION('ref_axis',(1.,0.,0.));
#9964=DIRECTION('',(-0.707106781186547,-8.65956056235493E-17,0.707106781186547));
#9965=DIRECTION('center_axis',(0.,0.,1.));
#9966=DIRECTION('ref_axis',(1.,0.,0.));
#9967=DIRECTION('center_axis',(0.,0.,1.));
#9968=DIRECTION('ref_axis',(1.,0.,0.));
#9969=DIRECTION('',(0.,0.,1.));
#9970=DIRECTION('center_axis',(0.,0.258819045102542,0.965925826289063));
#9971=DIRECTION('ref_axis',(6.05165467082119E-16,-0.965925826289063,0.258819045102542));
#9972=DIRECTION('center_axis',(0.,0.,1.));
#9973=DIRECTION('ref_axis',(1.,0.,0.));
#9974=DIRECTION('center_axis',(0.,0.,1.));
#9975=DIRECTION('ref_axis',(1.,0.,0.));
#9976=DIRECTION('',(0.,0.,1.));
#9977=DIRECTION('center_axis',(0.,0.,1.));
#9978=DIRECTION('ref_axis',(1.,0.,0.));
#9979=DIRECTION('center_axis',(0.,0.,1.));
#9980=DIRECTION('ref_axis',(1.,0.,0.));
#9981=DIRECTION('',(-0.707106781186547,-8.65956056235492E-17,0.707106781186548));
#9982=DIRECTION('center_axis',(0.,0.,1.));
#9983=DIRECTION('ref_axis',(1.,0.,0.));
#9984=DIRECTION('center_axis',(0.,0.,1.));
#9985=DIRECTION('ref_axis',(1.,0.,0.));
#9986=DIRECTION('',(0.,0.,1.));
#9987=DIRECTION('center_axis',(0.,-0.258819045102543,0.965925826289062));
#9988=DIRECTION('ref_axis',(-5.44648920373859E-15,-0.965925826289062,-0.258819045102543));
#9989=DIRECTION('center_axis',(0.,0.,1.));
#9990=DIRECTION('ref_axis',(1.,0.,0.));
#9991=DIRECTION('center_axis',(0.,0.258819045102503,-0.965925826289073));
#9992=DIRECTION('ref_axis',(-3.50328732569545E-15,0.965925826289073,0.258819045102503));
#9993=DIRECTION('',(0.,0.,-1.));
#9994=DIRECTION('center_axis',(0.,0.,1.));
#9995=DIRECTION('ref_axis',(1.,0.,0.));
#9996=DIRECTION('center_axis',(0.,0.,1.));
#9997=DIRECTION('ref_axis',(1.,0.,0.));
#9998=DIRECTION('',(0.287186656692466,3.51702219876258E-17,-0.957874639093135));
#9999=DIRECTION('center_axis',(0.,0.,1.));
#10000=DIRECTION('ref_axis',(1.,0.,0.));
#10001=DIRECTION('center_axis',(0.,0.,1.));
#10002=DIRECTION('ref_axis',(1.,0.,0.));
#10003=DIRECTION('',(0.,0.,-1.));
#10004=DIRECTION('center_axis',(0.,0.,1.));
#10005=DIRECTION('ref_axis',(1.,0.,0.));
#10006=DIRECTION('center_axis',(0.,0.,1.));
#10007=DIRECTION('ref_axis',(1.,0.,0.));
#10008=DIRECTION('center_axis',(0.,-0.258819045102504,-0.965925826289073));
#10009=DIRECTION('ref_axis',(0.,0.965925826289073,-0.258819045102504));
#10010=DIRECTION('',(0.,0.,-1.));
#10011=DIRECTION('center_axis',(0.,0.,1.));
#10012=DIRECTION('ref_axis',(1.,0.,0.));
#10013=DIRECTION('center_axis',(0.,0.,1.));
#10014=DIRECTION('ref_axis',(1.,0.,0.));
#10015=DIRECTION('',(0.287186656692468,3.5170221987626E-17,-0.957874639093135));
#10016=DIRECTION('center_axis',(0.,0.,1.));
#10017=DIRECTION('ref_axis',(1.,0.,0.));
#10018=DIRECTION('center_axis',(0.,0.,1.));
#10019=DIRECTION('ref_axis',(1.,0.,0.));
#10020=DIRECTION('',(0.,0.,-1.));
#10021=DIRECTION('center_axis',(0.,0.,1.));
#10022=DIRECTION('ref_axis',(1.,0.,0.));
#10023=DIRECTION('center_axis',(-1.,0.,0.));
#10024=DIRECTION('ref_axis',(0.,0.,1.));
#10025=DIRECTION('center_axis',(-1.,0.,0.));
#10026=DIRECTION('ref_axis',(0.,0.,1.));
#10027=DIRECTION('',(-1.,0.,0.));
#10028=DIRECTION('center_axis',(-1.,0.,0.));
#10029=DIRECTION('ref_axis',(0.,0.,1.));
#10030=DIRECTION('',(-1.,0.,0.));
#10031=DIRECTION('center_axis',(-1.,0.,0.));
#10032=DIRECTION('ref_axis',(0.,0.,-1.));
#10033=DIRECTION('',(-1.,0.,0.));
#10034=DIRECTION('center_axis',(1.,0.,0.));
#10035=DIRECTION('ref_axis',(0.,-5.32907051820075E-15,1.));
#10036=DIRECTION('',(1.,0.,0.));
#10037=DIRECTION('center_axis',(0.,0.,1.));
#10038=DIRECTION('ref_axis',(1.,0.,0.));
#10039=DIRECTION('center_axis',(0.,0.,-1.));
#10040=DIRECTION('ref_axis',(-1.,0.,0.));
#10041=DIRECTION('center_axis',(0.,0.,1.));
#10042=DIRECTION('ref_axis',(1.,0.,0.));
#10043=DIRECTION('',(0.,1.,0.));
#10044=DIRECTION('',(-1.,0.,0.));
#10045=DIRECTION('',(0.,-1.,0.));
#10046=DIRECTION('',(1.,0.,0.));
#10047=DIRECTION('center_axis',(0.,0.,1.));
#10048=DIRECTION('ref_axis',(1.,0.,0.));
#10049=DIRECTION('',(-1.,0.,0.));
#10050=DIRECTION('',(0.,1.,0.));
#10051=DIRECTION('',(1.,0.,0.));
#10052=DIRECTION('',(0.,-1.,0.));
#10053=DIRECTION('center_axis',(0.,0.,-1.));
#10054=DIRECTION('ref_axis',(-1.,0.,0.));
#10055=DIRECTION('',(-1.,0.,0.));
#10056=DIRECTION('',(0.,-1.,0.));
#10057=DIRECTION('',(-1.,0.,0.));
#10058=DIRECTION('',(0.,-1.,0.));
#10059=DIRECTION('',(-1.,0.,0.));
#10060=DIRECTION('',(0.,1.,0.));
#10061=DIRECTION('',(1.,0.,0.));
#10062=DIRECTION('',(0.,-1.,0.));
#10063=DIRECTION('center_axis',(0.,0.,1.));
#10064=DIRECTION('ref_axis',(1.,0.,0.));
#10065=DIRECTION('',(1.,0.,0.));
#10066=DIRECTION('',(0.,-1.,0.));
#10067=DIRECTION('',(1.,0.,0.));
#10068=DIRECTION('',(0.,-1.,0.));
#10069=DIRECTION('',(0.,1.,0.));
#10070=DIRECTION('',(-1.,0.,0.));
#10071=DIRECTION('',(0.,-1.,0.));
#10072=DIRECTION('',(1.,0.,0.));
#10073=DIRECTION('center_axis',(0.,0.,-1.));
#10074=DIRECTION('ref_axis',(-1.,0.,0.));
#10075=DIRECTION('',(1.,0.,0.));
#10076=DIRECTION('',(0.,1.,0.));
#10077=DIRECTION('',(1.,0.,0.));
#10078=DIRECTION('',(0.,-1.,0.));
#10079=DIRECTION('',(1.,0.,0.));
#10080=DIRECTION('center_axis',(0.,0.,-1.));
#10081=DIRECTION('ref_axis',(-1.,0.,0.));
#10082=DIRECTION('',(1.,0.,0.));
#10083=DIRECTION('',(0.,1.,0.));
#10084=DIRECTION('',(1.,0.,0.));
#10085=DIRECTION('',(0.,-1.,0.));
#10086=DIRECTION('',(1.,0.,0.));
#10087=DIRECTION('center_axis',(0.,-0.258819045102544,-0.965925826289062));
#10088=DIRECTION('ref_axis',(0.,0.965925826289062,-0.258819045102544));
#10089=DIRECTION('',(1.,0.,0.));
#10090=DIRECTION('',(0.,-0.965925826289062,0.258819045102544));
#10091=DIRECTION('',(-1.,0.,0.));
#10092=DIRECTION('',(0.,-0.965925826289062,0.258819045102544));
#10093=DIRECTION('center_axis',(0.,0.,1.));
#10094=DIRECTION('ref_axis',(1.,0.,0.));
#10095=DIRECTION('center_axis',(0.,0.258819045102544,-0.965925826289062));
#10096=DIRECTION('ref_axis',(0.,0.965925826289062,0.258819045102544));
#10097=DIRECTION('',(0.,-0.965925826289062,-0.258819045102544));
#10098=DIRECTION('',(-1.,0.,0.));
#10099=DIRECTION('',(0.,-0.965925826289062,-0.258819045102544));
#10100=DIRECTION('',(-1.,0.,0.));
#10101=DIRECTION('center_axis',(0.,0.,1.));
#10102=DIRECTION('ref_axis',(1.,0.,0.));
#10103=DIRECTION('center_axis',(0.,-0.258819045102504,0.965925826289073));
#10104=DIRECTION('ref_axis',(0.,-0.965925826289073,-0.258819045102504));
#10105=DIRECTION('',(1.,0.,0.));
#10106=DIRECTION('',(0.,-0.965925826289073,-0.258819045102504));
#10107=DIRECTION('',(1.,0.,0.));
#10108=DIRECTION('',(0.,-0.965925826289073,-0.258819045102504));
#10109=DIRECTION('center_axis',(0.,0.258819045102504,0.965925826289073));
#10110=DIRECTION('ref_axis',(0.,-0.965925826289073,0.258819045102504));
#10111=DIRECTION('',(1.,0.,0.));
#10112=DIRECTION('',(0.,-0.965925826289073,0.258819045102504));
#10113=DIRECTION('',(1.,0.,0.));
#10114=DIRECTION('',(0.,-0.965925826289073,0.258819045102504));
#10115=DIRECTION('center_axis',(1.,0.,0.));
#10116=DIRECTION('ref_axis',(0.,0.,-1.));
#10117=DIRECTION('',(0.,-0.453990499739547,0.891006524188368));
#10118=DIRECTION('',(0.,0.,1.));
#10119=DIRECTION('center_axis',(1.,0.,0.));
#10120=DIRECTION('ref_axis',(0.,0.,-1.));
#10121=DIRECTION('',(0.,0.,1.));
#10122=DIRECTION('',(0.,-0.453990499739547,0.891006524188368));
#10123=DIRECTION('center_axis',(1.,0.,0.));
#10124=DIRECTION('ref_axis',(0.,1.22464679914735E-16,1.));
#10125=DIRECTION('',(-1.,0.,0.));
#10126=DIRECTION('center_axis',(-1.,0.,0.));
#10127=DIRECTION('ref_axis',(0.,0.,1.));
#10128=DIRECTION('',(1.,0.,0.));
#10129=DIRECTION('center_axis',(1.,0.,0.));
#10130=DIRECTION('ref_axis',(0.,0.,-1.));
#10131=DIRECTION('',(-1.,0.,0.));
#10132=DIRECTION('center_axis',(-1.,0.,0.));
#10133=DIRECTION('ref_axis',(0.,8.88178419700125E-15,-1.));
#10134=DIRECTION('',(1.,0.,0.));
#10135=DIRECTION('center_axis',(-1.,0.,0.));
#10136=DIRECTION('ref_axis',(0.,8.88178419700125E-15,-1.));
#10137=DIRECTION('center_axis',(0.,0.891006524188365,-0.453990499739553));
#10138=DIRECTION('ref_axis',(0.,0.453990499739553,0.891006524188365));
#10139=DIRECTION('',(0.,-0.453990499739553,-0.891006524188365));
#10140=DIRECTION('',(-1.,0.,0.));
#10141=DIRECTION('',(0.,-0.453990499739553,-0.891006524188365));
#10142=DIRECTION('',(0.,-0.453990499739553,-0.891006524188365));
#10143=DIRECTION('',(-1.,0.,0.));
#10144=DIRECTION('',(0.,-0.453990499739553,-0.891006524188365));
#10145=DIRECTION('center_axis',(0.,1.,0.));
#10146=DIRECTION('ref_axis',(0.,0.,1.));
#10147=DIRECTION('',(0.,0.,-1.));
#10148=DIRECTION('',(0.,0.,-1.));
#10149=DIRECTION('',(0.,0.,-1.));
#10150=DIRECTION('',(0.,0.,-1.));
#10151=DIRECTION('center_axis',(0.,-1.,0.));
#10152=DIRECTION('ref_axis',(0.,0.,-1.));
#10153=DIRECTION('',(0.,0.,1.));
#10154=DIRECTION('',(-1.,0.,0.));
#10155=DIRECTION('',(0.,0.,1.));
#10156=DIRECTION('',(0.,0.,1.));
#10157=DIRECTION('',(-1.,0.,0.));
#10158=DIRECTION('',(0.,0.,1.));
#10159=DIRECTION('center_axis',(0.,-0.891006524188365,-0.453990499739553));
#10160=DIRECTION('ref_axis',(0.,0.453990499739553,-0.891006524188365));
#10161=DIRECTION('',(0.,-0.453990499739553,0.891006524188365));
#10162=DIRECTION('',(0.,-0.453990499739553,0.891006524188365));
#10163=DIRECTION('',(0.,-0.453990499739553,0.891006524188365));
#10164=DIRECTION('',(0.,-0.453990499739553,0.891006524188365));
#10165=DIRECTION('center_axis',(-1.,0.,0.));
#10166=DIRECTION('ref_axis',(0.,0.,1.));
#10167=DIRECTION('center_axis',(-1.,0.,0.));
#10168=DIRECTION('ref_axis',(0.,0.,1.));
#10169=DIRECTION('center_axis',(1.,0.,0.));
#10170=DIRECTION('ref_axis',(0.,0.,-1.));
#10171=DIRECTION('center_axis',(1.,0.,0.));
#10172=DIRECTION('ref_axis',(0.,0.,-1.));
#10173=DIRECTION('center_axis',(1.,0.,0.));
#10174=DIRECTION('ref_axis',(0.,0.,-1.));
#10175=DIRECTION('center_axis',(1.,0.,0.));
#10176=DIRECTION('ref_axis',(0.,0.,-1.));
#10177=DIRECTION('center_axis',(1.,0.,0.));
#10178=DIRECTION('ref_axis',(0.,0.,-1.));
#10179=DIRECTION('',(0.,0.,-1.));
#10180=DIRECTION('',(0.,0.,-1.));
#10181=DIRECTION('center_axis',(0.,1.,0.));
#10182=DIRECTION('ref_axis',(0.,0.,1.));
#10183=DIRECTION('',(0.,0.,-1.));
#10184=DIRECTION('center_axis',(-1.,0.,0.));
#10185=DIRECTION('ref_axis',(0.,0.,1.));
#10186=DIRECTION('',(0.,0.,-1.));
#10187=DIRECTION('center_axis',(0.,-1.,0.));
#10188=DIRECTION('ref_axis',(0.,0.,-1.));
#10189=DIRECTION('center_axis',(0.,1.,0.));
#10190=DIRECTION('ref_axis',(0.,0.,1.));
#10191=DIRECTION('',(1.,0.,0.));
#10192=DIRECTION('',(0.,0.,1.));
#10193=DIRECTION('',(0.,0.,1.));
#10194=DIRECTION('',(1.,0.,0.));
#10195=DIRECTION('center_axis',(0.,-1.,0.));
#10196=DIRECTION('ref_axis',(0.,0.,-1.));
#10197=DIRECTION('',(0.,0.,-1.));
#10198=DIRECTION('',(1.,0.,0.));
#10199=DIRECTION('',(0.,0.,-1.));
#10200=DIRECTION('',(0.,0.,-1.));
#10201=DIRECTION('',(1.,0.,0.));
#10202=DIRECTION('',(0.,0.,-1.));
#10203=DIRECTION('center_axis',(1.,0.,0.));
#10204=DIRECTION('ref_axis',(0.,0.,-1.));
#10205=DIRECTION('',(0.,-0.453990499739547,-0.891006524188368));
#10206=DIRECTION('center_axis',(1.,0.,0.));
#10207=DIRECTION('ref_axis',(0.,0.,-1.));
#10208=DIRECTION('',(0.,-0.453990499739547,-0.891006524188368));
#10209=DIRECTION('center_axis',(0.,0.891006524188226,0.453990499739826));
#10210=DIRECTION('ref_axis',(0.,-0.453990499739826,0.891006524188226));
#10211=DIRECTION('',(0.,-0.453990499739547,0.891006524188368));
#10212=DIRECTION('',(0.,-0.453990499739547,0.891006524188368));
#10213=DIRECTION('center_axis',(0.,-0.891006524188226,0.453990499739826));
#10214=DIRECTION('ref_axis',(0.,-0.453990499739826,-0.891006524188226));
#10215=DIRECTION('',(0.,-0.453990499739547,-0.891006524188368));
#10216=DIRECTION('',(0.,-0.453990499739547,-0.891006524188368));
#10217=DIRECTION('center_axis',(1.,0.,0.));
#10218=DIRECTION('ref_axis',(0.,0.,-1.));
#10219=DIRECTION('center_axis',(1.,0.,0.));
#10220=DIRECTION('ref_axis',(0.,0.,-1.));
#10221=DIRECTION('center_axis',(0.,0.,-1.));
#10222=DIRECTION('ref_axis',(-1.,0.,0.));
#10223=DIRECTION('center_axis',(0.,0.,-1.));
#10224=DIRECTION('ref_axis',(-1.,0.,0.));
#10225=DIRECTION('center_axis',(0.,0.,1.));
#10226=DIRECTION('ref_axis',(1.,0.,0.));
#10227=DIRECTION('center_axis',(0.,0.,-1.));
#10228=DIRECTION('ref_axis',(-1.,0.,0.));
#10229=DIRECTION('center_axis',(0.,0.,-1.));
#10230=DIRECTION('ref_axis',(-1.,0.,0.));
#10231=DIRECTION('',(-1.,0.,0.));
#10232=DIRECTION('',(0.,-1.,0.));
#10233=DIRECTION('',(-1.,0.,0.));
#10234=DIRECTION('',(0.,1.,0.));
#10235=DIRECTION('',(-1.,0.,0.));
#10236=DIRECTION('center_axis',(0.,0.,1.));
#10237=DIRECTION('ref_axis',(1.,0.,0.));
#10238=DIRECTION('center_axis',(0.,0.,-1.));
#10239=DIRECTION('ref_axis',(-1.,0.,0.));
#10240=DIRECTION('center_axis',(0.,0.,-1.));
#10241=DIRECTION('ref_axis',(-1.,0.,0.));
#10242=DIRECTION('',(-1.,0.,0.));
#10243=DIRECTION('',(0.,-1.,0.));
#10244=DIRECTION('',(-1.,0.,0.));
#10245=DIRECTION('',(0.,1.,0.));
#10246=DIRECTION('',(-1.,0.,0.));
#10247=DIRECTION('center_axis',(-1.,0.,0.));
#10248=DIRECTION('ref_axis',(0.,0.,1.));
#10249=DIRECTION('',(0.,0.,1.));
#10250=DIRECTION('',(0.,-1.,0.));
#10251=DIRECTION('',(0.,0.,1.));
#10252=DIRECTION('center_axis',(0.,1.,0.));
#10253=DIRECTION('ref_axis',(0.,0.,1.));
#10254=DIRECTION('',(-1.,0.,0.));
#10255=DIRECTION('',(0.,0.,1.));
#10256=DIRECTION('center_axis',(1.,0.,0.));
#10257=DIRECTION('ref_axis',(0.,0.,-1.));
#10258=DIRECTION('',(0.,1.,0.));
#10259=DIRECTION('',(0.,0.,1.));
#10260=DIRECTION('center_axis',(1.,0.,0.));
#10261=DIRECTION('ref_axis',(0.,0.,-1.));
#10262=DIRECTION('',(0.,0.,1.));
#10263=DIRECTION('',(0.,1.,0.));
#10264=DIRECTION('',(0.,0.,1.));
#10265=DIRECTION('center_axis',(0.,-1.,0.));
#10266=DIRECTION('ref_axis',(0.,0.,-1.));
#10267=DIRECTION('',(1.,0.,0.));
#10268=DIRECTION('',(0.,0.,1.));
#10269=DIRECTION('center_axis',(-1.,0.,0.));
#10270=DIRECTION('ref_axis',(0.,0.,1.));
#10271=DIRECTION('',(0.,-1.,0.));
#10272=DIRECTION('',(0.,0.,1.));
#10273=DIRECTION('center_axis',(0.,1.,0.));
#10274=DIRECTION('ref_axis',(0.,0.,1.));
#10275=DIRECTION('',(-1.,0.,0.));
#10276=DIRECTION('center_axis',(0.,1.,0.));
#10277=DIRECTION('ref_axis',(0.,0.,1.));
#10278=DIRECTION('',(-1.,0.,0.));
#10279=DIRECTION('center_axis',(0.,-1.,0.));
#10280=DIRECTION('ref_axis',(0.,0.,-1.));
#10281=DIRECTION('',(1.,0.,0.));
#10282=DIRECTION('center_axis',(0.,-1.,0.));
#10283=DIRECTION('ref_axis',(0.,0.,-1.));
#10284=DIRECTION('',(1.,0.,0.));
#10285=DIRECTION('center_axis',(0.,0.,1.));
#10286=DIRECTION('ref_axis',(1.,0.,0.));
#10287=DIRECTION('center_axis',(-1.,0.,0.));
#10288=DIRECTION('ref_axis',(0.,0.,1.));
#10289=DIRECTION('',(0.,0.,1.));
#10290=DIRECTION('',(0.,-1.,0.));
#10291=DIRECTION('',(0.,0.,1.));
#10292=DIRECTION('center_axis',(0.,1.,0.));
#10293=DIRECTION('ref_axis',(0.,0.,1.));
#10294=DIRECTION('',(-1.,0.,0.));
#10295=DIRECTION('',(0.,0.,1.));
#10296=DIRECTION('center_axis',(1.,0.,0.));
#10297=DIRECTION('ref_axis',(0.,0.,-1.));
#10298=DIRECTION('',(0.,1.,0.));
#10299=DIRECTION('',(0.,0.,1.));
#10300=DIRECTION('center_axis',(1.,0.,0.));
#10301=DIRECTION('ref_axis',(0.,0.,-1.));
#10302=DIRECTION('',(0.,0.,1.));
#10303=DIRECTION('',(0.,1.,0.));
#10304=DIRECTION('',(0.,0.,1.));
#10305=DIRECTION('center_axis',(0.,-1.,0.));
#10306=DIRECTION('ref_axis',(0.,0.,-1.));
#10307=DIRECTION('',(1.,0.,0.));
#10308=DIRECTION('',(0.,0.,1.));
#10309=DIRECTION('center_axis',(-1.,0.,0.));
#10310=DIRECTION('ref_axis',(0.,0.,1.));
#10311=DIRECTION('',(0.,-1.,0.));
#10312=DIRECTION('',(0.,0.,1.));
#10313=DIRECTION('center_axis',(0.,1.,0.));
#10314=DIRECTION('ref_axis',(0.,0.,1.));
#10315=DIRECTION('',(-1.,0.,0.));
#10316=DIRECTION('center_axis',(0.,1.,0.));
#10317=DIRECTION('ref_axis',(0.,0.,1.));
#10318=DIRECTION('',(-1.,0.,0.));
#10319=DIRECTION('center_axis',(0.,-1.,0.));
#10320=DIRECTION('ref_axis',(0.,0.,-1.));
#10321=DIRECTION('',(1.,0.,0.));
#10322=DIRECTION('center_axis',(0.,-1.,0.));
#10323=DIRECTION('ref_axis',(0.,0.,-1.));
#10324=DIRECTION('',(1.,0.,0.));
#10325=DIRECTION('center_axis',(0.,0.,1.));
#10326=DIRECTION('ref_axis',(1.,0.,0.));
#10327=DIRECTION('center_axis',(0.,-1.,0.));
#10328=DIRECTION('ref_axis',(0.,0.,-1.));
#10329=DIRECTION('',(0.,0.,-1.));
#10330=DIRECTION('',(0.,0.,-1.));
#10331=DIRECTION('center_axis',(1.,0.,0.));
#10332=DIRECTION('ref_axis',(0.,0.,-1.));
#10333=DIRECTION('',(0.,0.,-1.));
#10334=DIRECTION('center_axis',(0.,1.,0.));
#10335=DIRECTION('ref_axis',(0.,0.,1.));
#10336=DIRECTION('',(0.,0.,-1.));
#10337=DIRECTION('center_axis',(-1.,0.,0.));
#10338=DIRECTION('ref_axis',(0.,0.,1.));
#10339=DIRECTION('center_axis',(0.,1.,0.));
#10340=DIRECTION('ref_axis',(0.,0.,1.));
#10341=DIRECTION('',(0.,0.,1.));
#10342=DIRECTION('',(0.,0.,1.));
#10343=DIRECTION('center_axis',(1.,0.,0.));
#10344=DIRECTION('ref_axis',(0.,0.,-1.));
#10345=DIRECTION('',(0.,0.,1.));
#10346=DIRECTION('center_axis',(0.,-1.,0.));
#10347=DIRECTION('ref_axis',(0.,0.,-1.));
#10348=DIRECTION('',(0.,0.,1.));
#10349=DIRECTION('center_axis',(-1.,0.,0.));
#10350=DIRECTION('ref_axis',(0.,0.,1.));
#10351=DIRECTION('center_axis',(0.,0.,1.));
#10352=DIRECTION('ref_axis',(1.,0.,0.));
#10353=DIRECTION('center_axis',(0.,0.,1.));
#10354=DIRECTION('ref_axis',(1.,0.,0.));
#10355=DIRECTION('center_axis',(0.,0.,1.));
#10356=DIRECTION('ref_axis',(1.,0.,0.));
#10357=DIRECTION('axis',(0.,0.,1.));
#10358=DIRECTION('refdir',(1.,0.,0.));
#10359=DIRECTION('center_axis',(0.,0.,-1.));
#10360=DIRECTION('ref_axis',(-1.,0.,0.));
#10361=DIRECTION('center_axis',(0.,0.,-1.));
#10362=DIRECTION('ref_axis',(-1.,0.,0.));
#10363=DIRECTION('',(0.,0.,-1.));
#10364=DIRECTION('center_axis',(0.,0.,-1.));
#10365=DIRECTION('ref_axis',(-1.,0.,0.));
#10366=DIRECTION('center_axis',(0.,0.,-1.));
#10367=DIRECTION('ref_axis',(-1.,0.,0.));
#10368=DIRECTION('center_axis',(0.,0.,-1.));
#10369=DIRECTION('ref_axis',(-1.,0.,0.));
#10370=DIRECTION('',(0.,0.,-1.));
#10371=DIRECTION('center_axis',(0.,0.,-1.));
#10372=DIRECTION('ref_axis',(-1.,0.,0.));
#10373=DIRECTION('center_axis',(0.,0.,-1.));
#10374=DIRECTION('ref_axis',(-1.,0.,0.));
#10375=DIRECTION('center_axis',(0.,0.,-1.));
#10376=DIRECTION('ref_axis',(-1.,0.,0.));
#10377=DIRECTION('',(0.,0.,1.));
#10378=DIRECTION('center_axis',(0.,0.,-1.));
#10379=DIRECTION('ref_axis',(-1.,0.,0.));
#10380=DIRECTION('center_axis',(0.,0.,-1.));
#10381=DIRECTION('ref_axis',(-1.,0.,0.));
#10382=DIRECTION('center_axis',(0.,0.,-1.));
#10383=DIRECTION('ref_axis',(-1.,0.,0.));
#10384=DIRECTION('',(0.,0.,1.));
#10385=DIRECTION('center_axis',(0.,0.,-1.));
#10386=DIRECTION('ref_axis',(-1.,0.,0.));
#10387=DIRECTION('',(0.,0.,-1.));
#10388=DIRECTION('center_axis',(0.,0.,-1.));
#10389=DIRECTION('ref_axis',(-1.,0.,0.));
#10390=DIRECTION('center_axis',(0.,0.,-1.));
#10391=DIRECTION('ref_axis',(-1.,0.,0.));
#10392=DIRECTION('',(0.,0.,1.));
#10393=DIRECTION('center_axis',(0.,0.,-1.));
#10394=DIRECTION('ref_axis',(-1.,0.,0.));
#10395=DIRECTION('center_axis',(0.,0.,1.));
#10396=DIRECTION('ref_axis',(1.,0.,0.));
#10397=DIRECTION('center_axis',(0.,0.,-1.));
#10398=DIRECTION('ref_axis',(-1.,0.,0.));
#10399=DIRECTION('center_axis',(0.,0.,-1.));
#10400=DIRECTION('ref_axis',(-1.,0.,0.));
#10401=DIRECTION('center_axis',(0.,0.,-1.));
#10402=DIRECTION('ref_axis',(-1.,0.,0.));
#10403=DIRECTION('center_axis',(0.,0.,1.));
#10404=DIRECTION('ref_axis',(1.,0.,0.));
#10405=DIRECTION('center_axis',(0.,1.,0.));
#10406=DIRECTION('ref_axis',(1.,0.,0.));
#10407=DIRECTION('center_axis',(0.,0.,-1.));
#10408=DIRECTION('ref_axis',(-1.,0.,0.));
#10409=DIRECTION('center_axis',(0.,0.,-1.));
#10410=DIRECTION('ref_axis',(-1.,0.,0.));
#10411=DIRECTION('center_axis',(0.,0.,-1.));
#10412=DIRECTION('ref_axis',(-1.,0.,0.));
#10413=DIRECTION('center_axis',(0.,0.,1.));
#10414=DIRECTION('ref_axis',(1.,0.,0.));
#10415=DIRECTION('center_axis',(0.,0.,-1.));
#10416=DIRECTION('ref_axis',(-1.,0.,0.));
#10417=DIRECTION('center_axis',(0.,0.,-1.));
#10418=DIRECTION('ref_axis',(-1.,0.,0.));
#10419=DIRECTION('center_axis',(0.,0.,-1.));
#10420=DIRECTION('ref_axis',(-1.,0.,0.));
#10421=DIRECTION('center_axis',(0.,0.,1.));
#10422=DIRECTION('ref_axis',(1.,0.,0.));
#10423=DIRECTION('center_axis',(0.,1.,0.));
#10424=DIRECTION('ref_axis',(1.,0.,0.));
#10425=DIRECTION('center_axis',(0.,0.,-1.));
#10426=DIRECTION('ref_axis',(-1.,0.,0.));
#10427=DIRECTION('center_axis',(0.,0.,-1.));
#10428=DIRECTION('ref_axis',(-1.,0.,0.));
#10429=DIRECTION('center_axis',(0.,0.,-1.));
#10430=DIRECTION('ref_axis',(-1.,0.,0.));
#10431=DIRECTION('center_axis',(0.,0.,1.));
#10432=DIRECTION('ref_axis',(1.,0.,0.));
#10433=DIRECTION('center_axis',(0.,0.,-1.));
#10434=DIRECTION('ref_axis',(-1.,0.,0.));
#10435=DIRECTION('',(-0.499999999999974,-6.12323399573644E-17,0.866025403784454));
#10436=DIRECTION('center_axis',(0.,0.,-1.));
#10437=DIRECTION('ref_axis',(-1.,0.,0.));
#10438=DIRECTION('center_axis',(0.,0.,-1.));
#10439=DIRECTION('ref_axis',(-1.,0.,0.));
#10440=DIRECTION('center_axis',(0.,0.,-1.));
#10441=DIRECTION('ref_axis',(-1.,0.,0.));
#10442=DIRECTION('',(0.,0.,-1.));
#10443=DIRECTION('center_axis',(0.,0.,-1.));
#10444=DIRECTION('ref_axis',(-1.,0.,0.));
#10445=DIRECTION('center_axis',(0.,0.,1.));
#10446=DIRECTION('ref_axis',(1.,0.,0.));
#10447=DIRECTION('center_axis',(0.,0.,-1.));
#10448=DIRECTION('ref_axis',(-1.,0.,0.));
#10449=DIRECTION('',(-0.499999999999974,-6.12323399573644E-17,0.866025403784454));
#10450=DIRECTION('center_axis',(0.,0.,-1.));
#10451=DIRECTION('ref_axis',(-1.,0.,0.));
#10452=DIRECTION('center_axis',(0.,0.,-1.));
#10453=DIRECTION('ref_axis',(-1.,0.,0.));
#10454=DIRECTION('center_axis',(0.,0.,-1.));
#10455=DIRECTION('ref_axis',(-1.,0.,0.));
#10456=DIRECTION('',(0.,0.,-1.));
#10457=DIRECTION('center_axis',(0.,0.,-1.));
#10458=DIRECTION('ref_axis',(-1.,0.,0.));
#10459=DIRECTION('center_axis',(0.,0.,1.));
#10460=DIRECTION('ref_axis',(1.,0.,0.));
#10461=DIRECTION('center_axis',(0.,0.,1.));
#10462=DIRECTION('ref_axis',(1.,0.,0.));
#10463=DIRECTION('',(0.,0.,-1.));
#10464=DIRECTION('center_axis',(0.,0.,1.));
#10465=DIRECTION('ref_axis',(1.,0.,0.));
#10466=DIRECTION('center_axis',(0.,0.,1.));
#10467=DIRECTION('ref_axis',(1.,0.,0.));
#10468=DIRECTION('center_axis',(0.,0.,1.));
#10469=DIRECTION('ref_axis',(1.,0.,0.));
#10470=DIRECTION('',(0.,0.,-1.));
#10471=DIRECTION('center_axis',(0.,0.,1.));
#10472=DIRECTION('ref_axis',(1.,0.,0.));
#10473=DIRECTION('center_axis',(0.,0.,1.));
#10474=DIRECTION('ref_axis',(1.,0.,0.));
#10475=DIRECTION('center_axis',(0.,0.,1.));
#10476=DIRECTION('ref_axis',(1.,0.,0.));
#10477=DIRECTION('',(0.,0.,1.));
#10478=DIRECTION('center_axis',(0.,0.,1.));
#10479=DIRECTION('ref_axis',(1.,0.,0.));
#10480=DIRECTION('center_axis',(0.,0.,1.));
#10481=DIRECTION('ref_axis',(1.,0.,0.));
#10482=DIRECTION('center_axis',(0.,0.,1.));
#10483=DIRECTION('ref_axis',(1.,0.,0.));
#10484=DIRECTION('',(0.,0.,1.));
#10485=DIRECTION('center_axis',(0.,0.,1.));
#10486=DIRECTION('ref_axis',(1.,0.,0.));
#10487=DIRECTION('center_axis',(0.,0.,1.));
#10488=DIRECTION('ref_axis',(1.,0.,0.));
#10489=DIRECTION('',(-0.0871557427477314,-1.06735001383319E-17,0.996194698091739));
#10490=DIRECTION('center_axis',(0.,0.,1.));
#10491=DIRECTION('ref_axis',(1.,0.,0.));
#10492=DIRECTION('center_axis',(0.,0.,1.));
#10493=DIRECTION('ref_axis',(1.,0.,0.));
#10494=DIRECTION('center_axis',(0.,0.,1.));
#10495=DIRECTION('ref_axis',(1.,0.,0.));
#10496=DIRECTION('',(0.,0.,1.));
#10497=DIRECTION('center_axis',(0.,0.,1.));
#10498=DIRECTION('ref_axis',(1.,0.,0.));
#10499=DIRECTION('center_axis',(0.,0.,1.));
#10500=DIRECTION('ref_axis',(1.,0.,0.));
#10501=DIRECTION('center_axis',(0.,0.,1.));
#10502=DIRECTION('ref_axis',(1.,0.,0.));
#10503=DIRECTION('',(0.,0.,1.));
#10504=DIRECTION('center_axis',(0.,0.,1.));
#10505=DIRECTION('ref_axis',(1.,0.,0.));
#10506=DIRECTION('center_axis',(0.,0.,1.));
#10507=DIRECTION('ref_axis',(1.,0.,0.));
#10508=DIRECTION('',(-0.0871557427477314,-1.06735001383319E-17,0.996194698091739));
#10509=DIRECTION('center_axis',(0.,0.,1.));
#10510=DIRECTION('ref_axis',(1.,0.,0.));
#10511=DIRECTION('center_axis',(0.,0.,-1.));
#10512=DIRECTION('ref_axis',(-1.,0.,0.));
#10513=DIRECTION('center_axis',(0.,0.,1.));
#10514=DIRECTION('ref_axis',(1.,0.,0.));
#10515=DIRECTION('',(-0.034899496702552,4.27395569286339E-18,0.999390827019094));
#10516=DIRECTION('center_axis',(0.,0.,1.));
#10517=DIRECTION('ref_axis',(1.,0.,0.));
#10518=DIRECTION('center_axis',(0.,0.,-1.));
#10519=DIRECTION('ref_axis',(-1.,0.,0.));
#10520=DIRECTION('center_axis',(0.,0.,1.));
#10521=DIRECTION('ref_axis',(1.,0.,0.));
#10522=DIRECTION('',(-0.034899496702552,4.27395569286339E-18,0.999390827019094));
#10523=DIRECTION('center_axis',(0.,0.,1.));
#10524=DIRECTION('ref_axis',(1.,0.,0.));
#10525=DIRECTION('center_axis',(0.,0.,-1.));
#10526=DIRECTION('ref_axis',(-1.,0.,0.));
#10527=DIRECTION('',(0.,0.,-1.));
#10528=DIRECTION('center_axis',(0.,0.,-1.));
#10529=DIRECTION('ref_axis',(-1.,0.,0.));
#10530=DIRECTION('',(0.,0.,-1.));
#10531=DIRECTION('',(0.,0.,1.));
#10532=DIRECTION('center_axis',(0.,0.,1.));
#10533=DIRECTION('ref_axis',(1.,0.,0.));
#10534=DIRECTION('center_axis',(0.,0.,-1.));
#10535=DIRECTION('ref_axis',(-1.,0.,0.));
#10536=DIRECTION('',(0.,0.,1.));
#10537=DIRECTION('center_axis',(0.,0.,1.));
#10538=DIRECTION('ref_axis',(1.,0.,0.));
#10539=DIRECTION('',(0.,0.,-1.));
#10540=DIRECTION('center_axis',(0.,0.,-1.));
#10541=DIRECTION('ref_axis',(-1.,0.,0.));
#10542=DIRECTION('',(0.,0.,-1.));
#10543=DIRECTION('center_axis',(0.,-1.,0.));
#10544=DIRECTION('ref_axis',(0.,0.,-1.));
#10545=DIRECTION('center_axis',(0.,-1.,0.));
#10546=DIRECTION('ref_axis',(0.,0.,-1.));
#10547=DIRECTION('',(-1.21307383898898E-16,-0.137152378753667,0.990549960881434));
#10548=DIRECTION('center_axis',(0.,-1.,0.));
#10549=DIRECTION('ref_axis',(0.,0.,-1.));
#10550=DIRECTION('center_axis',(0.,1.,0.));
#10551=DIRECTION('ref_axis',(0.,0.,1.));
#10552=DIRECTION('center_axis',(0.,-1.,0.));
#10553=DIRECTION('ref_axis',(0.,0.,-1.));
#10554=DIRECTION('',(6.12323399573971E-17,-0.8660254037843,0.50000000000024));
#10555=DIRECTION('center_axis',(0.,-1.,0.));
#10556=DIRECTION('ref_axis',(0.,0.,-1.));
#10557=DIRECTION('center_axis',(0.,-1.,0.));
#10558=DIRECTION('ref_axis',(0.,0.,-1.));
#10559=DIRECTION('center_axis',(0.,-1.,0.));
#10560=DIRECTION('ref_axis',(0.,0.,-1.));
#10561=DIRECTION('',(-4.27395569285442E-18,-0.999390827019097,0.0348994967024787));
#10562=DIRECTION('center_axis',(0.,-1.,0.));
#10563=DIRECTION('ref_axis',(0.,0.,-1.));
#10564=DIRECTION('center_axis',(0.,-1.,0.));
#10565=DIRECTION('ref_axis',(0.,0.,-1.));
#10566=DIRECTION('center_axis',(0.,-1.,0.));
#10567=DIRECTION('ref_axis',(0.,0.,-1.));
#10568=DIRECTION('',(-1.21307383898898E-16,-0.137152378753667,0.990549960881434));
#10569=DIRECTION('center_axis',(0.,-1.,0.));
#10570=DIRECTION('ref_axis',(0.,0.,-1.));
#10571=DIRECTION('center_axis',(0.,1.,0.));
#10572=DIRECTION('ref_axis',(0.,0.,1.));
#10573=DIRECTION('center_axis',(0.,-1.,0.));
#10574=DIRECTION('ref_axis',(0.,0.,-1.));
#10575=DIRECTION('',(6.12323399573634E-17,-0.866025403784459,0.499999999999965));
#10576=DIRECTION('center_axis',(0.,-1.,0.));
#10577=DIRECTION('ref_axis',(0.,0.,-1.));
#10578=DIRECTION('center_axis',(0.,-1.,0.));
#10579=DIRECTION('ref_axis',(0.,0.,-1.));
#10580=DIRECTION('center_axis',(0.,-1.,0.));
#10581=DIRECTION('ref_axis',(0.,0.,-1.));
#10582=DIRECTION('',(-4.27395569285844E-18,-0.999390827019095,0.0348994967025116));
#10583=DIRECTION('center_axis',(0.,-1.,0.));
#10584=DIRECTION('ref_axis',(0.,0.,-1.));
#10585=DIRECTION('center_axis',(0.,1.,0.));
#10586=DIRECTION('ref_axis',(0.,0.,1.));
#10587=DIRECTION('center_axis',(0.,-1.,0.));
#10588=DIRECTION('ref_axis',(0.,0.,-1.));
#10589=DIRECTION('',(-4.27395569285844E-18,0.999390827019095,-0.0348994967025116));
#10590=DIRECTION('center_axis',(0.,-1.,0.));
#10591=DIRECTION('ref_axis',(0.,0.,-1.));
#10592=DIRECTION('center_axis',(0.,-1.,0.));
#10593=DIRECTION('ref_axis',(0.,0.,-1.));
#10594=DIRECTION('center_axis',(0.,-1.,0.));
#10595=DIRECTION('ref_axis',(0.,0.,-1.));
#10596=DIRECTION('',(6.12323399573634E-17,0.866025403784459,-0.499999999999965));
#10597=DIRECTION('center_axis',(0.,-1.,0.));
#10598=DIRECTION('ref_axis',(0.,0.,-1.));
#10599=DIRECTION('center_axis',(0.,1.,0.));
#10600=DIRECTION('ref_axis',(0.,0.,1.));
#10601=DIRECTION('center_axis',(0.,-1.,0.));
#10602=DIRECTION('ref_axis',(0.,0.,-1.));
#10603=DIRECTION('',(-1.21307383898898E-16,0.137152378753667,-0.990549960881434));
#10604=DIRECTION('center_axis',(0.,-1.,0.));
#10605=DIRECTION('ref_axis',(0.,0.,-1.));
#10606=DIRECTION('center_axis',(0.,1.,0.));
#10607=DIRECTION('ref_axis',(0.,0.,1.));
#10608=DIRECTION('center_axis',(0.,-1.,0.));
#10609=DIRECTION('ref_axis',(0.,0.,-1.));
#10610=DIRECTION('',(-4.27395569285442E-18,0.999390827019096,-0.0348994967024787));
#10611=DIRECTION('center_axis',(0.,-1.,0.));
#10612=DIRECTION('ref_axis',(0.,0.,-1.));
#10613=DIRECTION('center_axis',(0.,-1.,0.));
#10614=DIRECTION('ref_axis',(0.,0.,-1.));
#10615=DIRECTION('center_axis',(0.,-1.,0.));
#10616=DIRECTION('ref_axis',(0.,0.,-1.));
#10617=DIRECTION('',(6.12323399573971E-17,0.8660254037843,-0.50000000000024));
#10618=DIRECTION('center_axis',(0.,-1.,0.));
#10619=DIRECTION('ref_axis',(0.,0.,-1.));
#10620=DIRECTION('center_axis',(0.,1.,0.));
#10621=DIRECTION('ref_axis',(0.,0.,1.));
#10622=DIRECTION('center_axis',(0.,-1.,0.));
#10623=DIRECTION('ref_axis',(0.,0.,-1.));
#10624=DIRECTION('',(-1.21307383898898E-16,0.137152378753667,-0.990549960881434));
#10625=DIRECTION('center_axis',(0.,-1.,0.));
#10626=DIRECTION('ref_axis',(0.,0.,-1.));
#10627=DIRECTION('center_axis',(0.,0.,-1.));
#10628=DIRECTION('ref_axis',(-1.,0.,0.));
#10629=DIRECTION('center_axis',(0.,0.,1.));
#10630=DIRECTION('ref_axis',(1.,0.,0.));
#10631=DIRECTION('',(0.,0.,-1.));
#10632=DIRECTION('center_axis',(0.,0.,1.));
#10633=DIRECTION('ref_axis',(1.,0.,0.));
#10634=DIRECTION('',(0.,0.,-1.));
#10635=DIRECTION('center_axis',(-1.,0.,0.));
#10636=DIRECTION('ref_axis',(0.,0.,1.));
#10637=DIRECTION('center_axis',(1.,0.,0.));
#10638=DIRECTION('ref_axis',(0.,0.,-1.));
#10639=DIRECTION('',(-1.,0.,0.));
#10640=DIRECTION('center_axis',(1.,0.,0.));
#10641=DIRECTION('ref_axis',(0.,0.,-1.));
#10642=DIRECTION('',(-1.,0.,0.));
#10643=DIRECTION('center_axis',(1.,0.,0.));
#10644=DIRECTION('ref_axis',(0.,0.,-1.));
#10645=DIRECTION('',(-1.,0.,0.));
#10646=DIRECTION('center_axis',(-1.,0.,0.));
#10647=DIRECTION('ref_axis',(0.,0.,1.));
#10648=DIRECTION('',(1.,0.,0.));
#10649=DIRECTION('center_axis',(0.,0.,-1.));
#10650=DIRECTION('ref_axis',(-1.,0.,0.));
#10651=DIRECTION('center_axis',(0.,0.,-1.));
#10652=DIRECTION('ref_axis',(-1.,0.,0.));
#10653=DIRECTION('',(0.,0.,-1.));
#10654=DIRECTION('center_axis',(-0.998970569790715,0.,-0.0453629881292534));
#10655=DIRECTION('ref_axis',(-0.000601022775334428,0.999912225651428,0.013235549268239));
#10656=DIRECTION('center_axis',(-0.998970569790715,-1.50012320975673E-13,
-0.0453629881292511));
#10657=DIRECTION('ref_axis',(-0.000692606906616426,-0.999883435677471,0.015252388451961));
#10658=DIRECTION('',(0.,0.,1.));
#10659=DIRECTION('center_axis',(0.,0.,-1.));
#10660=DIRECTION('ref_axis',(-1.,0.,0.));
#10661=DIRECTION('center_axis',(0.,0.,-1.));
#10662=DIRECTION('ref_axis',(-1.,0.,0.));
#10663=DIRECTION('',(0.,0.,-1.));
#10664=DIRECTION('center_axis',(0.,0.,-1.));
#10665=DIRECTION('ref_axis',(-1.,0.,0.));
#10666=DIRECTION('',(0.,0.,1.));
#10667=DIRECTION('center_axis',(0.,0.,-1.));
#10668=DIRECTION('ref_axis',(-1.,0.,0.));
#10669=DIRECTION('center_axis',(0.,0.,-1.));
#10670=DIRECTION('ref_axis',(-1.,0.,0.));
#10671=DIRECTION('center_axis',(0.,0.,-1.));
#10672=DIRECTION('ref_axis',(-1.,0.,0.));
#10673=DIRECTION('center_axis',(0.,0.,-1.));
#10674=DIRECTION('ref_axis',(-1.,0.,0.));
#10675=DIRECTION('center_axis',(0.,0.,-1.));
#10676=DIRECTION('ref_axis',(-1.,0.,0.));
#10677=DIRECTION('center_axis',(0.,0.,-1.));
#10678=DIRECTION('ref_axis',(-1.,0.,0.));
#10679=DIRECTION('',(0.,0.,-1.));
#10680=DIRECTION('center_axis',(-0.998970569790715,0.,-0.0453629881292534));
#10681=DIRECTION('ref_axis',(-0.000601022775334508,0.999912225651426,0.0132355492683449));
#10682=DIRECTION('center_axis',(-0.998970569790715,-1.50012320978971E-13,
-0.0453629881292513));
#10683=DIRECTION('ref_axis',(-0.00069260690665891,-0.999883435677457,0.015252388452875));
#10684=DIRECTION('',(0.,0.,1.));
#10685=DIRECTION('center_axis',(0.,0.,-1.));
#10686=DIRECTION('ref_axis',(-1.,0.,0.));
#10687=DIRECTION('center_axis',(0.,0.,-1.));
#10688=DIRECTION('ref_axis',(-1.,0.,0.));
#10689=DIRECTION('',(0.,0.,-1.));
#10690=DIRECTION('center_axis',(0.,0.,-1.));
#10691=DIRECTION('ref_axis',(-1.,0.,0.));
#10692=DIRECTION('',(0.,0.,1.));
#10693=DIRECTION('center_axis',(0.,0.,-1.));
#10694=DIRECTION('ref_axis',(-1.,0.,0.));
#10695=DIRECTION('center_axis',(0.,0.,-1.));
#10696=DIRECTION('ref_axis',(-1.,0.,0.));
#10697=DIRECTION('center_axis',(0.,0.,-1.));
#10698=DIRECTION('ref_axis',(-1.,0.,0.));
#10699=DIRECTION('center_axis',(0.,0.,-1.));
#10700=DIRECTION('ref_axis',(-1.,0.,0.));
#10701=DIRECTION('center_axis',(0.,0.,1.));
#10702=DIRECTION('ref_axis',(1.,0.,0.));
#10703=DIRECTION('center_axis',(0.,0.,1.));
#10704=DIRECTION('ref_axis',(1.,0.,0.));
#10705=DIRECTION('center_axis',(0.,0.,-1.));
#10706=DIRECTION('ref_axis',(-1.,0.,0.));
#10707=DIRECTION('',(-1.,0.,0.));
#10708=DIRECTION('center_axis',(0.,0.,-1.));
#10709=DIRECTION('ref_axis',(-1.,0.,0.));
#10710=DIRECTION('',(0.,-1.,0.));
#10711=DIRECTION('',(1.,0.,0.));
#10712=DIRECTION('',(0.,-1.,0.));
#10713=DIRECTION('',(-1.,0.,0.));
#10714=DIRECTION('center_axis',(0.,0.,-1.));
#10715=DIRECTION('ref_axis',(-1.,0.,0.));
#10716=DIRECTION('',(-1.,3.2443402740087E-16,0.));
#10717=DIRECTION('',(0.,1.,0.));
#10718=DIRECTION('',(0.970295726275998,0.241921895599662,0.));
#10719=DIRECTION('',(0.,-1.,0.));
#10720=DIRECTION('center_axis',(0.,0.,-1.));
#10721=DIRECTION('ref_axis',(-1.,0.,0.));
#10722=DIRECTION('',(0.,1.,0.));
#10723=DIRECTION('',(0.970295726275998,-0.241921895599662,0.));
#10724=DIRECTION('',(0.,-1.,0.));
#10725=DIRECTION('center_axis',(0.,0.,1.));
#10726=DIRECTION('ref_axis',(1.,0.,0.));
#10727=DIRECTION('',(0.,-1.,0.));
#10728=DIRECTION('',(1.,0.,0.));
#10729=DIRECTION('',(0.,1.,0.));
#10730=DIRECTION('center_axis',(1.,0.,0.));
#10731=DIRECTION('ref_axis',(0.,0.,-1.));
#10732=DIRECTION('',(0.,0.,-1.));
#10733=DIRECTION('',(0.,-1.,0.));
#10734=DIRECTION('',(0.,0.,-1.));
#10735=DIRECTION('',(0.,-1.,0.));
#10736=DIRECTION('',(0.,0.,-1.));
#10737=DIRECTION('center_axis',(0.,-1.,0.));
#10738=DIRECTION('ref_axis',(0.,0.,-1.));
#10739=DIRECTION('',(-1.,0.,0.));
#10740=DIRECTION('',(0.,0.,1.));
#10741=DIRECTION('',(0.,0.,-1.));
#10742=DIRECTION('',(-1.,0.,0.));
#10743=DIRECTION('center_axis',(0.,0.,-1.));
#10744=DIRECTION('ref_axis',(-1.,0.,0.));
#10745=DIRECTION('',(1.,0.,0.));
#10746=DIRECTION('',(0.,1.,0.));
#10747=DIRECTION('',(-1.,0.,0.));
#10748=DIRECTION('',(0.,1.,0.));
#10749=DIRECTION('',(1.,0.,0.));
#10750=DIRECTION('center_axis',(0.,0.,-1.));
#10751=DIRECTION('ref_axis',(-1.,0.,0.));
#10752=DIRECTION('',(1.,-3.2443402740087E-16,0.));
#10753=DIRECTION('',(0.,-1.,0.));
#10754=DIRECTION('',(-0.970295726275998,-0.241921895599662,0.));
#10755=DIRECTION('',(0.,1.,0.));
#10756=DIRECTION('center_axis',(0.,0.,-1.));
#10757=DIRECTION('ref_axis',(-1.,0.,0.));
#10758=DIRECTION('',(0.,-1.,0.));
#10759=DIRECTION('',(-0.970295726275998,0.241921895599662,0.));
#10760=DIRECTION('',(0.,1.,0.));
#10761=DIRECTION('',(0.,1.,0.));
#10762=DIRECTION('',(-1.,0.,0.));
#10763=DIRECTION('',(0.,-1.,0.));
#10764=DIRECTION('center_axis',(0.,0.,1.));
#10765=DIRECTION('ref_axis',(1.,0.,0.));
#10766=DIRECTION('center_axis',(-1.,0.,0.));
#10767=DIRECTION('ref_axis',(0.,0.,1.));
#10768=DIRECTION('',(0.,1.,0.));
#10769=DIRECTION('',(0.,0.,-1.));
#10770=DIRECTION('',(0.,1.,0.));
#10771=DIRECTION('',(0.,0.,-1.));
#10772=DIRECTION('center_axis',(0.,1.,0.));
#10773=DIRECTION('ref_axis',(0.,0.,1.));
#10774=DIRECTION('',(1.,0.,0.));
#10775=DIRECTION('',(0.,0.,-1.));
#10776=DIRECTION('',(1.,0.,0.));
#10777=DIRECTION('center_axis',(0.,0.,-1.));
#10778=DIRECTION('ref_axis',(-1.,0.,0.));
#10779=DIRECTION('',(0.,1.,0.));
#10780=DIRECTION('center_axis',(0.,0.,1.));
#10781=DIRECTION('ref_axis',(-1.,5.66553889764798E-16,0.));
#10782=DIRECTION('center_axis',(0.,0.,-1.));
#10783=DIRECTION('ref_axis',(-1.,0.,0.));
#10784=DIRECTION('',(0.,1.,0.));
#10785=DIRECTION('center_axis',(0.,0.,1.));
#10786=DIRECTION('ref_axis',(-1.,-3.21624529935327E-16,0.));
#10787=DIRECTION('center_axis',(0.,0.,-1.));
#10788=DIRECTION('ref_axis',(-1.,0.,0.));
#10789=DIRECTION('',(1.,0.,0.));
#10790=DIRECTION('',(0.,1.,0.));
#10791=DIRECTION('',(1.,0.,0.));
#10792=DIRECTION('',(0.,-1.,0.));
#10793=DIRECTION('',(1.,0.,0.));
#10794=DIRECTION('',(0.,1.,0.));
#10795=DIRECTION('',(1.,0.,0.));
#10796=DIRECTION('',(0.,-1.,0.));
#10797=DIRECTION('',(-1.,0.,0.));
#10798=DIRECTION('',(0.,1.,0.));
#10799=DIRECTION('',(-1.,0.,0.));
#10800=DIRECTION('',(0.,-1.,0.));
#10801=DIRECTION('',(-1.,0.,0.));
#10802=DIRECTION('',(0.,1.,0.));
#10803=DIRECTION('',(-1.,0.,0.));
#10804=DIRECTION('',(0.,1.,0.));
#10805=DIRECTION('',(-1.,0.,0.));
#10806=DIRECTION('',(0.,-1.,0.));
#10807=DIRECTION('',(0.,1.,0.));
#10808=DIRECTION('',(-1.,0.,0.));
#10809=DIRECTION('',(0.,-1.,0.));
#10810=DIRECTION('',(-1.,0.,0.));
#10811=DIRECTION('',(0.,-1.,0.));
#10812=DIRECTION('',(-1.,0.,0.));
#10813=DIRECTION('',(0.,1.,0.));
#10814=DIRECTION('',(-1.,0.,0.));
#10815=DIRECTION('',(0.,-1.,0.));
#10816=DIRECTION('',(-1.,0.,0.));
#10817=DIRECTION('',(0.,1.,0.));
#10818=DIRECTION('',(1.,0.,0.));
#10819=DIRECTION('',(0.,-1.,0.));
#10820=DIRECTION('',(1.,0.,0.));
#10821=DIRECTION('',(0.,1.,0.));
#10822=DIRECTION('',(1.,0.,0.));
#10823=DIRECTION('',(0.,-1.,0.));
#10824=DIRECTION('',(1.,0.,0.));
#10825=DIRECTION('',(0.,-1.,0.));
#10826=DIRECTION('',(1.,0.,0.));
#10827=DIRECTION('',(0.,1.,0.));
#10828=DIRECTION('',(0.,-1.,0.));
#10829=DIRECTION('',(1.,0.,0.));
#10830=DIRECTION('',(0.,1.,0.));
#10831=DIRECTION('center_axis',(0.,0.,1.));
#10832=DIRECTION('ref_axis',(1.,0.,0.));
#10833=DIRECTION('center_axis',(0.,0.,1.));
#10834=DIRECTION('ref_axis',(1.,0.,0.));
#10835=DIRECTION('center_axis',(-1.,0.,0.));
#10836=DIRECTION('ref_axis',(0.,0.,1.));
#10837=DIRECTION('',(0.,1.,0.));
#10838=DIRECTION('',(0.,0.,-1.));
#10839=DIRECTION('',(0.,0.,-1.));
#10840=DIRECTION('',(0.,0.,-1.));
#10841=DIRECTION('',(0.,0.,-1.));
#10842=DIRECTION('center_axis',(1.,0.,0.));
#10843=DIRECTION('ref_axis',(0.,0.,-1.));
#10844=DIRECTION('',(0.,0.,-1.));
#10845=DIRECTION('',(0.,-1.,0.));
#10846=DIRECTION('',(0.,0.,-1.));
#10847=DIRECTION('',(0.,0.,-1.));
#10848=DIRECTION('',(0.,0.,-1.));
#10849=DIRECTION('center_axis',(0.,0.,1.));
#10850=DIRECTION('ref_axis',(1.,0.,0.));
#10851=DIRECTION('',(0.,-1.,0.));
#10852=DIRECTION('center_axis',(0.,0.,1.));
#10853=DIRECTION('ref_axis',(1.,0.,0.));
#10854=DIRECTION('',(0.,1.,0.));
#10855=DIRECTION('',(1.,0.,0.));
#10856=DIRECTION('center_axis',(0.,0.,-1.));
#10857=DIRECTION('ref_axis',(-1.,0.,0.));
#10858=DIRECTION('center_axis',(0.,0.,1.));
#10859=DIRECTION('ref_axis',(1.,0.,0.));
#10860=DIRECTION('',(-1.,0.,0.));
#10861=DIRECTION('',(0.,1.,0.));
#10862=DIRECTION('center_axis',(0.,0.,1.));
#10863=DIRECTION('ref_axis',(1.,0.,0.));
#10864=DIRECTION('',(0.,-1.,0.));
#10865=DIRECTION('center_axis',(0.,0.,-1.));
#10866=DIRECTION('ref_axis',(-1.,0.,0.));
#10867=DIRECTION('center_axis',(1.,0.,0.));
#10868=DIRECTION('ref_axis',(0.,0.,-1.));
#10869=DIRECTION('center_axis',(1.,0.,0.));
#10870=DIRECTION('ref_axis',(0.,0.,1.));
#10871=DIRECTION('',(1.,0.,0.));
#10872=DIRECTION('center_axis',(-1.,0.,0.));
#10873=DIRECTION('ref_axis',(0.,0.,-1.));
#10874=DIRECTION('center_axis',(1.,0.,0.));
#10875=DIRECTION('ref_axis',(0.,0.,-1.));
#10876=DIRECTION('center_axis',(-1.,0.,0.));
#10877=DIRECTION('ref_axis',(0.,0.,-1.));
#10878=DIRECTION('',(1.,0.,0.));
#10879=DIRECTION('center_axis',(1.,0.,0.));
#10880=DIRECTION('ref_axis',(0.,-5.77315972805081E-14,1.));
#10881=DIRECTION('center_axis',(0.,0.,-1.));
#10882=DIRECTION('ref_axis',(-1.,0.,0.));
#10883=DIRECTION('center_axis',(0.,0.,1.));
#10884=DIRECTION('ref_axis',(-1.,0.,0.));
#10885=DIRECTION('',(0.,1.,0.));
#10886=DIRECTION('center_axis',(0.,0.,1.));
#10887=DIRECTION('ref_axis',(-1.,0.,0.));
#10888=DIRECTION('',(1.,0.,0.));
#10889=DIRECTION('center_axis',(0.,0.,1.));
#10890=DIRECTION('ref_axis',(-1.,0.,0.));
#10891=DIRECTION('',(0.,-1.,0.));
#10892=DIRECTION('center_axis',(0.,0.,1.));
#10893=DIRECTION('ref_axis',(-1.,0.,0.));
#10894=DIRECTION('',(-1.,0.,0.));
#10895=DIRECTION('',(0.,-1.,0.));
#10896=DIRECTION('',(-1.,0.,0.));
#10897=DIRECTION('',(0.,-1.,0.));
#10898=DIRECTION('',(-1.,0.,0.));
#10899=DIRECTION('center_axis',(0.,0.500000000000032,0.86602540378442));
#10900=DIRECTION('ref_axis',(0.,-0.86602540378442,0.500000000000032));
#10901=DIRECTION('center_axis',(-4.84212947682826E-14,-0.500000000000069,
-0.866025403784399));
#10902=DIRECTION('ref_axis',(-8.41594393855686E-13,0.866025403784399,-0.500000000000069));
#10903=DIRECTION('',(-1.,0.,0.));
#10904=DIRECTION('',(0.,0.86602540378442,-0.500000000000032));
#10905=DIRECTION('',(-1.,0.,0.));
#10906=DIRECTION('',(0.,0.86602540378442,-0.500000000000032));
#10907=DIRECTION('',(-1.,0.,0.));
#10908=DIRECTION('center_axis',(5.0637372332047E-14,-0.500000000000054,
-0.866025403784408));
#10909=DIRECTION('ref_axis',(-2.39472351993184E-12,0.866025403784408,-0.500000000000054));
#10910=DIRECTION('',(0.,0.86602540378442,-0.500000000000032));
#10911=DIRECTION('center_axis',(-6.64823269129647E-16,-0.500000000000035,
-0.866025403784419));
#10912=DIRECTION('ref_axis',(5.22948222838924E-13,0.866025403784419,-0.500000000000035));
#10913=DIRECTION('',(-1.,0.,0.));
#10914=DIRECTION('center_axis',(1.40720925299122E-14,-0.500000000000033,
-0.86602540378442));
#10915=DIRECTION('ref_axis',(3.55767366107862E-12,0.86602540378442,-0.500000000000033));
#10916=DIRECTION('',(0.,-0.86602540378442,0.500000000000032));
#10917=DIRECTION('center_axis',(0.,0.,-1.));
#10918=DIRECTION('ref_axis',(-1.,0.,0.));
#10919=DIRECTION('center_axis',(0.,0.,1.));
#10920=DIRECTION('ref_axis',(-1.,0.,0.));
#10921=DIRECTION('',(0.,1.,0.));
#10922=DIRECTION('center_axis',(0.,0.,1.));
#10923=DIRECTION('ref_axis',(-1.,0.,0.));
#10924=DIRECTION('',(1.,0.,0.));
#10925=DIRECTION('center_axis',(0.,0.,1.));
#10926=DIRECTION('ref_axis',(-1.,0.,0.));
#10927=DIRECTION('',(0.,-1.,0.));
#10928=DIRECTION('center_axis',(0.,0.,1.));
#10929=DIRECTION('ref_axis',(-1.,0.,0.));
#10930=DIRECTION('',(-1.,0.,0.));
#10931=DIRECTION('',(0.,-1.,0.));
#10932=DIRECTION('',(-1.,0.,0.));
#10933=DIRECTION('',(0.,-1.,0.));
#10934=DIRECTION('',(-1.,0.,0.));
#10935=DIRECTION('center_axis',(0.,0.500000000000032,0.86602540378442));
#10936=DIRECTION('ref_axis',(0.,-0.86602540378442,0.500000000000032));
#10937=DIRECTION('center_axis',(1.58449545809231E-14,-0.500000000000021,
-0.866025403784426));
#10938=DIRECTION('ref_axis',(6.55175545507695E-12,0.866025403784426,-0.500000000000021));
#10939=DIRECTION('',(-1.,0.,0.));
#10940=DIRECTION('',(0.,0.86602540378442,-0.500000000000032));
#10941=DIRECTION('',(-1.,0.,0.));
#10942=DIRECTION('',(0.,0.86602540378442,-0.500000000000032));
#10943=DIRECTION('',(-1.,0.,0.));
#10944=DIRECTION('center_axis',(-7.97787922955696E-15,-0.50000000000001,
-0.866025403784433));
#10945=DIRECTION('ref_axis',(2.27929557022155E-12,0.866025403784433,-0.50000000000001));
#10946=DIRECTION('',(0.,0.86602540378442,-0.500000000000032));
#10947=DIRECTION('center_axis',(1.50139254945108E-14,-0.500000000000023,
-0.866025403784425));
#10948=DIRECTION('ref_axis',(-1.78994609330635E-12,0.866025403784425,-0.500000000000023));
#10949=DIRECTION('',(-1.,0.,0.));
#10950=DIRECTION('center_axis',(1.69529933628074E-14,-0.500000000000035,
-0.866025403784419));
#10951=DIRECTION('ref_axis',(9.92788750510576E-13,0.866025403784418,-0.500000000000035));
#10952=DIRECTION('',(0.,-0.86602540378442,0.500000000000032));
#10953=DIRECTION('center_axis',(0.,0.,-1.));
#10954=DIRECTION('ref_axis',(-1.,0.,0.));
#10955=DIRECTION('center_axis',(0.,0.,1.));
#10956=DIRECTION('ref_axis',(-1.,0.,0.));
#10957=DIRECTION('',(0.,-1.,0.));
#10958=DIRECTION('center_axis',(0.,0.,1.));
#10959=DIRECTION('ref_axis',(-1.,0.,0.));
#10960=DIRECTION('',(-1.,0.,0.));
#10961=DIRECTION('center_axis',(0.,0.,1.));
#10962=DIRECTION('ref_axis',(-1.,0.,0.));
#10963=DIRECTION('',(0.,1.,0.));
#10964=DIRECTION('center_axis',(0.,0.,1.));
#10965=DIRECTION('ref_axis',(-1.,0.,0.));
#10966=DIRECTION('',(-1.,0.,0.));
#10967=DIRECTION('',(0.,-1.,0.));
#10968=DIRECTION('',(-1.,0.,0.));
#10969=DIRECTION('',(0.,-1.,0.));
#10970=DIRECTION('',(-1.,0.,0.));
#10971=DIRECTION('center_axis',(0.,-0.500000000000032,0.86602540378442));
#10972=DIRECTION('ref_axis',(0.,-0.86602540378442,-0.500000000000032));
#10973=DIRECTION('center_axis',(4.01110039041586E-14,0.500000000000057,
-0.866025403784406));
#10974=DIRECTION('ref_axis',(2.98486923461915E-12,0.866025403784406,0.500000000000057));
#10975=DIRECTION('',(-1.,0.,0.));
#10976=DIRECTION('',(0.,0.86602540378442,0.500000000000032));
#10977=DIRECTION('',(-1.,0.,0.));
#10978=DIRECTION('',(0.,0.86602540378442,0.500000000000032));
#10979=DIRECTION('',(-1.,0.,0.));
#10980=DIRECTION('center_axis',(-1.89474631701973E-14,0.500000000000036,
-0.866025403784418));
#10981=DIRECTION('ref_axis',(-1.57968297365963E-12,0.866025403784418,0.500000000000036));
#10982=DIRECTION('',(0.,-0.86602540378442,-0.500000000000032));
#10983=DIRECTION('center_axis',(-4.67592365954528E-14,0.500000000000005,
-0.866025403784436));
#10984=DIRECTION('ref_axis',(-6.12364240216754E-14,0.866025403784436,0.500000000000005));
#10985=DIRECTION('',(1.,0.,0.));
#10986=DIRECTION('center_axis',(-1.9501482561138E-14,0.500000000000043,
-0.866025403784414));
#10987=DIRECTION('ref_axis',(3.92725986623884E-12,0.866025403784414,0.500000000000043));
#10988=DIRECTION('',(0.,0.86602540378442,0.500000000000032));
#10989=DIRECTION('center_axis',(0.,1.,0.));
#10990=DIRECTION('ref_axis',(0.,0.,1.));
#10991=DIRECTION('',(-1.,0.,0.));
#10992=DIRECTION('',(0.173648177666929,0.,-0.984807753012208));
#10993=DIRECTION('center_axis',(0.,1.,0.));
#10994=DIRECTION('ref_axis',(0.,0.,1.));
#10995=DIRECTION('',(1.,0.,0.));
#10996=DIRECTION('center_axis',(0.,1.,0.));
#10997=DIRECTION('ref_axis',(0.,0.,1.));
#10998=DIRECTION('',(0.173648177666929,0.,0.984807753012208));
#10999=DIRECTION('center_axis',(0.,1.,0.));
#11000=DIRECTION('ref_axis',(0.,0.,1.));
#11001=DIRECTION('',(-1.,0.,0.));
#11002=DIRECTION('',(0.173648177666929,0.,0.984807753012208));
#11003=DIRECTION('center_axis',(0.,1.,0.));
#11004=DIRECTION('ref_axis',(0.,0.,1.));
#11005=DIRECTION('',(1.,0.,0.));
#11006=DIRECTION('center_axis',(0.,1.,0.));
#11007=DIRECTION('ref_axis',(0.,0.,1.));
#11008=DIRECTION('',(0.173648177666929,0.,-0.984807753012208));
#11009=DIRECTION('center_axis',(0.,0.,-1.));
#11010=DIRECTION('ref_axis',(-1.,0.,0.));
#11011=DIRECTION('',(0.,-1.,0.));
#11012=DIRECTION('',(0.970295726275998,-0.241921895599662,0.));
#11013=DIRECTION('',(0.,1.,0.));
#11014=DIRECTION('',(-0.970295726275995,0.241921895599675,0.));
#11015=DIRECTION('',(-1.,0.,0.));
#11016=DIRECTION('',(0.,1.,0.));
#11017=DIRECTION('',(1.,0.,0.));
#11018=DIRECTION('',(0.,1.,0.));
#11019=DIRECTION('',(1.,0.,0.));
#11020=DIRECTION('',(0.,1.,0.));
#11021=DIRECTION('',(1.,0.,0.));
#11022=DIRECTION('',(0.970295726275998,0.241921895599659,0.));
#11023=DIRECTION('',(0.,1.,0.));
#11024=DIRECTION('',(-0.970295726275998,-0.241921895599662,0.));
#11025=DIRECTION('',(0.,-1.,0.));
#11026=DIRECTION('',(1.,-3.2443402740087E-16,0.));
#11027=DIRECTION('center_axis',(0.,0.,-1.));
#11028=DIRECTION('ref_axis',(-1.,0.,0.));
#11029=DIRECTION('',(1.,0.,0.));
#11030=DIRECTION('',(0.,1.,0.));
#11031=DIRECTION('',(-1.,0.,0.));
#11032=DIRECTION('',(0.,1.,0.));
#11033=DIRECTION('',(-0.970295726275998,0.241921895599662,0.));
#11034=DIRECTION('',(0.,-1.,0.));
#11035=DIRECTION('',(0.970295726275998,-0.241921895599659,0.));
#11036=DIRECTION('',(1.,0.,0.));
#11037=DIRECTION('',(0.,1.,0.));
#11038=DIRECTION('',(1.,0.,0.));
#11039=DIRECTION('',(0.,1.,0.));
#11040=DIRECTION('',(1.,0.,0.));
#11041=DIRECTION('',(0.,1.,0.));
#11042=DIRECTION('',(-1.,0.,0.));
#11043=DIRECTION('',(-0.970295726275995,-0.241921895599675,0.));
#11044=DIRECTION('',(0.,-1.,0.));
#11045=DIRECTION('',(0.970295726275998,0.241921895599662,0.));
#11046=DIRECTION('',(0.,1.,0.));
#11047=DIRECTION('',(-1.,3.2443402740087E-16,0.));
#11048=DIRECTION('center_axis',(0.,0.,-1.));
#11049=DIRECTION('ref_axis',(-1.,0.,0.));
#11050=DIRECTION('',(-1.,0.,0.));
#11051=DIRECTION('',(0.,-1.,0.));
#11052=DIRECTION('',(1.,0.,0.));
#11053=DIRECTION('',(1.,0.,0.));
#11054=DIRECTION('',(0.,1.,0.));
#11055=DIRECTION('',(-1.,0.,0.));
#11056=DIRECTION('',(0.,-1.,0.));
#11057=DIRECTION('',(0.,1.,0.));
#11058=DIRECTION('',(-1.,0.,0.));
#11059=DIRECTION('',(0.,-1.,0.));
#11060=DIRECTION('',(1.,0.,0.));
#11061=DIRECTION('center_axis',(0.,1.,0.));
#11062=DIRECTION('ref_axis',(0.,0.,1.));
#11063=DIRECTION('',(0.,0.,-1.));
#11064=DIRECTION('',(0.,0.,-1.));
#11065=DIRECTION('',(-1.,0.,0.));
#11066=DIRECTION('',(0.173648177666929,0.,0.984807753012208));
#11067=DIRECTION('center_axis',(0.,1.,0.));
#11068=DIRECTION('ref_axis',(0.,0.,1.));
#11069=DIRECTION('',(1.,0.,0.));
#11070=DIRECTION('center_axis',(0.,1.,0.));
#11071=DIRECTION('ref_axis',(0.,0.,1.));
#11072=DIRECTION('',(0.173648177666929,0.,-0.984807753012208));
#11073=DIRECTION('',(-1.,0.,0.));
#11074=DIRECTION('',(0.,0.,-1.));
#11075=DIRECTION('',(0.,0.,-1.));
#11076=DIRECTION('',(0.,0.,-1.));
#11077=DIRECTION('',(0.,0.,1.));
#11078=DIRECTION('',(0.,0.,-1.));
#11079=DIRECTION('',(0.,0.,1.));
#11080=DIRECTION('',(0.,0.,-1.));
#11081=DIRECTION('',(0.,0.,1.));
#11082=DIRECTION('',(0.,0.,-1.));
#11083=DIRECTION('',(0.,0.,1.));
#11084=DIRECTION('center_axis',(0.,-1.,0.));
#11085=DIRECTION('ref_axis',(0.,0.,-1.));
#11086=DIRECTION('',(0.,0.,1.));
#11087=DIRECTION('',(0.,0.,1.));
#11088=DIRECTION('',(0.,0.,-1.));
#11089=DIRECTION('',(-1.,0.,0.));
#11090=DIRECTION('',(0.173648177666929,0.,-0.984807753012208));
#11091=DIRECTION('center_axis',(0.,1.,0.));
#11092=DIRECTION('ref_axis',(0.,0.,1.));
#11093=DIRECTION('',(1.,0.,0.));
#11094=DIRECTION('center_axis',(0.,1.,0.));
#11095=DIRECTION('ref_axis',(0.,0.,1.));
#11096=DIRECTION('',(0.173648177666929,0.,0.984807753012208));
#11097=DIRECTION('',(-1.,0.,0.));
#11098=DIRECTION('',(0.,0.,-1.));
#11099=DIRECTION('',(0.,0.,-1.));
#11100=DIRECTION('',(0.,0.,-1.));
#11101=DIRECTION('',(0.,0.,-1.));
#11102=DIRECTION('',(0.,0.,-1.));
#11103=DIRECTION('center_axis',(0.,0.,1.));
#11104=DIRECTION('ref_axis',(1.,0.,0.));
#11105=DIRECTION('',(0.,1.,0.));
#11106=DIRECTION('center_axis',(0.,0.,-1.));
#11107=DIRECTION('ref_axis',(-1.,0.,0.));
#11108=DIRECTION('',(0.,-1.,0.));
#11109=DIRECTION('',(0.970295726275995,0.241921895599675,0.));
#11110=DIRECTION('',(0.,-1.,0.));
#11111=DIRECTION('center_axis',(0.,0.,-1.));
#11112=DIRECTION('ref_axis',(-1.,0.,0.));
#11113=DIRECTION('',(0.,1.,0.));
#11114=DIRECTION('',(0.970295726275995,-0.241921895599675,0.));
#11115=DIRECTION('center_axis',(0.,0.,1.));
#11116=DIRECTION('ref_axis',(1.,0.,0.));
#11117=DIRECTION('',(0.,-1.,0.));
#11118=DIRECTION('center_axis',(0.,0.,-1.));
#11119=DIRECTION('ref_axis',(-1.,0.,0.));
#11120=DIRECTION('',(0.,1.,0.));
#11121=DIRECTION('',(-0.970295726275998,-0.241921895599659,0.));
#11122=DIRECTION('center_axis',(0.,0.,1.));
#11123=DIRECTION('ref_axis',(1.,0.,0.));
#11124=DIRECTION('',(-0.970295726275998,0.241921895599659,0.));
#11125=DIRECTION('',(-1.,0.,0.));
#11126=DIRECTION('',(1.,0.,0.));
#11127=DIRECTION('center_axis',(0.,0.,1.));
#11128=DIRECTION('ref_axis',(1.,0.,0.));
#11129=DIRECTION('center_axis',(1.,0.,0.));
#11130=DIRECTION('ref_axis',(0.,0.,-1.));
#11131=DIRECTION('',(0.,-0.173648177666941,-0.984807753012206));
#11132=DIRECTION('center_axis',(1.,0.,0.));
#11133=DIRECTION('ref_axis',(0.,0.,-1.));
#11134=DIRECTION('center_axis',(1.,0.,0.));
#11135=DIRECTION('ref_axis',(0.,0.,-1.));
#11136=DIRECTION('center_axis',(1.,0.,0.));
#11137=DIRECTION('ref_axis',(0.,0.,-1.));
#11138=DIRECTION('',(0.,-0.173648177666941,0.984807753012206));
#11139=DIRECTION('center_axis',(1.,0.,0.));
#11140=DIRECTION('ref_axis',(0.,0.,-1.));
#11141=DIRECTION('',(0.,-0.173648177666941,0.984807753012206));
#11142=DIRECTION('center_axis',(1.,0.,0.));
#11143=DIRECTION('ref_axis',(0.,0.,-1.));
#11144=DIRECTION('center_axis',(1.,0.,0.));
#11145=DIRECTION('ref_axis',(0.,0.,-1.));
#11146=DIRECTION('center_axis',(1.,0.,0.));
#11147=DIRECTION('ref_axis',(0.,0.,-1.));
#11148=DIRECTION('',(0.,-0.173648177666941,-0.984807753012206));
#11149=DIRECTION('center_axis',(1.,0.,0.));
#11150=DIRECTION('ref_axis',(0.,0.,-1.));
#11151=DIRECTION('',(0.,-0.173648177666941,-0.984807753012206));
#11152=DIRECTION('',(0.,-0.173648177666941,0.984807753012206));
#11153=DIRECTION('center_axis',(1.,0.,0.));
#11154=DIRECTION('ref_axis',(0.,0.,-1.));
#11155=DIRECTION('center_axis',(1.,0.,0.));
#11156=DIRECTION('ref_axis',(0.,0.,-1.));
#11157=DIRECTION('center_axis',(1.,0.,0.));
#11158=DIRECTION('ref_axis',(0.,0.,-1.));
#11159=DIRECTION('center_axis',(1.,0.,0.));
#11160=DIRECTION('ref_axis',(0.,0.,-1.));
#11161=DIRECTION('',(0.,-0.173648177666941,-0.984807753012206));
#11162=DIRECTION('center_axis',(1.,0.,0.));
#11163=DIRECTION('ref_axis',(0.,0.,-1.));
#11164=DIRECTION('center_axis',(1.,0.,0.));
#11165=DIRECTION('ref_axis',(0.,0.,-1.));
#11166=DIRECTION('center_axis',(1.,0.,0.));
#11167=DIRECTION('ref_axis',(0.,0.,-1.));
#11168=DIRECTION('',(0.,-0.173648177666941,0.984807753012206));
#11169=DIRECTION('center_axis',(-0.241921895599659,-0.970295726275999,0.));
#11170=DIRECTION('ref_axis',(0.970295726275998,-0.241921895599659,0.));
#11171=DIRECTION('',(0.,0.,1.));
#11172=DIRECTION('',(0.,0.,-1.));
#11173=DIRECTION('',(-0.970295726275998,0.241921895599659,0.));
#11174=DIRECTION('center_axis',(0.241921895599659,-0.970295726275999,0.));
#11175=DIRECTION('ref_axis',(0.970295726275998,0.241921895599659,0.));
#11176=DIRECTION('',(0.,0.,-1.));
#11177=DIRECTION('',(-0.970295726275998,-0.241921895599659,0.));
#11178=DIRECTION('',(0.,0.,-1.));
#11179=DIRECTION('center_axis',(0.241921895599675,0.970295726275995,0.));
#11180=DIRECTION('ref_axis',(-0.970295726275995,0.241921895599675,0.));
#11181=DIRECTION('',(0.,0.,1.));
#11182=DIRECTION('',(0.,0.,-1.));
#11183=DIRECTION('',(0.970295726275995,-0.241921895599675,0.));
#11184=DIRECTION('center_axis',(-0.241921895599675,0.970295726275995,0.));
#11185=DIRECTION('ref_axis',(-0.970295726275995,-0.241921895599675,0.));
#11186=DIRECTION('',(0.,0.,-1.));
#11187=DIRECTION('',(0.970295726275995,0.241921895599675,0.));
#11188=DIRECTION('',(0.,0.,-1.));
#11189=DIRECTION('center_axis',(1.,0.,0.));
#11190=DIRECTION('ref_axis',(0.,0.,-1.));
#11191=DIRECTION('',(1.,0.,0.));
#11192=DIRECTION('',(1.,0.,0.));
#11193=DIRECTION('center_axis',(0.,0.984807753012206,0.173648177666941));
#11194=DIRECTION('ref_axis',(0.,-0.173648177666941,0.984807753012206));
#11195=DIRECTION('center_axis',(0.,-0.984807753012206,0.173648177666941));
#11196=DIRECTION('ref_axis',(0.,-0.173648177666941,-0.984807753012206));
#11197=DIRECTION('',(1.,0.,0.));
#11198=DIRECTION('center_axis',(1.,0.,0.));
#11199=DIRECTION('ref_axis',(0.,0.,-1.));
#11200=DIRECTION('',(1.,0.,0.));
#11201=DIRECTION('center_axis',(1.,0.,0.));
#11202=DIRECTION('ref_axis',(0.,1.22464679914735E-16,1.));
#11203=DIRECTION('center_axis',(1.,0.,0.));
#11204=DIRECTION('ref_axis',(0.,0.,-1.));
#11205=DIRECTION('',(1.,0.,0.));
#11206=DIRECTION('',(1.,0.,0.));
#11207=DIRECTION('center_axis',(0.,0.984807753012206,0.173648177666941));
#11208=DIRECTION('ref_axis',(0.,-0.173648177666941,0.984807753012206));
#11209=DIRECTION('center_axis',(0.,-0.984807753012206,0.173648177666941));
#11210=DIRECTION('ref_axis',(0.,-0.173648177666941,-0.984807753012206));
#11211=DIRECTION('',(1.,0.,0.));
#11212=DIRECTION('center_axis',(1.,0.,0.));
#11213=DIRECTION('ref_axis',(0.,0.,-1.));
#11214=DIRECTION('',(1.,0.,0.));
#11215=DIRECTION('center_axis',(1.,0.,0.));
#11216=DIRECTION('ref_axis',(0.,1.22464679914735E-16,1.));
#11217=DIRECTION('center_axis',(0.,0.,-1.));
#11218=DIRECTION('ref_axis',(1.,1.22464679914735E-16,0.));
#11219=DIRECTION('',(0.,0.,-1.));
#11220=DIRECTION('center_axis',(0.,0.,1.));
#11221=DIRECTION('ref_axis',(1.,0.,0.));
#11222=DIRECTION('',(0.,0.,-1.));
#11223=DIRECTION('center_axis',(0.,1.,0.));
#11224=DIRECTION('ref_axis',(0.,0.,1.));
#11225=DIRECTION('',(1.,0.,0.));
#11226=DIRECTION('center_axis',(0.,-1.,0.));
#11227=DIRECTION('ref_axis',(0.,0.,-1.));
#11228=DIRECTION('',(-1.,0.,0.));
#11229=DIRECTION('center_axis',(0.,0.,-1.));
#11230=DIRECTION('ref_axis',(-1.,0.,0.));
#11231=DIRECTION('center_axis',(0.,0.,1.));
#11232=DIRECTION('ref_axis',(1.,0.,0.));
#11233=DIRECTION('center_axis',(0.,0.,-1.));
#11234=DIRECTION('ref_axis',(-1.,0.,0.));
#11235=DIRECTION('',(0.,1.,0.));
#11236=DIRECTION('',(0.,1.,0.));
#11237=DIRECTION('center_axis',(0.,0.,-1.));
#11238=DIRECTION('ref_axis',(-1.,0.,0.));
#11239=DIRECTION('',(0.,1.,0.));
#11240=DIRECTION('center_axis',(0.,0.,-1.));
#11241=DIRECTION('ref_axis',(-1.,0.,0.));
#11242=DIRECTION('',(0.,-1.,0.));
#11243=DIRECTION('',(0.,1.,0.));
#11244=DIRECTION('',(0.,1.,0.));
#11245=DIRECTION('center_axis',(-1.,0.,0.));
#11246=DIRECTION('ref_axis',(0.,0.,1.));
#11247=DIRECTION('',(0.,0.,-1.));
#11248=DIRECTION('center_axis',(0.,0.,-1.));
#11249=DIRECTION('ref_axis',(-1.,0.,0.));
#11250=DIRECTION('',(0.,0.,-1.));
#11251=DIRECTION('center_axis',(1.,0.,0.));
#11252=DIRECTION('ref_axis',(0.,0.,-1.));
#11253=DIRECTION('center_axis',(1.,0.,0.));
#11254=DIRECTION('ref_axis',(0.,0.,-1.));
#11255=DIRECTION('',(0.,0.,-1.));
#11256=DIRECTION('',(0.,0.,-1.));
#11257=DIRECTION('center_axis',(-1.,0.,0.));
#11258=DIRECTION('ref_axis',(0.,0.,1.));
#11259=DIRECTION('',(0.,0.,-1.));
#11260=DIRECTION('',(0.,0.,-1.));
#11261=DIRECTION('center_axis',(-1.,0.,0.));
#11262=DIRECTION('ref_axis',(0.,0.,1.));
#11263=DIRECTION('',(0.,0.,-1.));
#11264=DIRECTION('',(0.,0.,-1.));
#11265=DIRECTION('center_axis',(1.,0.,0.));
#11266=DIRECTION('ref_axis',(0.,0.,-1.));
#11267=DIRECTION('',(0.,0.,-1.));
#11268=DIRECTION('',(0.,0.,-1.));
#11269=DIRECTION('center_axis',(0.,0.,-1.));
#11270=DIRECTION('ref_axis',(-1.,0.,0.));
#11271=DIRECTION('center_axis',(0.,0.,-1.));
#11272=DIRECTION('ref_axis',(-1.,0.,0.));
#11273=DIRECTION('center_axis',(1.,0.,0.));
#11274=DIRECTION('ref_axis',(0.,0.,-1.));
#11275=DIRECTION('',(0.,0.,-1.));
#11276=DIRECTION('',(0.,0.,-1.));
#11277=DIRECTION('center_axis',(3.2443402740087E-16,1.,0.));
#11278=DIRECTION('ref_axis',(-1.,3.2443402740087E-16,0.));
#11279=DIRECTION('',(0.,0.,-1.));
#11280=DIRECTION('center_axis',(0.,0.,-1.));
#11281=DIRECTION('ref_axis',(-1.,0.,0.));
#11282=DIRECTION('',(0.,0.,-1.));
#11283=DIRECTION('center_axis',(0.,1.,0.));
#11284=DIRECTION('ref_axis',(0.,0.,1.));
#11285=DIRECTION('',(0.,0.,-1.));
#11286=DIRECTION('center_axis',(-1.,0.,0.));
#11287=DIRECTION('ref_axis',(0.,0.,1.));
#11288=DIRECTION('',(0.,0.,-1.));
#11289=DIRECTION('center_axis',(0.,-1.,0.));
#11290=DIRECTION('ref_axis',(0.,0.,-1.));
#11291=DIRECTION('center_axis',(-1.,0.,0.));
#11292=DIRECTION('ref_axis',(0.,0.,1.));
#11293=DIRECTION('',(0.,0.,-1.));
#11294=DIRECTION('center_axis',(-0.241921895599662,-0.970295726275998,0.));
#11295=DIRECTION('ref_axis',(0.970295726275998,-0.241921895599662,0.));
#11296=DIRECTION('center_axis',(0.241921895599662,-0.970295726275998,0.));
#11297=DIRECTION('ref_axis',(0.970295726275998,0.241921895599662,0.));
#11298=DIRECTION('center_axis',(1.,0.,0.));
#11299=DIRECTION('ref_axis',(0.,0.,-1.));
#11300=DIRECTION('',(0.,0.,-1.));
#11301=DIRECTION('center_axis',(0.241921895599662,0.970295726275998,0.));
#11302=DIRECTION('ref_axis',(-0.970295726275998,0.241921895599662,0.));
#11303=DIRECTION('center_axis',(-0.241921895599662,0.970295726275998,0.));
#11304=DIRECTION('ref_axis',(-0.970295726275998,-0.241921895599662,0.));
#11305=DIRECTION('',(0.,0.,-1.));
#11306=DIRECTION('center_axis',(-1.,0.,0.));
#11307=DIRECTION('ref_axis',(0.,0.,1.));
#11308=DIRECTION('',(0.,0.,-1.));
#11309=DIRECTION('center_axis',(-3.2443402740087E-16,-1.,0.));
#11310=DIRECTION('ref_axis',(1.,-3.2443402740087E-16,0.));
#11311=DIRECTION('',(0.,0.,-1.));
#11312=DIRECTION('center_axis',(0.,0.,-1.));
#11313=DIRECTION('ref_axis',(-1.,0.,0.));
#11314=DIRECTION('',(0.,0.,-1.));
#11315=DIRECTION('center_axis',(0.,-1.,0.));
#11316=DIRECTION('ref_axis',(0.,0.,-1.));
#11317=DIRECTION('',(0.,0.,-1.));
#11318=DIRECTION('center_axis',(1.,0.,0.));
#11319=DIRECTION('ref_axis',(0.,0.,-1.));
#11320=DIRECTION('',(0.,0.,-1.));
#11321=DIRECTION('center_axis',(0.,1.,0.));
#11322=DIRECTION('ref_axis',(0.,0.,1.));
#11323=DIRECTION('center_axis',(0.,-1.,0.));
#11324=DIRECTION('ref_axis',(0.,0.,-1.));
#11325=DIRECTION('',(0.,0.,-1.));
#11326=DIRECTION('',(0.,0.,-1.));
#11327=DIRECTION('center_axis',(1.,0.,0.));
#11328=DIRECTION('ref_axis',(0.,0.,-1.));
#11329=DIRECTION('',(0.,0.,-1.));
#11330=DIRECTION('center_axis',(0.,0.,-1.));
#11331=DIRECTION('ref_axis',(-1.,0.,0.));
#11332=DIRECTION('',(0.,0.,-1.));
#11333=DIRECTION('center_axis',(-1.,0.,0.));
#11334=DIRECTION('ref_axis',(0.,0.,1.));
#11335=DIRECTION('center_axis',(1.,0.,0.));
#11336=DIRECTION('ref_axis',(0.,0.,-1.));
#11337=DIRECTION('',(0.,0.,-1.));
#11338=DIRECTION('',(0.,0.,-1.));
#11339=DIRECTION('center_axis',(0.,1.,0.));
#11340=DIRECTION('ref_axis',(0.,0.,1.));
#11341=DIRECTION('',(0.,0.,-1.));
#11342=DIRECTION('center_axis',(-1.,0.,0.));
#11343=DIRECTION('ref_axis',(0.,0.,1.));
#11344=DIRECTION('',(0.,0.,-1.));
#11345=DIRECTION('center_axis',(0.,0.,-1.));
#11346=DIRECTION('ref_axis',(-1.,0.,0.));
#11347=DIRECTION('center_axis',(0.984807753012208,0.,0.173648177666929));
#11348=DIRECTION('ref_axis',(0.173648177666929,0.,-0.984807753012208));
#11349=DIRECTION('',(0.,1.,0.));
#11350=DIRECTION('center_axis',(0.,1.,0.));
#11351=DIRECTION('ref_axis',(0.,0.,1.));
#11352=DIRECTION('',(0.,1.,0.));
#11353=DIRECTION('center_axis',(0.,0.,1.));
#11354=DIRECTION('ref_axis',(1.,0.,0.));
#11355=DIRECTION('',(0.,1.,0.));
#11356=DIRECTION('center_axis',(0.,1.,0.));
#11357=DIRECTION('ref_axis',(0.,0.,1.));
#11358=DIRECTION('',(0.,1.,0.));
#11359=DIRECTION('center_axis',(-0.984807753012208,0.,0.173648177666929));
#11360=DIRECTION('ref_axis',(0.173648177666929,0.,0.984807753012208));
#11361=DIRECTION('center_axis',(0.,1.,0.));
#11362=DIRECTION('ref_axis',(0.,0.,1.));
#11363=DIRECTION('center_axis',(0.,1.,0.));
#11364=DIRECTION('ref_axis',(0.,0.,1.));
#11365=DIRECTION('center_axis',(0.,1.,0.));
#11366=DIRECTION('ref_axis',(0.,0.,1.));
#11367=DIRECTION('center_axis',(0.,1.,0.));
#11368=DIRECTION('ref_axis',(0.,0.,1.));
#11369=DIRECTION('center_axis',(0.,1.,0.));
#11370=DIRECTION('ref_axis',(0.,0.,1.));
#11371=DIRECTION('center_axis',(0.,1.,0.));
#11372=DIRECTION('ref_axis',(0.,0.,1.));
#11373=DIRECTION('center_axis',(0.984807753012208,0.,0.173648177666929));
#11374=DIRECTION('ref_axis',(0.173648177666929,0.,-0.984807753012208));
#11375=DIRECTION('',(0.,1.,0.));
#11376=DIRECTION('center_axis',(0.,1.,0.));
#11377=DIRECTION('ref_axis',(0.,0.,1.));
#11378=DIRECTION('',(0.,1.,0.));
#11379=DIRECTION('center_axis',(0.,0.,1.));
#11380=DIRECTION('ref_axis',(1.,0.,0.));
#11381=DIRECTION('',(0.,1.,0.));
#11382=DIRECTION('center_axis',(0.,1.,0.));
#11383=DIRECTION('ref_axis',(0.,0.,1.));
#11384=DIRECTION('',(0.,1.,0.));
#11385=DIRECTION('center_axis',(-0.984807753012208,0.,0.173648177666929));
#11386=DIRECTION('ref_axis',(0.173648177666929,0.,0.984807753012208));
#11387=DIRECTION('center_axis',(0.,-1.,0.));
#11388=DIRECTION('ref_axis',(0.,0.,-1.));
#11389=DIRECTION('center_axis',(0.,-1.,0.));
#11390=DIRECTION('ref_axis',(0.,0.,-1.));
#11391=DIRECTION('center_axis',(0.,-1.,0.));
#11392=DIRECTION('ref_axis',(0.,0.,-1.));
#11393=DIRECTION('center_axis',(0.,-1.,0.));
#11394=DIRECTION('ref_axis',(0.,0.,-1.));
#11395=DIRECTION('center_axis',(0.,-1.,0.));
#11396=DIRECTION('ref_axis',(0.,0.,-1.));
#11397=DIRECTION('center_axis',(0.,-1.,0.));
#11398=DIRECTION('ref_axis',(0.,0.,-1.));
#11399=DIRECTION('center_axis',(-1.,0.,0.));
#11400=DIRECTION('ref_axis',(0.,0.,1.));
#11401=DIRECTION('',(0.,0.,1.));
#11402=DIRECTION('',(0.,-1.,0.));
#11403=DIRECTION('',(0.,0.,1.));
#11404=DIRECTION('center_axis',(0.,1.,0.));
#11405=DIRECTION('ref_axis',(0.,0.,1.));
#11406=DIRECTION('',(0.,0.,1.));
#11407=DIRECTION('',(-1.,0.,0.));
#11408=DIRECTION('center_axis',(1.,0.,0.));
#11409=DIRECTION('ref_axis',(0.,0.,-1.));
#11410=DIRECTION('',(0.,0.,1.));
#11411=DIRECTION('',(0.,1.,0.));
#11412=DIRECTION('center_axis',(0.,-1.,0.));
#11413=DIRECTION('ref_axis',(0.,0.,-1.));
#11414=DIRECTION('',(1.,0.,0.));
#11415=DIRECTION('center_axis',(0.,0.,1.));
#11416=DIRECTION('ref_axis',(1.,0.,0.));
#11417=DIRECTION('center_axis',(0.,1.,0.));
#11418=DIRECTION('ref_axis',(0.,0.,1.));
#11419=DIRECTION('',(0.,0.,1.));
#11420=DIRECTION('',(-1.,0.,0.));
#11421=DIRECTION('',(0.,0.,1.));
#11422=DIRECTION('center_axis',(1.,0.,0.));
#11423=DIRECTION('ref_axis',(0.,0.,-1.));
#11424=DIRECTION('',(0.,0.,1.));
#11425=DIRECTION('',(0.,1.,0.));
#11426=DIRECTION('center_axis',(0.,-1.,0.));
#11427=DIRECTION('ref_axis',(0.,0.,-1.));
#11428=DIRECTION('',(0.,0.,1.));
#11429=DIRECTION('',(1.,0.,0.));
#11430=DIRECTION('center_axis',(-1.,0.,0.));
#11431=DIRECTION('ref_axis',(0.,0.,1.));
#11432=DIRECTION('',(0.,-1.,0.));
#11433=DIRECTION('center_axis',(0.,0.,1.));
#11434=DIRECTION('ref_axis',(1.,0.,0.));
#11435=DIRECTION('center_axis',(0.,-1.,0.));
#11436=DIRECTION('ref_axis',(0.,0.,-1.));
#11437=DIRECTION('',(0.,0.,1.));
#11438=DIRECTION('',(0.,0.,1.));
#11439=DIRECTION('center_axis',(1.,0.,0.));
#11440=DIRECTION('ref_axis',(0.,0.,-1.));
#11441=DIRECTION('center_axis',(1.,0.,0.));
#11442=DIRECTION('ref_axis',(0.,0.,-1.));
#11443=DIRECTION('center_axis',(0.,1.,0.));
#11444=DIRECTION('ref_axis',(0.,0.,1.));
#11445=DIRECTION('',(0.,0.,-1.));
#11446=DIRECTION('',(0.,0.,-1.));
#11447=DIRECTION('center_axis',(1.,0.,0.));
#11448=DIRECTION('ref_axis',(0.,0.,-1.));
#11449=DIRECTION('center_axis',(1.,0.,0.));
#11450=DIRECTION('ref_axis',(0.,0.,-1.));
#11451=DIRECTION('center_axis',(0.,1.,0.));
#11452=DIRECTION('ref_axis',(0.,0.,1.));
#11453=DIRECTION('',(0.,0.,-1.));
#11454=DIRECTION('',(0.,0.,-1.));
#11455=DIRECTION('center_axis',(1.,0.,0.));
#11456=DIRECTION('ref_axis',(0.,0.,-1.));
#11457=DIRECTION('center_axis',(1.,0.,0.));
#11458=DIRECTION('ref_axis',(0.,0.,-1.));
#11459=DIRECTION('center_axis',(0.,0.,-1.));
#11460=DIRECTION('ref_axis',(-1.,0.,0.));
#11461=DIRECTION('',(0.,0.,-1.));
#11462=DIRECTION('center_axis',(0.,0.,-1.));
#11463=DIRECTION('ref_axis',(-1.,0.,0.));
#11464=DIRECTION('',(0.,0.,-1.));
#11465=DIRECTION('center_axis',(-1.,0.,0.));
#11466=DIRECTION('ref_axis',(0.,0.,1.));
#11467=DIRECTION('',(0.,0.,-1.));
#11468=DIRECTION('center_axis',(0.,0.,-1.));
#11469=DIRECTION('ref_axis',(-1.,0.,0.));
#11470=DIRECTION('',(0.,0.,-1.));
#11471=DIRECTION('center_axis',(0.,-1.,0.));
#11472=DIRECTION('ref_axis',(0.,0.,-1.));
#11473=DIRECTION('',(0.,0.,-1.));
#11474=DIRECTION('center_axis',(0.,0.,-1.));
#11475=DIRECTION('ref_axis',(-1.,0.,0.));
#11476=DIRECTION('',(0.,0.,-1.));
#11477=DIRECTION('center_axis',(1.,0.,0.));
#11478=DIRECTION('ref_axis',(0.,0.,-1.));
#11479=DIRECTION('center_axis',(0.,0.,-1.));
#11480=DIRECTION('ref_axis',(-1.,0.,0.));
#11481=DIRECTION('',(0.,0.,-1.));
#11482=DIRECTION('',(0.,0.,-1.));
#11483=DIRECTION('center_axis',(0.,1.,0.));
#11484=DIRECTION('ref_axis',(0.,0.,1.));
#11485=DIRECTION('',(0.,0.,-1.));
#11486=DIRECTION('center_axis',(0.,0.,-1.));
#11487=DIRECTION('ref_axis',(-1.,0.,0.));
#11488=DIRECTION('',(0.,0.,-1.));
#11489=DIRECTION('center_axis',(-1.,0.,0.));
#11490=DIRECTION('ref_axis',(0.,0.,1.));
#11491=DIRECTION('',(0.,0.,-1.));
#11492=DIRECTION('center_axis',(0.,0.,-1.));
#11493=DIRECTION('ref_axis',(-1.,0.,0.));
#11494=DIRECTION('center_axis',(0.,0.,-1.));
#11495=DIRECTION('ref_axis',(-1.,0.,0.));
#11496=DIRECTION('',(0.,0.,-1.));
#11497=DIRECTION('center_axis',(1.,0.,0.));
#11498=DIRECTION('ref_axis',(0.,0.,-1.));
#11499=DIRECTION('center_axis',(0.,0.,-1.));
#11500=DIRECTION('ref_axis',(-1.,0.,0.));
#11501=DIRECTION('',(0.,0.,-1.));
#11502=DIRECTION('',(0.,0.,-1.));
#11503=DIRECTION('center_axis',(0.,1.,0.));
#11504=DIRECTION('ref_axis',(0.,0.,1.));
#11505=DIRECTION('',(0.,0.,-1.));
#11506=DIRECTION('center_axis',(0.,0.,-1.));
#11507=DIRECTION('ref_axis',(-1.,0.,0.));
#11508=DIRECTION('',(0.,0.,-1.));
#11509=DIRECTION('center_axis',(-1.,0.,0.));
#11510=DIRECTION('ref_axis',(0.,0.,1.));
#11511=DIRECTION('',(0.,0.,-1.));
#11512=DIRECTION('center_axis',(0.,0.,-1.));
#11513=DIRECTION('ref_axis',(-1.,0.,0.));
#11514=DIRECTION('center_axis',(0.,0.,-1.));
#11515=DIRECTION('ref_axis',(-1.,0.,0.));
#11516=DIRECTION('',(0.,0.,-1.));
#11517=DIRECTION('center_axis',(1.,0.,0.));
#11518=DIRECTION('ref_axis',(0.,0.,-1.));
#11519=DIRECTION('center_axis',(0.,-1.,0.));
#11520=DIRECTION('ref_axis',(0.,0.,-1.));
#11521=DIRECTION('',(0.,0.,-1.));
#11522=DIRECTION('',(0.,0.,-1.));
#11523=DIRECTION('center_axis',(0.,1.,0.));
#11524=DIRECTION('ref_axis',(0.,0.,1.));
#11525=DIRECTION('',(0.,0.,-1.));
#11526=DIRECTION('',(0.,0.,-1.));
#11527=DIRECTION('center_axis',(-1.,0.,0.));
#11528=DIRECTION('ref_axis',(0.,0.,1.));
#11529=DIRECTION('center_axis',(1.,0.,0.));
#11530=DIRECTION('ref_axis',(0.,0.,-1.));
#11531=DIRECTION('center_axis',(1.,0.,0.));
#11532=DIRECTION('ref_axis',(0.,0.,-1.));
#11533=DIRECTION('center_axis',(-1.,0.,0.));
#11534=DIRECTION('ref_axis',(0.,0.,1.));
#11535=DIRECTION('center_axis',(0.,0.,-1.));
#11536=DIRECTION('ref_axis',(-1.,0.,0.));
#11537=DIRECTION('center_axis',(0.,0.,-1.));
#11538=DIRECTION('ref_axis',(-1.,0.,0.));
#11539=DIRECTION('center_axis',(0.,0.,1.));
#11540=DIRECTION('ref_axis',(1.,0.,0.));
#11541=DIRECTION('center_axis',(0.,0.,1.));
#11542=DIRECTION('ref_axis',(1.,0.,0.));
#11543=DIRECTION('center_axis',(0.,1.,0.));
#11544=DIRECTION('ref_axis',(0.,0.,1.));
#11545=DIRECTION('',(0.,0.,-1.));
#11546=DIRECTION('',(1.,0.,0.));
#11547=DIRECTION('center_axis',(1.,0.,0.));
#11548=DIRECTION('ref_axis',(0.,0.,-1.));
#11549=DIRECTION('',(0.,0.,-1.));
#11550=DIRECTION('',(0.,-1.,0.));
#11551=DIRECTION('center_axis',(0.,1.,0.));
#11552=DIRECTION('ref_axis',(0.,0.,1.));
#11553=DIRECTION('',(0.,0.,-1.));
#11554=DIRECTION('',(1.,0.,0.));
#11555=DIRECTION('center_axis',(-1.,0.,0.));
#11556=DIRECTION('ref_axis',(0.,0.,1.));
#11557=DIRECTION('',(0.,0.,-1.));
#11558=DIRECTION('',(0.,1.,0.));
#11559=DIRECTION('center_axis',(0.,1.,0.));
#11560=DIRECTION('ref_axis',(0.,0.,1.));
#11561=DIRECTION('',(0.,0.,-1.));
#11562=DIRECTION('',(1.,0.,0.));
#11563=DIRECTION('center_axis',(1.,0.,0.));
#11564=DIRECTION('ref_axis',(0.,0.,-1.));
#11565=DIRECTION('',(0.,0.,-1.));
#11566=DIRECTION('',(0.,-1.,0.));
#11567=DIRECTION('center_axis',(0.,1.,0.));
#11568=DIRECTION('ref_axis',(0.,0.,1.));
#11569=DIRECTION('',(0.,0.,-1.));
#11570=DIRECTION('',(1.,0.,0.));
#11571=DIRECTION('center_axis',(-1.,0.,0.));
#11572=DIRECTION('ref_axis',(0.,0.,1.));
#11573=DIRECTION('',(0.,0.,-1.));
#11574=DIRECTION('',(0.,1.,0.));
#11575=DIRECTION('center_axis',(0.,-1.,0.));
#11576=DIRECTION('ref_axis',(0.,0.,-1.));
#11577=DIRECTION('',(0.,0.,-1.));
#11578=DIRECTION('',(-1.,0.,0.));
#11579=DIRECTION('center_axis',(1.,0.,0.));
#11580=DIRECTION('ref_axis',(0.,0.,-1.));
#11581=DIRECTION('',(0.,0.,-1.));
#11582=DIRECTION('',(0.,-1.,0.));
#11583=DIRECTION('center_axis',(0.,-1.,0.));
#11584=DIRECTION('ref_axis',(0.,0.,-1.));
#11585=DIRECTION('',(0.,0.,-1.));
#11586=DIRECTION('',(-1.,0.,0.));
#11587=DIRECTION('center_axis',(-1.,0.,0.));
#11588=DIRECTION('ref_axis',(0.,0.,1.));
#11589=DIRECTION('',(0.,0.,-1.));
#11590=DIRECTION('',(0.,1.,0.));
#11591=DIRECTION('center_axis',(0.,-1.,0.));
#11592=DIRECTION('ref_axis',(0.,0.,-1.));
#11593=DIRECTION('',(0.,0.,-1.));
#11594=DIRECTION('',(-1.,0.,0.));
#11595=DIRECTION('center_axis',(1.,0.,0.));
#11596=DIRECTION('ref_axis',(0.,0.,-1.));
#11597=DIRECTION('',(0.,0.,-1.));
#11598=DIRECTION('',(0.,-1.,0.));
#11599=DIRECTION('center_axis',(0.,-1.,0.));
#11600=DIRECTION('ref_axis',(0.,0.,-1.));
#11601=DIRECTION('',(-1.,0.,0.));
#11602=DIRECTION('center_axis',(0.,0.,1.));
#11603=DIRECTION('ref_axis',(1.,0.,0.));
#11604=DIRECTION('',(-1.,0.,0.));
#11605=DIRECTION('',(0.,1.,0.));
#11606=DIRECTION('',(1.,0.,0.));
#11607=DIRECTION('',(0.,1.,0.));
#11608=DIRECTION('',(-1.,0.,0.));
#11609=DIRECTION('',(0.,1.,0.));
#11610=DIRECTION('',(-0.500000000000009,0.866025403784433,0.));
#11611=DIRECTION('',(0.,1.,0.));
#11612=DIRECTION('',(0.500000000000009,0.866025403784433,0.));
#11613=DIRECTION('',(0.,1.,0.));
#11614=DIRECTION('',(1.,0.,0.));
#11615=DIRECTION('',(0.,1.,0.));
#11616=DIRECTION('',(-1.,0.,0.));
#11617=DIRECTION('',(0.,1.,0.));
#11618=DIRECTION('',(1.,0.,0.));
#11619=DIRECTION('',(0.,-1.,0.));
#11620=DIRECTION('center_axis',(1.,0.,0.));
#11621=DIRECTION('ref_axis',(0.,0.,-1.));
#11622=DIRECTION('',(0.,0.,-1.));
#11623=DIRECTION('',(0.,-1.,0.));
#11624=DIRECTION('',(0.,0.,-1.));
#11625=DIRECTION('center_axis',(0.,1.,0.));
#11626=DIRECTION('ref_axis',(0.,0.,1.));
#11627=DIRECTION('',(0.,0.,-1.));
#11628=DIRECTION('',(1.,0.,0.));
#11629=DIRECTION('center_axis',(-1.,0.,0.));
#11630=DIRECTION('ref_axis',(0.,0.,1.));
#11631=DIRECTION('',(0.,0.,-1.));
#11632=DIRECTION('',(0.,1.,0.));
#11633=DIRECTION('center_axis',(0.,1.,0.));
#11634=DIRECTION('ref_axis',(0.,0.,1.));
#11635=DIRECTION('',(0.,0.,-1.));
#11636=DIRECTION('',(1.,0.,0.));
#11637=DIRECTION('center_axis',(1.,0.,0.));
#11638=DIRECTION('ref_axis',(0.,0.,-1.));
#11639=DIRECTION('',(0.,0.,-1.));
#11640=DIRECTION('',(0.,-1.,0.));
#11641=DIRECTION('center_axis',(0.,1.,0.));
#11642=DIRECTION('ref_axis',(0.,0.,1.));
#11643=DIRECTION('',(0.,0.,-1.));
#11644=DIRECTION('',(1.,0.,0.));
#11645=DIRECTION('center_axis',(-1.,0.,0.));
#11646=DIRECTION('ref_axis',(0.,0.,1.));
#11647=DIRECTION('',(0.,0.,-1.));
#11648=DIRECTION('',(0.,1.,0.));
#11649=DIRECTION('center_axis',(0.,1.,0.));
#11650=DIRECTION('ref_axis',(0.,0.,1.));
#11651=DIRECTION('',(1.,0.,0.));
#11652=DIRECTION('center_axis',(0.,-1.,0.));
#11653=DIRECTION('ref_axis',(0.,0.,-1.));
#11654=DIRECTION('',(0.,0.,-1.));
#11655=DIRECTION('',(-1.,0.,0.));
#11656=DIRECTION('center_axis',(-1.,0.,0.));
#11657=DIRECTION('ref_axis',(0.,0.,1.));
#11658=DIRECTION('',(0.,0.,-1.));
#11659=DIRECTION('',(0.,1.,0.));
#11660=DIRECTION('center_axis',(0.,-1.,0.));
#11661=DIRECTION('ref_axis',(0.,0.,-1.));
#11662=DIRECTION('',(0.,0.,-1.));
#11663=DIRECTION('',(-1.,0.,0.));
#11664=DIRECTION('center_axis',(1.,0.,0.));
#11665=DIRECTION('ref_axis',(0.,0.,-1.));
#11666=DIRECTION('',(0.,0.,-1.));
#11667=DIRECTION('',(0.,-1.,0.));
#11668=DIRECTION('center_axis',(0.,-1.,0.));
#11669=DIRECTION('ref_axis',(0.,0.,-1.));
#11670=DIRECTION('',(0.,0.,-1.));
#11671=DIRECTION('',(-1.,0.,0.));
#11672=DIRECTION('center_axis',(-1.,0.,0.));
#11673=DIRECTION('ref_axis',(0.,0.,1.));
#11674=DIRECTION('',(0.,0.,-1.));
#11675=DIRECTION('',(0.,1.,0.));
#11676=DIRECTION('center_axis',(0.,-1.,0.));
#11677=DIRECTION('ref_axis',(0.,0.,-1.));
#11678=DIRECTION('',(-1.,0.,0.));
#11679=DIRECTION('center_axis',(0.,0.,1.));
#11680=DIRECTION('ref_axis',(1.,0.,0.));
#11681=DIRECTION('',(0.,-1.,0.));
#11682=DIRECTION('',(-0.500000000000009,-0.866025403784433,0.));
#11683=DIRECTION('',(0.,-1.,0.));
#11684=DIRECTION('',(-1.,0.,0.));
#11685=DIRECTION('',(0.,-1.,0.));
#11686=DIRECTION('',(1.,0.,0.));
#11687=DIRECTION('',(0.,-1.,0.));
#11688=DIRECTION('',(-1.,0.,0.));
#11689=DIRECTION('',(0.,1.,0.));
#11690=DIRECTION('',(1.,0.,0.));
#11691=DIRECTION('',(0.,-1.,0.));
#11692=DIRECTION('',(-1.,0.,0.));
#11693=DIRECTION('',(0.,-1.,0.));
#11694=DIRECTION('',(1.,0.,0.));
#11695=DIRECTION('',(0.,-1.,0.));
#11696=DIRECTION('',(0.500000000000009,-0.866025403784433,0.));
#11697=DIRECTION('center_axis',(0.,1.,0.));
#11698=DIRECTION('ref_axis',(0.,0.,1.));
#11699=DIRECTION('',(0.,0.,1.));
#11700=DIRECTION('',(-1.,0.,0.));
#11701=DIRECTION('',(0.,0.,1.));
#11702=DIRECTION('center_axis',(1.,0.,0.));
#11703=DIRECTION('ref_axis',(0.,0.,-1.));
#11704=DIRECTION('',(0.,1.,0.));
#11705=DIRECTION('',(0.,0.,1.));
#11706=DIRECTION('center_axis',(0.,-1.,0.));
#11707=DIRECTION('ref_axis',(0.,0.,-1.));
#11708=DIRECTION('',(1.,0.,0.));
#11709=DIRECTION('',(0.,0.,1.));
#11710=DIRECTION('center_axis',(1.,0.,0.));
#11711=DIRECTION('ref_axis',(0.,0.,-1.));
#11712=DIRECTION('',(0.,1.,0.));
#11713=DIRECTION('',(0.,0.,1.));
#11714=DIRECTION('center_axis',(0.,1.,0.));
#11715=DIRECTION('ref_axis',(0.,0.,1.));
#11716=DIRECTION('',(-1.,0.,0.));
#11717=DIRECTION('',(0.,0.,1.));
#11718=DIRECTION('center_axis',(1.,0.,0.));
#11719=DIRECTION('ref_axis',(0.,0.,-1.));
#11720=DIRECTION('',(0.,1.,0.));
#11721=DIRECTION('',(0.,0.,1.));
#11722=DIRECTION('center_axis',(0.866025403784433,0.500000000000009,0.));
#11723=DIRECTION('ref_axis',(-0.500000000000009,0.866025403784433,0.));
#11724=DIRECTION('',(-0.500000000000009,0.866025403784433,0.));
#11725=DIRECTION('',(0.,0.,1.));
#11726=DIRECTION('center_axis',(1.,0.,0.));
#11727=DIRECTION('ref_axis',(0.,0.,-1.));
#11728=DIRECTION('',(0.,1.,0.));
#11729=DIRECTION('',(0.,0.,1.));
#11730=DIRECTION('center_axis',(0.866025403784433,-0.500000000000009,0.));
#11731=DIRECTION('ref_axis',(0.500000000000009,0.866025403784433,0.));
#11732=DIRECTION('',(0.500000000000009,0.866025403784433,0.));
#11733=DIRECTION('',(0.,0.,1.));
#11734=DIRECTION('center_axis',(1.,0.,0.));
#11735=DIRECTION('ref_axis',(0.,0.,-1.));
#11736=DIRECTION('',(0.,1.,0.));
#11737=DIRECTION('',(0.,0.,1.));
#11738=DIRECTION('center_axis',(0.,-1.,0.));
#11739=DIRECTION('ref_axis',(0.,0.,-1.));
#11740=DIRECTION('',(1.,0.,0.));
#11741=DIRECTION('',(0.,0.,1.));
#11742=DIRECTION('center_axis',(1.,0.,0.));
#11743=DIRECTION('ref_axis',(0.,0.,-1.));
#11744=DIRECTION('',(0.,1.,0.));
#11745=DIRECTION('',(0.,0.,1.));
#11746=DIRECTION('center_axis',(0.,1.,0.));
#11747=DIRECTION('ref_axis',(0.,0.,1.));
#11748=DIRECTION('',(-1.,0.,0.));
#11749=DIRECTION('',(0.,0.,1.));
#11750=DIRECTION('center_axis',(1.,0.,0.));
#11751=DIRECTION('ref_axis',(0.,0.,-1.));
#11752=DIRECTION('',(0.,1.,0.));
#11753=DIRECTION('',(0.,0.,1.));
#11754=DIRECTION('center_axis',(0.,-1.,0.));
#11755=DIRECTION('ref_axis',(0.,0.,-1.));
#11756=DIRECTION('',(1.,0.,0.));
#11757=DIRECTION('',(0.,0.,1.));
#11758=DIRECTION('center_axis',(-1.,0.,0.));
#11759=DIRECTION('ref_axis',(0.,0.,1.));
#11760=DIRECTION('',(0.,-1.,0.));
#11761=DIRECTION('center_axis',(0.,0.,1.));
#11762=DIRECTION('ref_axis',(1.,0.,0.));
#11763=DIRECTION('center_axis',(-1.,0.,0.));
#11764=DIRECTION('ref_axis',(0.,0.,1.));
#11765=DIRECTION('',(0.,0.,1.));
#11766=DIRECTION('',(0.,-1.,0.));
#11767=DIRECTION('',(0.,0.,1.));
#11768=DIRECTION('center_axis',(-0.866025403784433,0.500000000000009,0.));
#11769=DIRECTION('ref_axis',(-0.500000000000009,-0.866025403784433,0.));
#11770=DIRECTION('',(-0.500000000000009,-0.866025403784433,0.));
#11771=DIRECTION('',(0.,0.,1.));
#11772=DIRECTION('center_axis',(-1.,0.,0.));
#11773=DIRECTION('ref_axis',(0.,0.,1.));
#11774=DIRECTION('',(0.,-1.,0.));
#11775=DIRECTION('',(0.,0.,1.));
#11776=DIRECTION('center_axis',(0.,1.,0.));
#11777=DIRECTION('ref_axis',(0.,0.,1.));
#11778=DIRECTION('',(-1.,0.,0.));
#11779=DIRECTION('',(0.,0.,1.));
#11780=DIRECTION('center_axis',(-1.,0.,0.));
#11781=DIRECTION('ref_axis',(0.,0.,1.));
#11782=DIRECTION('',(0.,-1.,0.));
#11783=DIRECTION('',(0.,0.,1.));
#11784=DIRECTION('center_axis',(0.,-1.,0.));
#11785=DIRECTION('ref_axis',(0.,0.,-1.));
#11786=DIRECTION('',(1.,0.,0.));
#11787=DIRECTION('',(0.,0.,1.));
#11788=DIRECTION('center_axis',(-1.,0.,0.));
#11789=DIRECTION('ref_axis',(0.,0.,1.));
#11790=DIRECTION('',(0.,-1.,0.));
#11791=DIRECTION('',(0.,0.,1.));
#11792=DIRECTION('center_axis',(0.,1.,0.));
#11793=DIRECTION('ref_axis',(0.,0.,1.));
#11794=DIRECTION('',(-1.,0.,0.));
#11795=DIRECTION('',(0.,0.,1.));
#11796=DIRECTION('center_axis',(1.,0.,0.));
#11797=DIRECTION('ref_axis',(0.,0.,-1.));
#11798=DIRECTION('',(0.,1.,0.));
#11799=DIRECTION('',(0.,0.,1.));
#11800=DIRECTION('center_axis',(0.,-1.,0.));
#11801=DIRECTION('ref_axis',(0.,0.,-1.));
#11802=DIRECTION('',(1.,0.,0.));
#11803=DIRECTION('',(0.,0.,1.));
#11804=DIRECTION('center_axis',(-1.,0.,0.));
#11805=DIRECTION('ref_axis',(0.,0.,1.));
#11806=DIRECTION('',(0.,-1.,0.));
#11807=DIRECTION('',(0.,0.,1.));
#11808=DIRECTION('center_axis',(0.,1.,0.));
#11809=DIRECTION('ref_axis',(0.,0.,1.));
#11810=DIRECTION('',(-1.,0.,0.));
#11811=DIRECTION('',(0.,0.,1.));
#11812=DIRECTION('center_axis',(-1.,0.,0.));
#11813=DIRECTION('ref_axis',(0.,0.,1.));
#11814=DIRECTION('',(0.,-1.,0.));
#11815=DIRECTION('',(0.,0.,1.));
#11816=DIRECTION('center_axis',(0.,-1.,0.));
#11817=DIRECTION('ref_axis',(0.,0.,-1.));
#11818=DIRECTION('',(1.,0.,0.));
#11819=DIRECTION('',(0.,0.,1.));
#11820=DIRECTION('center_axis',(-1.,0.,0.));
#11821=DIRECTION('ref_axis',(0.,0.,1.));
#11822=DIRECTION('',(0.,-1.,0.));
#11823=DIRECTION('',(0.,0.,1.));
#11824=DIRECTION('center_axis',(-0.866025403784433,-0.500000000000009,0.));
#11825=DIRECTION('ref_axis',(0.500000000000009,-0.866025403784433,0.));
#11826=DIRECTION('',(0.500000000000009,-0.866025403784433,0.));
#11827=DIRECTION('center_axis',(0.,0.,1.));
#11828=DIRECTION('ref_axis',(1.,0.,0.));
#11829=DIRECTION('center_axis',(0.,0.,1.));
#11830=DIRECTION('ref_axis',(1.,0.,0.));
#11831=DIRECTION('center_axis',(0.,0.,1.));
#11832=DIRECTION('ref_axis',(1.,0.,0.));
#11833=DIRECTION('center_axis',(0.,0.,-1.));
#11834=DIRECTION('ref_axis',(-1.,0.,0.));
#11835=DIRECTION('center_axis',(0.,0.,-1.));
#11836=DIRECTION('ref_axis',(-1.,0.,0.));
#11837=DIRECTION('',(0.,1.,0.));
#11838=DIRECTION('center_axis',(0.,0.,-1.));
#11839=DIRECTION('ref_axis',(1.,5.66553889764798E-16,0.));
#11840=DIRECTION('center_axis',(0.,0.,-1.));
#11841=DIRECTION('ref_axis',(-1.,0.,0.));
#11842=DIRECTION('center_axis',(0.,0.,-1.));
#11843=DIRECTION('ref_axis',(1.,5.66553889764798E-16,0.));
#11844=DIRECTION('center_axis',(0.,0.,-1.));
#11845=DIRECTION('ref_axis',(-1.,0.,0.));
#11846=DIRECTION('center_axis',(0.,0.,-1.));
#11847=DIRECTION('ref_axis',(1.,5.66553889764798E-16,0.));
#11848=DIRECTION('',(0.,0.,-1.));
#11849=DIRECTION('',(0.,0.,1.));
#11850=DIRECTION('center_axis',(0.,0.,-1.));
#11851=DIRECTION('ref_axis',(1.,-1.01064309961486E-15,0.));
#11852=DIRECTION('',(0.,0.,-1.));
#11853=DIRECTION('center_axis',(0.998970569790715,0.,-0.0453629881292534));
#11854=DIRECTION('ref_axis',(0.000601022775334428,-0.999912225651428,0.013235549268239));
#11855=DIRECTION('center_axis',(0.998970569790715,1.50012320975673E-13,
-0.0453629881292511));
#11856=DIRECTION('ref_axis',(0.000692606906616426,0.999883435677471,0.015252388451961));
#11857=DIRECTION('',(0.,0.,1.));
#11858=DIRECTION('center_axis',(0.,0.,-1.));
#11859=DIRECTION('ref_axis',(-1.,0.,0.));
#11860=DIRECTION('center_axis',(0.,0.,-1.));
#11861=DIRECTION('ref_axis',(-1.,0.,0.));
#11862=DIRECTION('',(0.,1.,0.));
#11863=DIRECTION('center_axis',(0.,0.,-1.));
#11864=DIRECTION('ref_axis',(1.,-3.21624529935327E-16,0.));
#11865=DIRECTION('center_axis',(0.,0.,-1.));
#11866=DIRECTION('ref_axis',(-1.,0.,0.));
#11867=DIRECTION('center_axis',(0.,0.,-1.));
#11868=DIRECTION('ref_axis',(1.,-3.21624529935327E-16,0.));
#11869=DIRECTION('center_axis',(0.,0.,-1.));
#11870=DIRECTION('ref_axis',(-1.,0.,0.));
#11871=DIRECTION('center_axis',(0.,0.,-1.));
#11872=DIRECTION('ref_axis',(1.,-7.6571373978539E-16,0.));
#11873=DIRECTION('',(0.,0.,-1.));
#11874=DIRECTION('',(0.,0.,1.));
#11875=DIRECTION('center_axis',(0.,0.,-1.));
#11876=DIRECTION('ref_axis',(1.,3.362831526869E-14,0.));
#11877=DIRECTION('',(0.,0.,-1.));
#11878=DIRECTION('center_axis',(0.998970569790715,0.,-0.0453629881292534));
#11879=DIRECTION('ref_axis',(0.000601022775334508,-0.999912225651426,0.0132355492683449));
#11880=DIRECTION('center_axis',(0.998970569790715,1.50012320978971E-13,
-0.0453629881292513));
#11881=DIRECTION('ref_axis',(0.00069260690665891,0.999883435677457,0.015252388452875));
#11882=DIRECTION('',(0.,0.,1.));
#11883=DIRECTION('center_axis',(0.,1.,0.));
#11884=DIRECTION('ref_axis',(0.,0.,1.));
#11885=DIRECTION('',(-0.0453629881292533,0.,-0.998970569790715));
#11886=DIRECTION('center_axis',(0.,1.,0.));
#11887=DIRECTION('ref_axis',(0.,0.,1.));
#11888=DIRECTION('',(-0.0453629881292533,0.,0.998970569790715));
#11889=DIRECTION('center_axis',(0.,1.,0.));
#11890=DIRECTION('ref_axis',(0.,0.,1.));
#11891=DIRECTION('',(-0.0453629881292533,0.,0.998970569790715));
#11892=DIRECTION('center_axis',(0.,1.,0.));
#11893=DIRECTION('ref_axis',(0.,0.,1.));
#11894=DIRECTION('',(-0.0453629881292533,0.,-0.998970569790715));
#11895=DIRECTION('center_axis',(-1.,0.,0.));
#11896=DIRECTION('ref_axis',(0.,0.,1.));
#11897=DIRECTION('',(0.,1.,0.));
#11898=DIRECTION('center_axis',(-0.998970569790715,0.,-0.0453629881292533));
#11899=DIRECTION('ref_axis',(-0.0453629881292533,0.,0.998970569790715));
#11900=DIRECTION('',(0.,1.,0.));
#11901=DIRECTION('center_axis',(0.998970569790715,0.,-0.0453629881292533));
#11902=DIRECTION('ref_axis',(-0.0453629881292533,0.,-0.998970569790715));
#11903=DIRECTION('',(0.,1.,0.));
#11904=DIRECTION('',(0.,1.,0.));
#11905=DIRECTION('center_axis',(1.,0.,0.));
#11906=DIRECTION('ref_axis',(0.,0.,-1.));
#11907=DIRECTION('center_axis',(0.,1.,0.));
#11908=DIRECTION('ref_axis',(-1.22464679914735E-16,0.,-1.));
#11909=DIRECTION('center_axis',(0.,1.,0.));
#11910=DIRECTION('ref_axis',(0.,0.,1.));
#11911=DIRECTION('',(-0.0453629881292533,0.,-0.998970569790715));
#11912=DIRECTION('center_axis',(0.,1.,0.));
#11913=DIRECTION('ref_axis',(0.,0.,1.));
#11914=DIRECTION('',(-0.0453629881292533,0.,0.998970569790715));
#11915=DIRECTION('center_axis',(0.,1.,0.));
#11916=DIRECTION('ref_axis',(0.,0.,1.));
#11917=DIRECTION('',(-0.0453629881292533,0.,0.998970569790715));
#11918=DIRECTION('center_axis',(0.,1.,0.));
#11919=DIRECTION('ref_axis',(0.,0.,1.));
#11920=DIRECTION('',(-0.0453629881292533,0.,-0.998970569790715));
#11921=DIRECTION('center_axis',(-1.,0.,0.));
#11922=DIRECTION('ref_axis',(0.,0.,1.));
#11923=DIRECTION('',(0.,1.,0.));
#11924=DIRECTION('center_axis',(-0.998970569790715,0.,-0.0453629881292533));
#11925=DIRECTION('ref_axis',(-0.0453629881292533,0.,0.998970569790715));
#11926=DIRECTION('',(0.,1.,0.));
#11927=DIRECTION('center_axis',(0.998970569790715,0.,-0.0453629881292533));
#11928=DIRECTION('ref_axis',(-0.0453629881292533,0.,-0.998970569790715));
#11929=DIRECTION('',(0.,1.,0.));
#11930=DIRECTION('',(0.,1.,0.));
#11931=DIRECTION('center_axis',(1.,0.,0.));
#11932=DIRECTION('ref_axis',(0.,0.,-1.));
#11933=DIRECTION('center_axis',(0.,1.,0.));
#11934=DIRECTION('ref_axis',(-1.22464679914735E-16,0.,-1.));
#11935=DIRECTION('center_axis',(0.,0.,1.));
#11936=DIRECTION('ref_axis',(1.,0.,0.));
#11937=DIRECTION('center_axis',(0.,0.,1.));
#11938=DIRECTION('ref_axis',(1.,0.,0.));
#11939=DIRECTION('center_axis',(0.,0.,-1.));
#11940=DIRECTION('ref_axis',(-1.,0.,0.));
#11941=DIRECTION('center_axis',(0.,0.,-1.));
#11942=DIRECTION('ref_axis',(0.996715155236388,-0.0809870318143775,0.));
#11943=DIRECTION('center_axis',(0.,0.,-1.));
#11944=DIRECTION('ref_axis',(-1.,0.,0.));
#11945=DIRECTION('center_axis',(0.,0.,-1.));
#11946=DIRECTION('ref_axis',(-1.,0.,0.));
#11947=DIRECTION('axis',(0.,0.,1.));
#11948=DIRECTION('refdir',(1.,0.,0.));
#11949=DIRECTION('center_axis',(0.,0.,-1.));
#11950=DIRECTION('ref_axis',(-1.,0.,0.));
#11951=DIRECTION('center_axis',(0.,0.,-1.));
#11952=DIRECTION('ref_axis',(-1.,0.,0.));
#11953=DIRECTION('',(0.,0.,-1.));
#11954=DIRECTION('center_axis',(0.,0.,-1.));
#11955=DIRECTION('ref_axis',(-1.,0.,0.));
#11956=DIRECTION('center_axis',(0.,0.,-1.));
#11957=DIRECTION('ref_axis',(-1.,0.,0.));
#11958=DIRECTION('center_axis',(0.,0.,-1.));
#11959=DIRECTION('ref_axis',(-1.,0.,0.));
#11960=DIRECTION('',(0.,0.,-1.));
#11961=DIRECTION('center_axis',(0.,0.,-1.));
#11962=DIRECTION('ref_axis',(-1.,0.,0.));
#11963=DIRECTION('center_axis',(0.,0.,-1.));
#11964=DIRECTION('ref_axis',(-1.,0.,0.));
#11965=DIRECTION('center_axis',(0.,0.,-1.));
#11966=DIRECTION('ref_axis',(-1.,0.,0.));
#11967=DIRECTION('',(0.,0.,-1.));
#11968=DIRECTION('center_axis',(0.,0.,-1.));
#11969=DIRECTION('ref_axis',(-1.,0.,0.));
#11970=DIRECTION('center_axis',(0.,0.,-1.));
#11971=DIRECTION('ref_axis',(-1.,0.,0.));
#11972=DIRECTION('',(0.258819045102486,-3.16961915143134E-17,-0.965925826289078));
#11973=DIRECTION('center_axis',(0.,0.,-1.));
#11974=DIRECTION('ref_axis',(-1.,0.,0.));
#11975=DIRECTION('center_axis',(0.,0.,-1.));
#11976=DIRECTION('ref_axis',(-1.,0.,0.));
#11977=DIRECTION('center_axis',(0.,0.,-1.));
#11978=DIRECTION('ref_axis',(-1.,0.,0.));
#11979=DIRECTION('',(0.258819045102518,-3.16961915143173E-17,-0.965925826289069));
#11980=DIRECTION('center_axis',(0.,0.,-1.));
#11981=DIRECTION('ref_axis',(-1.,0.,0.));
#11982=DIRECTION('center_axis',(0.,0.,-1.));
#11983=DIRECTION('ref_axis',(-1.,0.,0.));
#11984=DIRECTION('center_axis',(0.,0.,-1.));
#11985=DIRECTION('ref_axis',(-1.,0.,0.));
#11986=DIRECTION('',(0.,0.,-1.));
#11987=DIRECTION('center_axis',(0.,0.,-1.));
#11988=DIRECTION('ref_axis',(-1.,0.,0.));
#11989=DIRECTION('center_axis',(0.,0.,-1.));
#11990=DIRECTION('ref_axis',(-1.,0.,0.));
#11991=DIRECTION('center_axis',(0.,0.,-1.));
#11992=DIRECTION('ref_axis',(-1.,0.,0.));
#11993=DIRECTION('',(0.,0.,1.));
#11994=DIRECTION('center_axis',(0.,0.,-1.));
#11995=DIRECTION('ref_axis',(-1.,0.,0.));
#11996=DIRECTION('center_axis',(0.,0.,1.));
#11997=DIRECTION('ref_axis',(1.,0.,0.));
#11998=DIRECTION('center_axis',(0.,0.,1.));
#11999=DIRECTION('ref_axis',(1.,0.,0.));
#12000=DIRECTION('',(0.,0.,-1.));
#12001=DIRECTION('center_axis',(0.,0.,1.));
#12002=DIRECTION('ref_axis',(1.,0.,0.));
#12003=DIRECTION('center_axis',(0.,0.,1.));
#12004=DIRECTION('ref_axis',(1.,0.,0.));
#12005=DIRECTION('center_axis',(0.,0.,1.));
#12006=DIRECTION('ref_axis',(1.,0.,0.));
#12007=DIRECTION('',(0.,0.,1.));
#12008=DIRECTION('center_axis',(0.,0.,1.));
#12009=DIRECTION('ref_axis',(1.,0.,0.));
#12010=DIRECTION('center_axis',(0.,0.,1.));
#12011=DIRECTION('ref_axis',(1.,0.,0.));
#12012=DIRECTION('center_axis',(0.,0.,1.));
#12013=DIRECTION('ref_axis',(1.,0.,0.));
#12014=DIRECTION('',(0.707106781186548,8.65956056235493E-17,-0.707106781186548));
#12015=DIRECTION('center_axis',(0.,0.,1.));
#12016=DIRECTION('ref_axis',(1.,0.,0.));
#12017=DIRECTION('center_axis',(0.,0.,1.));
#12018=DIRECTION('ref_axis',(1.,0.,0.));
#12019=DIRECTION('',(0.,0.,-1.));
#12020=DIRECTION('center_axis',(0.,0.,1.));
#12021=DIRECTION('ref_axis',(1.,0.,0.));
#12022=DIRECTION('',(0.,0.,-1.));
#12023=DIRECTION('center_axis',(0.,0.,1.));
#12024=DIRECTION('ref_axis',(1.,0.,0.));
#12025=DIRECTION('',(0.,0.,-1.));
#12026=DIRECTION('center_axis',(0.,0.,-1.));
#12027=DIRECTION('ref_axis',(-1.,0.,0.));
#12028=DIRECTION('center_axis',(0.,0.,-1.));
#12029=DIRECTION('ref_axis',(-1.,0.,0.));
#12030=DIRECTION('center_axis',(0.,0.,-1.));
#12031=DIRECTION('ref_axis',(-1.,0.,0.));
#12032=DIRECTION('center_axis',(0.,0.,-1.));
#12033=DIRECTION('ref_axis',(-1.,0.,0.));
#12034=DIRECTION('center_axis',(0.,0.,-1.));
#12035=DIRECTION('ref_axis',(-1.,0.,0.));
#12036=DIRECTION('center_axis',(0.,0.,-1.));
#12037=DIRECTION('ref_axis',(-1.,0.,0.));
#12038=DIRECTION('center_axis',(0.,0.,-1.));
#12039=DIRECTION('ref_axis',(-1.,0.,0.));
#12040=DIRECTION('',(0.,0.,-1.));
#12041=DIRECTION('center_axis',(0.,0.,-1.));
#12042=DIRECTION('ref_axis',(-1.,0.,0.));
#12043=DIRECTION('',(0.,0.,1.));
#12044=DIRECTION('center_axis',(0.,0.,1.));
#12045=DIRECTION('ref_axis',(1.,0.,0.));
#12046=DIRECTION('',(1.,0.,0.));
#12047=DIRECTION('center_axis',(0.,0.,1.));
#12048=DIRECTION('ref_axis',(1.,0.,0.));
#12049=DIRECTION('',(-1.,0.,0.));
#12050=DIRECTION('center_axis',(0.,0.,-1.));
#12051=DIRECTION('ref_axis',(-1.,0.,0.));
#12052=DIRECTION('',(1.,0.,0.));
#12053=DIRECTION('',(-1.,0.,0.));
#12054=DIRECTION('center_axis',(0.,0.,1.));
#12055=DIRECTION('ref_axis',(1.,0.,0.));
#12056=DIRECTION('',(-0.64278760968654,-0.766044443118977,0.));
#12057=DIRECTION('',(0.64278760968654,-0.766044443118977,0.));
#12058=DIRECTION('',(1.,0.,0.));
#12059=DIRECTION('',(-1.,0.,0.));
#12060=DIRECTION('center_axis',(0.,0.,-1.));
#12061=DIRECTION('ref_axis',(-1.,0.,0.));
#12062=DIRECTION('',(1.,0.,0.));
#12063=DIRECTION('',(0.64278760968654,-0.766044443118977,0.));
#12064=DIRECTION('',(-0.64278760968654,-0.766044443118977,0.));
#12065=DIRECTION('',(-1.,0.,0.));
#12066=DIRECTION('center_axis',(0.,0.,1.));
#12067=DIRECTION('ref_axis',(1.,0.,0.));
#12068=DIRECTION('center_axis',(0.,0.,1.));
#12069=DIRECTION('ref_axis',(-1.,-1.22464679914735E-16,0.));
#12070=DIRECTION('center_axis',(0.,0.,1.));
#12071=DIRECTION('ref_axis',(1.,0.,0.));
#12072=DIRECTION('center_axis',(0.,0.,-1.));
#12073=DIRECTION('ref_axis',(-1.,0.,0.));
#12074=DIRECTION('',(1.,0.,0.));
#12075=DIRECTION('',(-1.,0.,0.));
#12076=DIRECTION('center_axis',(0.,0.,1.));
#12077=DIRECTION('ref_axis',(1.,0.,0.));
#12078=DIRECTION('center_axis',(0.766044443118977,-0.64278760968654,0.));
#12079=DIRECTION('ref_axis',(0.64278760968654,0.766044443118977,0.));
#12080=DIRECTION('',(0.,0.,-1.));
#12081=DIRECTION('',(0.,0.,-1.));
#12082=DIRECTION('center_axis',(0.766044443118977,0.64278760968654,0.));
#12083=DIRECTION('ref_axis',(-0.64278760968654,0.766044443118977,0.));
#12084=DIRECTION('',(0.,0.,-1.));
#12085=DIRECTION('center_axis',(0.,1.,0.));
#12086=DIRECTION('ref_axis',(0.,0.,1.));
#12087=DIRECTION('center_axis',(0.,-1.,0.));
#12088=DIRECTION('ref_axis',(0.,0.,-1.));
#12089=DIRECTION('center_axis',(0.,0.,-1.));
#12090=DIRECTION('ref_axis',(-1.,0.,0.));
#12091=DIRECTION('center_axis',(0.,0.,-1.));
#12092=DIRECTION('ref_axis',(-1.,0.,0.));
#12093=DIRECTION('center_axis',(0.,0.,-1.));
#12094=DIRECTION('ref_axis',(-1.,0.,0.));
#12095=DIRECTION('center_axis',(0.,0.,-1.));
#12096=DIRECTION('ref_axis',(-1.,0.,0.));
#12097=DIRECTION('center_axis',(0.,0.,-1.));
#12098=DIRECTION('ref_axis',(-1.,0.,0.));
#12099=DIRECTION('center_axis',(0.,0.,-1.));
#12100=DIRECTION('ref_axis',(-1.,0.,0.));
#12101=DIRECTION('center_axis',(0.,0.,1.));
#12102=DIRECTION('ref_axis',(1.,0.,0.));
#12103=DIRECTION('center_axis',(0.,0.,-1.));
#12104=DIRECTION('ref_axis',(1.,-3.21624529935327E-16,0.));
#12105=DIRECTION('',(0.,0.,-1.));
#12106=DIRECTION('center_axis',(0.,0.,-1.));
#12107=DIRECTION('ref_axis',(-1.,0.,0.));
#12108=DIRECTION('',(0.,0.,-1.));
#12109=DIRECTION('center_axis',(0.,1.,0.));
#12110=DIRECTION('ref_axis',(0.,0.,1.));
#12111=DIRECTION('',(1.,0.,0.));
#12112=DIRECTION('',(0.,0.,-1.));
#12113=DIRECTION('center_axis',(0.,0.,-1.));
#12114=DIRECTION('ref_axis',(1.,1.22464679914735E-16,0.));
#12115=DIRECTION('center_axis',(0.,0.,1.));
#12116=DIRECTION('ref_axis',(1.,0.,0.));
#12117=DIRECTION('',(0.,0.,-1.));
#12118=DIRECTION('center_axis',(0.,-1.,0.));
#12119=DIRECTION('ref_axis',(0.,0.,-1.));
#12120=DIRECTION('',(-1.,0.,0.));
#12121=DIRECTION('center_axis',(0.,0.,-1.));
#12122=DIRECTION('ref_axis',(-1.,0.,0.));
#12123=DIRECTION('',(0.,0.,1.));
#12124=DIRECTION('',(1.,0.,0.));
#12125=DIRECTION('',(0.,0.,1.));
#12126=DIRECTION('',(1.,0.,0.));
#12127=DIRECTION('',(0.,0.,1.));
#12128=DIRECTION('',(1.,0.,0.));
#12129=DIRECTION('',(0.,0.,1.));
#12130=DIRECTION('',(1.,0.,0.));
#12131=CARTESIAN_POINT('',(0.,0.,0.));
#12132=CARTESIAN_POINT('',(0.,0.,0.));
#12133=CARTESIAN_POINT('Origin',(0.,0.,0.));
#12134=CARTESIAN_POINT('',(-17.2,-2.10639249453345E-15,0.));
#12135=CARTESIAN_POINT('Origin',(0.,0.,0.));
#12136=CARTESIAN_POINT('',(-17.2,-2.10639249453345E-15,2.4));
#12137=CARTESIAN_POINT('',(-17.2,-2.10639249453345E-15,0.));
#12138=CARTESIAN_POINT('Origin',(0.,0.,2.4));
#12139=CARTESIAN_POINT('Origin',(0.,0.,0.));
#12140=CARTESIAN_POINT('',(-12.,-1.46957615897682E-15,2.4));
#12141=CARTESIAN_POINT('Origin',(0.,0.,2.4));
#12142=CARTESIAN_POINT('',(-12.,-1.46957615897682E-15,4.3));
#12143=CARTESIAN_POINT('',(-12.,-1.46957615897682E-15,0.));
#12144=CARTESIAN_POINT('Origin',(0.,0.,4.3));
#12145=CARTESIAN_POINT('Origin',(0.,0.,0.));
#12146=CARTESIAN_POINT('',(-9.25,-1.1327982892113E-15,4.3));
#12147=CARTESIAN_POINT('Origin',(0.,0.,4.3));
#12148=CARTESIAN_POINT('',(-9.25,-1.1327982892113E-15,2.4));
#12149=CARTESIAN_POINT('',(-9.25,-1.1327982892113E-15,0.));
#12150=CARTESIAN_POINT('Origin',(0.,0.,2.4));
#12151=CARTESIAN_POINT('Origin',(0.,0.,0.));
#12152=CARTESIAN_POINT('',(-7.6,-9.30731567351989E-16,2.4));
#12153=CARTESIAN_POINT('Origin',(0.,0.,2.4));
#12154=CARTESIAN_POINT('',(-7.6,-9.30731567351989E-16,4.3));
#12155=CARTESIAN_POINT('',(-7.6,-9.30731567351989E-16,0.));
#12156=CARTESIAN_POINT('Origin',(0.,0.,4.3));
#12157=CARTESIAN_POINT('Origin',(0.,0.,0.));
#12158=CARTESIAN_POINT('',(-4.5,-5.51091059616309E-16,4.3));
#12159=CARTESIAN_POINT('Origin',(0.,0.,4.3));
#12160=CARTESIAN_POINT('',(-4.5,-5.51091059616309E-16,6.));
#12161=CARTESIAN_POINT('',(-4.5,-5.51091059616309E-16,0.));
#12162=CARTESIAN_POINT('Origin',(0.,0.,6.));
#12163=CARTESIAN_POINT('Origin',(0.,0.,0.));
#12164=CARTESIAN_POINT('',(-3.7,-4.53119315684521E-16,6.));
#12165=CARTESIAN_POINT('Origin',(0.,0.,6.));
#12166=CARTESIAN_POINT('',(-3.7,-4.53119315684521E-16,8.));
#12167=CARTESIAN_POINT('',(-3.7,-4.53119315684521E-16,0.));
#12168=CARTESIAN_POINT('Origin',(0.,0.,8.));
#12169=CARTESIAN_POINT('Origin',(0.,0.,0.));
#12170=CARTESIAN_POINT('',(32.5,3.97997064992273E-15,15.8));
#12171=CARTESIAN_POINT('',(-32.5,-3.9801020972289E-15,15.8));
#12172=CARTESIAN_POINT('Origin',(0.,0.,15.8));
#12173=CARTESIAN_POINT('Origin',(0.,0.,15.8));
#12174=CARTESIAN_POINT('',(-32.5,0.,4.5));
#12175=CARTESIAN_POINT('',(-32.5,-3.9801020972289E-15,0.));
#12176=CARTESIAN_POINT('',(0.,-32.5,4.5));
#12177=CARTESIAN_POINT('Origin',(0.,0.,4.5));
#12178=CARTESIAN_POINT('',(32.5,0.,4.5));
#12179=CARTESIAN_POINT('Origin',(0.,0.,4.5));
#12180=CARTESIAN_POINT('',(0.,32.5,4.5));
#12181=CARTESIAN_POINT('Origin',(0.,0.,4.5));
#12182=CARTESIAN_POINT('Origin',(0.,0.,4.5));
#12183=CARTESIAN_POINT('Origin',(0.,0.,15.8));
#12184=CARTESIAN_POINT('',(30.8,-3.77191214137385E-15,17.5));
#12185=CARTESIAN_POINT('',(32.5,-3.9801020972289E-15,15.8));
#12186=CARTESIAN_POINT('',(-30.8,3.77178756977292E-15,17.5));
#12187=CARTESIAN_POINT('Origin',(0.,0.,17.5));
#12188=CARTESIAN_POINT('Origin',(0.,0.,17.5));
#12189=CARTESIAN_POINT('Origin',(0.,0.,0.));
#12190=CARTESIAN_POINT('',(26.6735824365607,-15.4,23.));
#12191=CARTESIAN_POINT('',(-30.8,-3.77191214137385E-15,23.));
#12192=CARTESIAN_POINT('Origin',(0.,0.,23.));
#12193=CARTESIAN_POINT('',(26.6735824365607,-15.4,19.));
#12194=CARTESIAN_POINT('',(26.6735824365607,-15.4,23.));
#12195=CARTESIAN_POINT('',(-26.6735824365607,-15.4,19.));
#12196=CARTESIAN_POINT('Origin',(0.,0.,19.));
#12197=CARTESIAN_POINT('',(-26.6735824365607,-15.4,23.));
#12198=CARTESIAN_POINT('',(-26.6735824365607,-15.4,23.));
#12199=CARTESIAN_POINT('Origin',(0.,0.,23.));
#12200=CARTESIAN_POINT('',(-30.8,-3.77191214137385E-15,0.));
#12201=CARTESIAN_POINT('Origin',(0.,0.,0.));
#12202=CARTESIAN_POINT('',(-29.3,-3.58821512150174E-15,5.2));
#12203=CARTESIAN_POINT('Origin',(0.,0.,5.2));
#12204=CARTESIAN_POINT('',(-29.3,-3.58821512150174E-15,23.));
#12205=CARTESIAN_POINT('',(-29.3,-3.58821512150174E-15,0.));
#12206=CARTESIAN_POINT('',(-25.3745443308841,-14.65,23.));
#12207=CARTESIAN_POINT('Origin',(0.,0.,23.));
#12208=CARTESIAN_POINT('',(-25.3745443308841,-14.65,19.));
#12209=CARTESIAN_POINT('',(-25.3745443308841,-14.65,0.));
#12210=CARTESIAN_POINT('',(25.3745443308841,-14.65,19.));
#12211=CARTESIAN_POINT('Origin',(0.,0.,19.));
#12212=CARTESIAN_POINT('',(25.3745443308841,-14.65,23.));
#12213=CARTESIAN_POINT('',(25.3745443308841,-14.65,0.));
#12214=CARTESIAN_POINT('Origin',(0.,0.,23.));
#12215=CARTESIAN_POINT('Origin',(0.,0.,0.));
#12216=CARTESIAN_POINT('',(-12.85,-1.57367113690435E-15,5.7));
#12217=CARTESIAN_POINT('Origin',(0.,0.,5.7));
#12218=CARTESIAN_POINT('',(-12.85,-1.57367113690435E-15,5.2));
#12219=CARTESIAN_POINT('',(-12.85,-1.57367113690435E-15,0.));
#12220=CARTESIAN_POINT('Origin',(0.,0.,5.2));
#12221=CARTESIAN_POINT('Origin',(0.,0.,0.));
#12222=CARTESIAN_POINT('',(-6.5,-7.9602041944578E-16,8.));
#12223=CARTESIAN_POINT('Origin',(0.,0.,8.));
#12224=CARTESIAN_POINT('',(-6.5,-7.9602041944578E-16,5.7));
#12225=CARTESIAN_POINT('',(-6.5,-7.9602041944578E-16,0.));
#12226=CARTESIAN_POINT('Origin',(0.,0.,5.7));
#12227=CARTESIAN_POINT('Origin',(-32.5,32.5,0.));
#12228=CARTESIAN_POINT('',(32.5,32.5,0.));
#12229=CARTESIAN_POINT('',(-32.5,32.5,0.));
#12230=CARTESIAN_POINT('',(32.5,32.5,0.));
#12231=CARTESIAN_POINT('',(32.5,-32.5,0.));
#12232=CARTESIAN_POINT('',(32.5,-32.5,0.));
#12233=CARTESIAN_POINT('',(-32.5,-32.5,0.));
#12234=CARTESIAN_POINT('',(-32.5,-32.5,0.));
#12235=CARTESIAN_POINT('',(-32.5,32.5,0.));
#12236=CARTESIAN_POINT('Origin',(0.,0.,8.));
#12237=CARTESIAN_POINT('Origin',(-32.5,32.5,4.5));
#12238=CARTESIAN_POINT('',(32.5,-32.5,4.5));
#12239=CARTESIAN_POINT('',(32.5,-32.5,4.5));
#12240=CARTESIAN_POINT('',(-32.5,-32.5,4.5));
#12241=CARTESIAN_POINT('Origin',(-32.5,32.5,4.5));
#12242=CARTESIAN_POINT('',(-32.5,-32.5,4.5));
#12243=CARTESIAN_POINT('',(-32.5,-32.5,4.5));
#12244=CARTESIAN_POINT('',(-32.5,32.5,4.5));
#12245=CARTESIAN_POINT('Origin',(-32.5,32.5,4.5));
#12246=CARTESIAN_POINT('',(-32.5,32.5,4.5));
#12247=CARTESIAN_POINT('',(-32.5,32.5,4.5));
#12248=CARTESIAN_POINT('',(32.5,32.5,4.5));
#12249=CARTESIAN_POINT('Origin',(-32.5,32.5,4.5));
#12250=CARTESIAN_POINT('',(32.5,32.5,4.5));
#12251=CARTESIAN_POINT('',(32.5,32.5,4.5));
#12252=CARTESIAN_POINT('',(32.5,-32.5,4.5));
#12253=CARTESIAN_POINT('Origin',(32.5,32.5,4.5));
#12254=CARTESIAN_POINT('',(32.5,32.5,4.5));
#12255=CARTESIAN_POINT('',(-32.5,32.5,4.5));
#12256=CARTESIAN_POINT('Origin',(-32.5,32.5,4.5));
#12257=CARTESIAN_POINT('',(-32.5,-32.5,4.5));
#12258=CARTESIAN_POINT('Origin',(-32.5,-32.5,4.5));
#12259=CARTESIAN_POINT('',(32.5,-32.5,4.5));
#12260=CARTESIAN_POINT('Origin',(32.5,-32.5,4.5));
#12261=CARTESIAN_POINT('Origin',(0.,6.5,5.7));
#12262=CARTESIAN_POINT('Origin',(0.,12.85,5.2));
#12263=CARTESIAN_POINT('Origin',(0.,29.3,23.));
#12264=CARTESIAN_POINT('',(22.3434554176385,-12.9,23.));
#12265=CARTESIAN_POINT('',(-22.3434554176385,-12.9,23.));
#12266=CARTESIAN_POINT('Origin',(0.,3.7,6.));
#12267=CARTESIAN_POINT('Origin',(0.,4.5,4.3));
#12268=CARTESIAN_POINT('Origin',(0.,7.6,2.4));
#12269=CARTESIAN_POINT('Origin',(0.,9.25,4.3));
#12270=CARTESIAN_POINT('Origin',(0.,12.,2.4));
#12271=CARTESIAN_POINT('Origin',(26.6735824365607,-15.4,19.));
#12272=CARTESIAN_POINT('',(-26.6735824365607,-15.4,19.));
#12273=CARTESIAN_POINT('',(26.6735824365607,-15.4,19.));
#12274=CARTESIAN_POINT('Origin',(26.6735824365607,-15.4,23.));
#12275=CARTESIAN_POINT('Origin',(-26.6735824365607,-15.4,23.));
#12276=CARTESIAN_POINT('',(0.,0.,0.));
#12277=CARTESIAN_POINT('Origin',(0.,0.,27.7));
#12278=CARTESIAN_POINT('',(-4.5,-5.51091059616309E-16,27.7));
#12279=CARTESIAN_POINT('Origin',(0.,0.,27.7));
#12280=CARTESIAN_POINT('',(-4.5,-5.51091059616309E-16,36.));
#12281=CARTESIAN_POINT('',(-4.5,-5.51091059616309E-16,27.7));
#12282=CARTESIAN_POINT('Origin',(0.,0.,36.));
#12283=CARTESIAN_POINT('Origin',(0.,0.,27.7));
#12284=CARTESIAN_POINT('',(-4.65,-5.69460761603519E-16,36.));
#12285=CARTESIAN_POINT('Origin',(0.,0.,36.));
#12286=CARTESIAN_POINT('',(-4.65,-5.69460761603519E-16,37.5));
#12287=CARTESIAN_POINT('',(-4.65,-5.69460761603519E-16,27.7));
#12288=CARTESIAN_POINT('Origin',(0.,0.,37.5));
#12289=CARTESIAN_POINT('Origin',(0.,0.,27.7));
#12290=CARTESIAN_POINT('',(-5.75,-7.04171909509728E-16,37.5));
#12291=CARTESIAN_POINT('Origin',(0.,0.,37.5));
#12292=CARTESIAN_POINT('',(-5.75,-7.04171909509728E-16,30.2));
#12293=CARTESIAN_POINT('',(-5.75,-7.04171909509728E-16,27.7));
#12294=CARTESIAN_POINT('Origin',(0.,0.,30.2));
#12295=CARTESIAN_POINT('Origin',(0.,0.,27.7));
#12296=CARTESIAN_POINT('',(-10.,-1.22464679914735E-15,30.2));
#12297=CARTESIAN_POINT('Origin',(0.,0.,30.2));
#12298=CARTESIAN_POINT('',(-10.,-1.22464679914735E-15,41.5));
#12299=CARTESIAN_POINT('',(-10.,-1.22464679914735E-15,27.7));
#12300=CARTESIAN_POINT('Origin',(0.,0.,41.5));
#12301=CARTESIAN_POINT('Origin',(0.,0.,27.7));
#12302=CARTESIAN_POINT('',(-12.,-1.46957615897682E-15,41.5));
#12303=CARTESIAN_POINT('Origin',(0.,0.,41.5));
#12304=CARTESIAN_POINT('',(-12.,-1.46957615897682E-15,35.));
#12305=CARTESIAN_POINT('',(-12.,-1.46957615897682E-15,27.7));
#12306=CARTESIAN_POINT('Origin',(0.,0.,35.));
#12307=CARTESIAN_POINT('Origin',(0.,0.,27.7));
#12308=CARTESIAN_POINT('',(-12.,-1.46957615897682E-15,32.8));
#12309=CARTESIAN_POINT('Origin',(0.,0.,32.8));
#12310=CARTESIAN_POINT('',(-12.,-1.46957615897682E-15,27.7));
#12311=CARTESIAN_POINT('',(-12.,-1.46957615897682E-15,27.7));
#12312=CARTESIAN_POINT('Origin',(0.,0.,27.7));
#12313=CARTESIAN_POINT('Origin',(0.,-49.6,30.1565));
#12314=CARTESIAN_POINT('',(-4.006706475966,-49.6,32.738206475966));
#12315=CARTESIAN_POINT('Origin',(0.,-49.6,32.738206475966));
#12316=CARTESIAN_POINT('',(-1.42500000000001,-49.6,30.1565));
#12317=CARTESIAN_POINT('',(-1.42500000000001,-49.6,30.1565));
#12318=CARTESIAN_POINT('Origin',(0.,-49.6,30.1565));
#12319=CARTESIAN_POINT('Origin',(0.,-49.6,31.7499999999988));
#12320=CARTESIAN_POINT('',(3.90636020984783,-50.1,32.85));
#12321=CARTESIAN_POINT('',(3.90636020984783,-49.1,32.85));
#12322=CARTESIAN_POINT('Origin',(0.,-49.6,32.85));
#12323=CARTESIAN_POINT('',(2.21209638352402,-50.1,33.75));
#12324=CARTESIAN_POINT('Ctrl Pts',(3.90636020984783,-50.1,32.85));
#12325=CARTESIAN_POINT('Ctrl Pts',(3.83016204205672,-50.1,32.9647691678765));
#12326=CARTESIAN_POINT('Ctrl Pts',(3.74120952652121,-50.1,33.0714057717287));
#12327=CARTESIAN_POINT('Ctrl Pts',(3.47548760001611,-50.1,33.336031253466));
#12328=CARTESIAN_POINT('Ctrl Pts',(3.22683412800916,-50.1,33.5009845845284));
#12329=CARTESIAN_POINT('Ctrl Pts',(2.76299665169855,-50.1,33.691962537408));
#12330=CARTESIAN_POINT('Ctrl Pts',(2.46505104810871,-50.1,33.75));
#12331=CARTESIAN_POINT('Ctrl Pts',(2.212096383524,-50.1,33.75));
#12332=CARTESIAN_POINT('',(-2.21209638352402,-50.1,33.75));
#12333=CARTESIAN_POINT('Origin',(0.,-49.6,33.75));
#12334=CARTESIAN_POINT('',(-3.90636020984783,-50.1,32.85));
#12335=CARTESIAN_POINT('Ctrl Pts',(-2.212096383524,-50.1,33.75));
#12336=CARTESIAN_POINT('Ctrl Pts',(-2.46505104810871,-50.1,33.75));
#12337=CARTESIAN_POINT('Ctrl Pts',(-2.76299665169855,-50.1,33.691962537408));
#12338=CARTESIAN_POINT('Ctrl Pts',(-3.22683412800916,-50.1,33.5009845845284));
#12339=CARTESIAN_POINT('Ctrl Pts',(-3.47548760001611,-50.1,33.336031253466));
#12340=CARTESIAN_POINT('Ctrl Pts',(-3.74120952652121,-50.1,33.0714057717287));
#12341=CARTESIAN_POINT('Ctrl Pts',(-3.83016204205672,-50.1,32.9647691678765));
#12342=CARTESIAN_POINT('Ctrl Pts',(-3.90636020984783,-50.1,32.85));
#12343=CARTESIAN_POINT('',(-3.93822930884965,-49.6,32.85));
#12344=CARTESIAN_POINT('Origin',(0.,-49.6,32.85));
#12345=CARTESIAN_POINT('Origin',(-2.2679,-49.6,31.7499999999988));
#12346=CARTESIAN_POINT('',(-3.90636020984783,-49.1,32.85));
#12347=CARTESIAN_POINT('Origin',(0.,-49.6,32.85));
#12348=CARTESIAN_POINT('',(-2.21209638352402,-49.1,33.75));
#12349=CARTESIAN_POINT('Ctrl Pts',(-3.90636020984783,-49.1,32.85));
#12350=CARTESIAN_POINT('Ctrl Pts',(-3.83016204205672,-49.1,32.9647691678765));
#12351=CARTESIAN_POINT('Ctrl Pts',(-3.74120952652121,-49.1,33.0714057717287));
#12352=CARTESIAN_POINT('Ctrl Pts',(-3.47548760001611,-49.1,33.336031253466));
#12353=CARTESIAN_POINT('Ctrl Pts',(-3.22683412800916,-49.1,33.5009845845284));
#12354=CARTESIAN_POINT('Ctrl Pts',(-2.76299665169855,-49.1,33.691962537408));
#12355=CARTESIAN_POINT('Ctrl Pts',(-2.46505104810871,-49.1,33.75));
#12356=CARTESIAN_POINT('Ctrl Pts',(-2.212096383524,-49.1,33.75));
#12357=CARTESIAN_POINT('',(2.21209638352402,-49.1,33.75));
#12358=CARTESIAN_POINT('Origin',(0.,-49.6,33.75));
#12359=CARTESIAN_POINT('Ctrl Pts',(2.212096383524,-49.1,33.75));
#12360=CARTESIAN_POINT('Ctrl Pts',(2.46505104810871,-49.1,33.75));
#12361=CARTESIAN_POINT('Ctrl Pts',(2.76299665169855,-49.1,33.691962537408));
#12362=CARTESIAN_POINT('Ctrl Pts',(3.22683412800916,-49.1,33.5009845845284));
#12363=CARTESIAN_POINT('Ctrl Pts',(3.47548760001611,-49.1,33.336031253466));
#12364=CARTESIAN_POINT('Ctrl Pts',(3.74120952652121,-49.1,33.0714057717287));
#12365=CARTESIAN_POINT('Ctrl Pts',(3.83016204205672,-49.1,32.9647691678765));
#12366=CARTESIAN_POINT('Ctrl Pts',(3.90636020984783,-49.1,32.85));
#12367=CARTESIAN_POINT('Origin',(0.,-49.6,-19.85));
#12368=CARTESIAN_POINT('',(-1.42500000000001,-49.6,15.425));
#12369=CARTESIAN_POINT('',(-1.42500000000001,-49.6,-19.85));
#12370=CARTESIAN_POINT('Origin',(0.,-49.6,15.425));
#12371=CARTESIAN_POINT('Origin',(0.,-49.6,-19.85));
#12372=CARTESIAN_POINT('',(-1.42500000000001,-49.6,13.5));
#12373=CARTESIAN_POINT('Origin',(0.,-49.6,13.5));
#12374=CARTESIAN_POINT('',(-1.42500000000001,-49.6,-0.849999999999997));
#12375=CARTESIAN_POINT('',(-1.42500000000001,-49.6,-19.85));
#12376=CARTESIAN_POINT('Origin',(0.,-49.6,-0.85));
#12377=CARTESIAN_POINT('Origin',(0.,-49.6,-1.1565));
#12378=CARTESIAN_POINT('',(-1.75,-49.6,-1.1565));
#12379=CARTESIAN_POINT('',(1.75,-49.6,-1.1565));
#12380=CARTESIAN_POINT('Origin',(0.,-49.6,-1.1565));
#12381=CARTESIAN_POINT('',(1.4435,-49.6,-0.85));
#12382=CARTESIAN_POINT('',(1.75,-49.6,-1.1565));
#12383=CARTESIAN_POINT('Origin',(0.,-49.6,-0.85));
#12384=CARTESIAN_POINT('Origin',(0.,-49.6,-1.1565));
#12385=CARTESIAN_POINT('Origin',(0.,-49.6,-19.85));
#12386=CARTESIAN_POINT('',(-1.75,-49.6,-19.5435));
#12387=CARTESIAN_POINT('',(-1.75,-49.6,-19.85));
#12388=CARTESIAN_POINT('Origin',(0.,-49.6,-19.5435));
#12389=CARTESIAN_POINT('Origin',(0.,-49.6,-19.85));
#12390=CARTESIAN_POINT('',(-1.4435,-49.6,-19.85));
#12391=CARTESIAN_POINT('',(-1.4435,-49.6,-19.85));
#12392=CARTESIAN_POINT('Origin',(0.,-49.6,-19.85));
#12393=CARTESIAN_POINT('Origin',(0.,49.6,30.1565));
#12394=CARTESIAN_POINT('',(-4.00670647596599,49.6,32.738206475966));
#12395=CARTESIAN_POINT('Origin',(0.,49.6,32.738206475966));
#12396=CARTESIAN_POINT('',(-1.425,49.6,30.1565));
#12397=CARTESIAN_POINT('',(-1.425,49.6,30.1565));
#12398=CARTESIAN_POINT('Origin',(0.,49.6,30.1565));
#12399=CARTESIAN_POINT('Origin',(0.,49.6,31.7499999999988));
#12400=CARTESIAN_POINT('',(3.90636020984783,49.1,32.85));
#12401=CARTESIAN_POINT('',(3.90636020984783,50.1,32.85));
#12402=CARTESIAN_POINT('Origin',(0.,49.6,32.85));
#12403=CARTESIAN_POINT('',(2.21209638352401,49.1,33.75));
#12404=CARTESIAN_POINT('Ctrl Pts',(3.90636020984783,49.1,32.85));
#12405=CARTESIAN_POINT('Ctrl Pts',(3.83016204205672,49.1,32.9647691678765));
#12406=CARTESIAN_POINT('Ctrl Pts',(3.74120952652121,49.1,33.0714057717287));
#12407=CARTESIAN_POINT('Ctrl Pts',(3.47548760001611,49.1,33.336031253466));
#12408=CARTESIAN_POINT('Ctrl Pts',(3.22683412800915,49.1,33.5009845845284));
#12409=CARTESIAN_POINT('Ctrl Pts',(2.76299665169854,49.1,33.691962537408));
#12410=CARTESIAN_POINT('Ctrl Pts',(2.46505104810869,49.1,33.75));
#12411=CARTESIAN_POINT('Ctrl Pts',(2.21209638352398,49.1,33.75));
#12412=CARTESIAN_POINT('',(-2.21209638352401,49.1,33.75));
#12413=CARTESIAN_POINT('Origin',(0.,49.6,33.75));
#12414=CARTESIAN_POINT('',(-3.90636020984783,49.1,32.85));
#12415=CARTESIAN_POINT('Ctrl Pts',(-2.21209638352398,49.1,33.75));
#12416=CARTESIAN_POINT('Ctrl Pts',(-2.46505104810869,49.1,33.75));
#12417=CARTESIAN_POINT('Ctrl Pts',(-2.76299665169854,49.1,33.691962537408));
#12418=CARTESIAN_POINT('Ctrl Pts',(-3.22683412800915,49.1,33.5009845845284));
#12419=CARTESIAN_POINT('Ctrl Pts',(-3.47548760001611,49.1,33.336031253466));
#12420=CARTESIAN_POINT('Ctrl Pts',(-3.74120952652121,49.1,33.0714057717287));
#12421=CARTESIAN_POINT('Ctrl Pts',(-3.83016204205672,49.1,32.9647691678765));
#12422=CARTESIAN_POINT('Ctrl Pts',(-3.90636020984783,49.1,32.85));
#12423=CARTESIAN_POINT('',(-3.93822930884965,49.6,32.85));
#12424=CARTESIAN_POINT('Origin',(0.,49.6,32.85));
#12425=CARTESIAN_POINT('Origin',(-2.26789999999998,49.6,31.7499999999988));
#12426=CARTESIAN_POINT('',(-3.90636020984783,50.1,32.85));
#12427=CARTESIAN_POINT('Origin',(0.,49.6,32.85));
#12428=CARTESIAN_POINT('',(-2.21209638352401,50.1,33.75));
#12429=CARTESIAN_POINT('Ctrl Pts',(-3.90636020984783,50.1,32.85));
#12430=CARTESIAN_POINT('Ctrl Pts',(-3.83016204205672,50.1,32.9647691678765));
#12431=CARTESIAN_POINT('Ctrl Pts',(-3.74120952652121,50.1,33.0714057717287));
#12432=CARTESIAN_POINT('Ctrl Pts',(-3.47548760001611,50.1,33.336031253466));
#12433=CARTESIAN_POINT('Ctrl Pts',(-3.22683412800915,50.1,33.5009845845284));
#12434=CARTESIAN_POINT('Ctrl Pts',(-2.76299665169854,50.1,33.691962537408));
#12435=CARTESIAN_POINT('Ctrl Pts',(-2.46505104810869,50.1,33.75));
#12436=CARTESIAN_POINT('Ctrl Pts',(-2.21209638352398,50.1,33.75));
#12437=CARTESIAN_POINT('',(2.21209638352401,50.1,33.75));
#12438=CARTESIAN_POINT('Origin',(0.,49.6,33.75));
#12439=CARTESIAN_POINT('Ctrl Pts',(2.21209638352398,50.1,33.75));
#12440=CARTESIAN_POINT('Ctrl Pts',(2.46505104810869,50.1,33.75));
#12441=CARTESIAN_POINT('Ctrl Pts',(2.76299665169854,50.1,33.691962537408));
#12442=CARTESIAN_POINT('Ctrl Pts',(3.22683412800915,50.1,33.5009845845284));
#12443=CARTESIAN_POINT('Ctrl Pts',(3.47548760001611,50.1,33.336031253466));
#12444=CARTESIAN_POINT('Ctrl Pts',(3.74120952652121,50.1,33.0714057717287));
#12445=CARTESIAN_POINT('Ctrl Pts',(3.83016204205672,50.1,32.9647691678765));
#12446=CARTESIAN_POINT('Ctrl Pts',(3.90636020984783,50.1,32.85));
#12447=CARTESIAN_POINT('Origin',(0.,49.6,-19.85));
#12448=CARTESIAN_POINT('',(-1.425,49.6,15.425));
#12449=CARTESIAN_POINT('',(-1.425,49.6,-19.85));
#12450=CARTESIAN_POINT('Origin',(0.,49.6,15.425));
#12451=CARTESIAN_POINT('Origin',(0.,49.6,-19.85));
#12452=CARTESIAN_POINT('',(-1.425,49.6,13.5));
#12453=CARTESIAN_POINT('Origin',(0.,49.6,13.5));
#12454=CARTESIAN_POINT('',(-1.425,49.6,-0.85));
#12455=CARTESIAN_POINT('',(-1.425,49.6,-19.85));
#12456=CARTESIAN_POINT('Origin',(0.,49.6,-0.85));
#12457=CARTESIAN_POINT('Origin',(0.,49.6,-1.1565));
#12458=CARTESIAN_POINT('',(-1.74999999999999,49.6,-1.1565));
#12459=CARTESIAN_POINT('',(1.74999999999999,49.6,-1.1565));
#12460=CARTESIAN_POINT('Origin',(0.,49.6,-1.1565));
#12461=CARTESIAN_POINT('',(1.4435,49.6,-0.849999999999999));
#12462=CARTESIAN_POINT('',(1.74999999999999,49.6,-1.1565));
#12463=CARTESIAN_POINT('Origin',(0.,49.6,-0.85));
#12464=CARTESIAN_POINT('Origin',(0.,49.6,-1.1565));
#12465=CARTESIAN_POINT('Origin',(0.,49.6,-19.85));
#12466=CARTESIAN_POINT('',(-1.74999999999999,49.6,-19.5435));
#12467=CARTESIAN_POINT('',(-1.74999999999999,49.6,-19.85));
#12468=CARTESIAN_POINT('Origin',(0.,49.6,-19.5435));
#12469=CARTESIAN_POINT('Origin',(0.,49.6,-19.85));
#12470=CARTESIAN_POINT('',(-1.4435,49.6,-19.85));
#12471=CARTESIAN_POINT('',(-1.4435,49.6,-19.85));
#12472=CARTESIAN_POINT('Origin',(0.,49.6,-19.85));
#12473=CARTESIAN_POINT('Origin',(0.,49.6,-1.));
#12474=CARTESIAN_POINT('',(-3.75,49.6,-1.));
#12475=CARTESIAN_POINT('Origin',(0.,49.6,-1.));
#12476=CARTESIAN_POINT('',(-3.75,49.6,13.5));
#12477=CARTESIAN_POINT('',(-3.75,49.6,-1.));
#12478=CARTESIAN_POINT('Origin',(0.,49.6,13.5));
#12479=CARTESIAN_POINT('Origin',(0.,49.6,15.425));
#12480=CARTESIAN_POINT('',(-4.15,49.6,18.15));
#12481=CARTESIAN_POINT('',(-1.425,49.6,15.425));
#12482=CARTESIAN_POINT('Origin',(0.,49.6,18.15));
#12483=CARTESIAN_POINT('Origin',(0.,49.6,-1.));
#12484=CARTESIAN_POINT('',(-4.14999999999999,49.6,34.6001062510669));
#12485=CARTESIAN_POINT('',(-4.14999999999999,49.6,-1.));
#12486=CARTESIAN_POINT('Origin',(0.,49.6,34.6001062510669));
#12487=CARTESIAN_POINT('Origin',(0.,-49.6,-1.));
#12488=CARTESIAN_POINT('',(-3.75,-49.6,-1.));
#12489=CARTESIAN_POINT('Origin',(0.,-49.6,-1.));
#12490=CARTESIAN_POINT('',(-3.75,-49.6,13.5));
#12491=CARTESIAN_POINT('',(-3.75,-49.6,-1.));
#12492=CARTESIAN_POINT('Origin',(0.,-49.6,13.5));
#12493=CARTESIAN_POINT('Origin',(0.,-49.6,15.425));
#12494=CARTESIAN_POINT('',(-4.15,-49.6,18.15));
#12495=CARTESIAN_POINT('',(-1.42500000000001,-49.6,15.425));
#12496=CARTESIAN_POINT('Origin',(0.,-49.6,18.15));
#12497=CARTESIAN_POINT('Origin',(0.,-49.6,-1.));
#12498=CARTESIAN_POINT('',(-4.15,-49.6,34.6001062510669));
#12499=CARTESIAN_POINT('',(-4.15,-49.6,-1.));
#12500=CARTESIAN_POINT('Origin',(0.,-49.6,34.600106251067));
#12501=CARTESIAN_POINT('Origin',(0.,-49.6,-1.));
#12502=CARTESIAN_POINT('',(-5.975,-49.6,32.0119200547673));
#12503=CARTESIAN_POINT('Origin',(0.,-49.6,32.0119200547673));
#12504=CARTESIAN_POINT('',(-5.975,-49.6,17.585832003489));
#12505=CARTESIAN_POINT('',(-5.975,-49.6,-1.));
#12506=CARTESIAN_POINT('Origin',(0.,-49.6,17.585832003489));
#12507=CARTESIAN_POINT('Origin',(0.,-49.6,13.5));
#12508=CARTESIAN_POINT('',(-4.75,-49.6,13.5));
#12509=CARTESIAN_POINT('',(-4.75,-49.6,13.5));
#12510=CARTESIAN_POINT('Origin',(0.,-49.6,13.5));
#12511=CARTESIAN_POINT('Origin',(0.,-49.6,-1.));
#12512=CARTESIAN_POINT('',(-4.75,-49.6,-1.));
#12513=CARTESIAN_POINT('',(-4.75,-49.6,-1.));
#12514=CARTESIAN_POINT('Origin',(0.,-49.6,-1.));
#12515=CARTESIAN_POINT('Origin',(0.,49.6,-1.));
#12516=CARTESIAN_POINT('',(-5.975,49.6,32.0119200547673));
#12517=CARTESIAN_POINT('Origin',(0.,49.6,32.0119200547673));
#12518=CARTESIAN_POINT('',(-5.975,49.6,17.585832003489));
#12519=CARTESIAN_POINT('',(-5.975,49.6,-1.));
#12520=CARTESIAN_POINT('Origin',(0.,49.6,17.585832003489));
#12521=CARTESIAN_POINT('Origin',(0.,49.6,13.5));
#12522=CARTESIAN_POINT('',(-4.75,49.6,13.5));
#12523=CARTESIAN_POINT('',(-4.75,49.6,13.5));
#12524=CARTESIAN_POINT('Origin',(0.,49.6,13.5));
#12525=CARTESIAN_POINT('Origin',(0.,49.6,-1.));
#12526=CARTESIAN_POINT('',(-4.75,49.6,-1.));
#12527=CARTESIAN_POINT('',(-4.75,49.6,-1.));
#12528=CARTESIAN_POINT('Origin',(0.,49.6,-1.));
#12529=CARTESIAN_POINT('Origin',(40.,5.71370430265816E-13,-690.000000000026));
#12530=CARTESIAN_POINT('',(-40.,-60.,-2.6136457566241));
#12531=CARTESIAN_POINT('',(-40.,59.9999999999998,-2.61364575662404));
#12532=CARTESIAN_POINT('Origin',(-40.,5.71370430265816E-13,-690.000000000026));
#12533=CARTESIAN_POINT('',(40.,59.9999999999998,-2.61364575662404));
#12534=CARTESIAN_POINT('',(40.,59.9999999999998,-2.61364575662404));
#12535=CARTESIAN_POINT('',(40.,-60.,-2.6136457566241));
#12536=CARTESIAN_POINT('Origin',(40.,5.71370430265816E-13,-690.000000000026));
#12537=CARTESIAN_POINT('',(40.,-60.,-2.6136457566241));
#12538=CARTESIAN_POINT('',(-38.8,-58.8,-2.5099564357316));
#12539=CARTESIAN_POINT('',(-38.8,58.8,-2.50995643573138));
#12540=CARTESIAN_POINT('Origin',(-38.8,5.71370430265816E-13,-690.000000000026));
#12541=CARTESIAN_POINT('',(38.8,-58.8,-2.5099564357316));
#12542=CARTESIAN_POINT('',(40.,-58.8,-2.5099564357316));
#12543=CARTESIAN_POINT('',(38.8,58.8,-2.50995643573138));
#12544=CARTESIAN_POINT('Origin',(38.8,5.71370430265816E-13,-690.000000000026));
#12545=CARTESIAN_POINT('',(40.,58.8,-2.50995643573138));
#12546=CARTESIAN_POINT('Origin',(0.,12.,27.7));
#12547=CARTESIAN_POINT('Origin',(0.,0.,41.5));
#12548=CARTESIAN_POINT('Origin',(-25.,25.,35.));
#12549=CARTESIAN_POINT('',(22.5,-22.5,35.));
#12550=CARTESIAN_POINT('',(22.5,22.5,35.));
#12551=CARTESIAN_POINT('',(22.5,-22.5,35.));
#12552=CARTESIAN_POINT('',(-22.5,22.5,35.));
#12553=CARTESIAN_POINT('',(22.5,22.5,35.));
#12554=CARTESIAN_POINT('',(-22.5,-22.5,35.));
#12555=CARTESIAN_POINT('',(-22.5,22.5,35.));
#12556=CARTESIAN_POINT('',(-22.5,-22.5,35.));
#12557=CARTESIAN_POINT('Origin',(-25.,25.,32.8));
#12558=CARTESIAN_POINT('',(25.,25.,32.8));
#12559=CARTESIAN_POINT('',(-25.,25.,32.8));
#12560=CARTESIAN_POINT('',(25.,25.,32.8));
#12561=CARTESIAN_POINT('',(25.,-25.,32.8));
#12562=CARTESIAN_POINT('',(25.,-25.,32.8));
#12563=CARTESIAN_POINT('',(-25.,-25.,32.8));
#12564=CARTESIAN_POINT('',(-25.,-25.,32.8));
#12565=CARTESIAN_POINT('',(-25.,25.,32.8));
#12566=CARTESIAN_POINT('Origin',(40.,41.99999444571,37.5));
#12567=CARTESIAN_POINT('',(40.,41.99999444571,37.5));
#12568=CARTESIAN_POINT('',(-40.,41.99999444571,37.5));
#12569=CARTESIAN_POINT('',(40.,41.99999444571,37.5));
#12570=CARTESIAN_POINT('',(-40.,-41.99999444571,37.5));
#12571=CARTESIAN_POINT('',(-40.,41.99999444571,37.5));
#12572=CARTESIAN_POINT('',(40.,-41.99999444571,37.5));
#12573=CARTESIAN_POINT('',(40.,-41.99999444571,37.5));
#12574=CARTESIAN_POINT('',(40.,41.99999444571,37.5));
#12575=CARTESIAN_POINT('',(22.5,22.5,37.5));
#12576=CARTESIAN_POINT('',(-22.5,22.5,37.5));
#12577=CARTESIAN_POINT('',(40.,22.5,37.5));
#12578=CARTESIAN_POINT('',(22.5,-22.5,37.5));
#12579=CARTESIAN_POINT('',(22.5,41.99999444571,37.5));
#12580=CARTESIAN_POINT('',(-22.5,-22.5,37.5));
#12581=CARTESIAN_POINT('',(40.,-22.5,37.5));
#12582=CARTESIAN_POINT('',(-22.5,41.99999444571,37.5));
#12583=CARTESIAN_POINT('Origin',(-37.2,40.468,35.));
#12584=CARTESIAN_POINT('',(-38.,-40.468,35.));
#12585=CARTESIAN_POINT('',(38.,-40.468,35.));
#12586=CARTESIAN_POINT('',(-37.2,-40.468,35.));
#12587=CARTESIAN_POINT('',(-38.,40.468,35.));
#12588=CARTESIAN_POINT('',(-38.,40.468,35.));
#12589=CARTESIAN_POINT('',(38.,40.468,35.));
#12590=CARTESIAN_POINT('',(-37.2,40.468,35.));
#12591=CARTESIAN_POINT('',(38.,40.468,35.));
#12592=CARTESIAN_POINT('',(25.,-25.,35.));
#12593=CARTESIAN_POINT('',(25.,25.,35.));
#12594=CARTESIAN_POINT('',(25.,-25.,35.));
#12595=CARTESIAN_POINT('',(-25.,25.,35.));
#12596=CARTESIAN_POINT('',(25.,25.,35.));
#12597=CARTESIAN_POINT('',(-25.,-25.,35.));
#12598=CARTESIAN_POINT('',(-25.,25.,35.));
#12599=CARTESIAN_POINT('',(-25.,-25.,35.));
#12600=CARTESIAN_POINT('Origin',(0.,-49.6,33.75));
#12601=CARTESIAN_POINT('',(-0.5,-49.1,33.75));
#12602=CARTESIAN_POINT('',(0.,-49.1,33.75));
#12603=CARTESIAN_POINT('',(-0.5,-47.6,33.75));
#12604=CARTESIAN_POINT('',(-0.5,-49.6,33.75));
#12605=CARTESIAN_POINT('',(0.5,-47.6,33.75));
#12606=CARTESIAN_POINT('',(0.,-47.6,33.75));
#12607=CARTESIAN_POINT('',(0.5,-49.1,33.75));
#12608=CARTESIAN_POINT('',(0.5,-49.6,33.75));
#12609=CARTESIAN_POINT('',(0.,-49.1,33.75));
#12610=CARTESIAN_POINT('Origin',(0.,49.6,33.75));
#12611=CARTESIAN_POINT('',(-0.5,50.1,33.75));
#12612=CARTESIAN_POINT('',(0.,50.1,33.75));
#12613=CARTESIAN_POINT('',(-0.5,51.6,33.75));
#12614=CARTESIAN_POINT('',(-0.5,49.6,33.75));
#12615=CARTESIAN_POINT('',(0.5,51.6,33.75));
#12616=CARTESIAN_POINT('',(0.,51.6,33.75));
#12617=CARTESIAN_POINT('',(0.5,50.1,33.75));
#12618=CARTESIAN_POINT('',(0.5,49.6,33.75));
#12619=CARTESIAN_POINT('',(0.,50.1,33.75));
#12620=CARTESIAN_POINT('Origin',(39.2,60.,31.813434649783));
#12621=CARTESIAN_POINT('',(-39.2,42.5095230409091,36.499993826207));
#12622=CARTESIAN_POINT('',(39.2,42.5095230409091,36.499993826207));
#12623=CARTESIAN_POINT('',(40.,42.5095230409091,36.499993826207));
#12624=CARTESIAN_POINT('',(39.2,60.,31.813434649783));
#12625=CARTESIAN_POINT('',(39.2,60.,31.813434649783));
#12626=CARTESIAN_POINT('',(-39.2,60.,31.813434649783));
#12627=CARTESIAN_POINT('',(39.2,60.,31.813434649783));
#12628=CARTESIAN_POINT('',(-39.2,60.,31.813434649783));
#12629=CARTESIAN_POINT('Origin',(0.,54.35,-1.));
#12630=CARTESIAN_POINT('Origin',(39.2,-42.5095,36.5));
#12631=CARTESIAN_POINT('',(-39.2,-42.5095230401576,36.4999938268156));
#12632=CARTESIAN_POINT('',(-39.2,-60.,31.813434649783));
#12633=CARTESIAN_POINT('',(-39.2,-42.5095,36.5));
#12634=CARTESIAN_POINT('',(39.2,-60.,31.813434649783));
#12635=CARTESIAN_POINT('',(39.2,-60.,31.813434649783));
#12636=CARTESIAN_POINT('',(39.2,-42.5095230409091,36.499993826207));
#12637=CARTESIAN_POINT('',(39.2,-42.5095,36.5));
#12638=CARTESIAN_POINT('',(40.,-42.5095230409091,36.499993826207));
#12639=CARTESIAN_POINT('Origin',(0.,-44.85,-1.));
#12640=CARTESIAN_POINT('Origin',(-37.2,-40.787336917517,34.373266010886));
#12641=CARTESIAN_POINT('',(-37.2,-58.,29.761146838346));
#12642=CARTESIAN_POINT('',(37.2,-58.,29.761146838346));
#12643=CARTESIAN_POINT('',(-37.2,-58.,29.761146838346));
#12644=CARTESIAN_POINT('',(-37.2,-40.787336917517,34.373266010886));
#12645=CARTESIAN_POINT('',(-37.2,-40.787336917517,34.373266010886));
#12646=CARTESIAN_POINT('',(37.2,-40.7873369175167,34.3732660108861));
#12647=CARTESIAN_POINT('',(-37.2,-40.787336917517,34.373266010886));
#12648=CARTESIAN_POINT('',(37.2,-40.787336917517,34.373266010886));
#12649=CARTESIAN_POINT('Origin',(-37.2,58.,29.761146838346));
#12650=CARTESIAN_POINT('',(-37.2,40.7873369175167,34.3732660108861));
#12651=CARTESIAN_POINT('',(37.2,40.7873369175167,34.3732660108861));
#12652=CARTESIAN_POINT('',(-37.2,40.787336917517,34.373266010886));
#12653=CARTESIAN_POINT('',(-37.2,58.,29.761146838346));
#12654=CARTESIAN_POINT('',(-37.2,58.,29.761146838346));
#12655=CARTESIAN_POINT('',(37.2,58.,29.761146838346));
#12656=CARTESIAN_POINT('',(-37.2,58.,29.761146838346));
#12657=CARTESIAN_POINT('',(37.2,58.,29.761146838346));
#12658=CARTESIAN_POINT('Origin',(-37.2,-58.,35.));
#12659=CARTESIAN_POINT('',(-37.2,58.,0.5915126174837));
#12660=CARTESIAN_POINT('',(-37.2,20.1730191113676,74.8311427010562));
#12661=CARTESIAN_POINT('',(-37.2,58.,-70.));
#12662=CARTESIAN_POINT('Origin',(37.2,-58.,35.));
#12663=CARTESIAN_POINT('',(37.2,58.,0.5915126174837));
#12664=CARTESIAN_POINT('',(37.2,58.,-70.));
#12665=CARTESIAN_POINT('',(37.2,20.1730191113676,74.8311427010562));
#12666=CARTESIAN_POINT('Origin',(-55.,0.,-690.000000000041));
#12667=CARTESIAN_POINT('',(38.8,58.8,-3.11214889182965));
#12668=CARTESIAN_POINT('',(-38.8,58.8,-3.11214889182965));
#12669=CARTESIAN_POINT('',(-55.,58.8,-3.11214889182965));
#12670=CARTESIAN_POINT('',(38.8,-58.8,-3.11214889182965));
#12671=CARTESIAN_POINT('Origin',(38.8,0.,-690.000000000041));
#12672=CARTESIAN_POINT('',(-38.8,-58.8,-3.11214889182965));
#12673=CARTESIAN_POINT('',(-55.,-58.8,-3.11214889182965));
#12674=CARTESIAN_POINT('Origin',(-38.8,0.,-690.000000000041));
#12675=CARTESIAN_POINT('',(38.,58.,-3.04413533328063));
#12676=CARTESIAN_POINT('',(-38.,58.,-3.04413533328063));
#12677=CARTESIAN_POINT('',(-55.,58.,-3.04413533328063));
#12678=CARTESIAN_POINT('',(-38.,-58.,-3.04413533328063));
#12679=CARTESIAN_POINT('Origin',(-38.,0.,-690.000000000041));
#12680=CARTESIAN_POINT('',(38.,-58.,-3.04413533328063));
#12681=CARTESIAN_POINT('',(-55.,-58.,-3.04413533328063));
#12682=CARTESIAN_POINT('Origin',(38.,0.,-690.000000000041));
#12683=CARTESIAN_POINT('Origin',(40.,-41.99999444571,37.5));
#12684=CARTESIAN_POINT('',(39.2,-60.,2.173));
#12685=CARTESIAN_POINT('',(39.2,-41.99999444571,37.5));
#12686=CARTESIAN_POINT('',(40.,-60.,2.173));
#12687=CARTESIAN_POINT('',(40.,-60.,2.173));
#12688=CARTESIAN_POINT('',(40.,-41.99999444571,37.5));
#12689=CARTESIAN_POINT('',(-40.,-60.,2.173));
#12690=CARTESIAN_POINT('',(-40.,-41.99999444571,37.5));
#12691=CARTESIAN_POINT('',(-39.2,-60.,2.173));
#12692=CARTESIAN_POINT('',(40.,-60.,2.173));
#12693=CARTESIAN_POINT('',(-39.2,-41.99999444571,37.5));
#12694=CARTESIAN_POINT('Origin',(40.,-60.,2.173));
#12695=CARTESIAN_POINT('',(39.2,-60.,31.813434649783));
#12696=CARTESIAN_POINT('',(-39.2,-60.,31.813434649783));
#12697=CARTESIAN_POINT('',(-40.,-60.,2.173));
#12698=CARTESIAN_POINT('',(40.,-60.,2.173));
#12699=CARTESIAN_POINT('Origin',(40.,60.,-2.613645756624));
#12700=CARTESIAN_POINT('',(39.2,60.,2.173));
#12701=CARTESIAN_POINT('',(39.2,60.,0.));
#12702=CARTESIAN_POINT('',(40.,60.,2.173));
#12703=CARTESIAN_POINT('',(40.,60.,2.173));
#12704=CARTESIAN_POINT('',(40.,60.,-2.613645756624));
#12705=CARTESIAN_POINT('',(-40.,60.,2.173));
#12706=CARTESIAN_POINT('',(-40.,60.,-2.613645756624));
#12707=CARTESIAN_POINT('',(-39.2,60.,2.173));
#12708=CARTESIAN_POINT('',(40.,60.,2.173));
#12709=CARTESIAN_POINT('',(-39.2,60.,0.));
#12710=CARTESIAN_POINT('Origin',(40.,60.,2.173));
#12711=CARTESIAN_POINT('',(39.2,60.,2.173));
#12712=CARTESIAN_POINT('',(-39.2,60.,2.173));
#12713=CARTESIAN_POINT('',(-40.,60.,2.173));
#12714=CARTESIAN_POINT('',(40.,60.,2.173));
#12715=CARTESIAN_POINT('Origin',(40.,5.71370430265816E-13,-690.000000000026));
#12716=CARTESIAN_POINT('Origin',(-40.,5.71370430265816E-13,-690.000000000026));
#12717=CARTESIAN_POINT('Origin',(39.2,-60.,36.5));
#12718=CARTESIAN_POINT('Origin',(-39.2,-60.,36.5));
#12719=CARTESIAN_POINT('Origin',(39.2,-60.,36.5));
#12720=CARTESIAN_POINT('Origin',(-39.2,-60.,36.5));
#12721=CARTESIAN_POINT('Origin',(-38.8,58.8,10.));
#12722=CARTESIAN_POINT('',(-38.8,58.8,10.));
#12723=CARTESIAN_POINT('',(-38.8,-58.8,10.));
#12724=CARTESIAN_POINT('Origin',(-38.8,-58.8,10.));
#12725=CARTESIAN_POINT('',(38.8,-58.8,10.));
#12726=CARTESIAN_POINT('Origin',(38.8,-58.8,10.));
#12727=CARTESIAN_POINT('',(38.8,58.8,10.));
#12728=CARTESIAN_POINT('Origin',(38.8,58.8,10.));
#12729=CARTESIAN_POINT('Origin',(-37.2,58.,-70.));
#12730=CARTESIAN_POINT('',(-38.,58.,0.5915126174837));
#12731=CARTESIAN_POINT('',(-38.,58.,0.5915126174837));
#12732=CARTESIAN_POINT('',(-38.,58.,-70.));
#12733=CARTESIAN_POINT('',(38.,58.,0.5915126174837));
#12734=CARTESIAN_POINT('',(38.,58.,-70.));
#12735=CARTESIAN_POINT('',(-38.,58.,0.5915126174837));
#12736=CARTESIAN_POINT('Origin',(-37.2,-58.,29.761146838346));
#12737=CARTESIAN_POINT('',(37.2,-58.,0.591512617483723));
#12738=CARTESIAN_POINT('',(37.2,-58.,29.761146838346));
#12739=CARTESIAN_POINT('',(38.,-58.,0.59151261748372));
#12740=CARTESIAN_POINT('',(-38.,-58.,0.59151261748372));
#12741=CARTESIAN_POINT('',(38.,-58.,0.59151261748372));
#12742=CARTESIAN_POINT('',(-38.,-58.,0.59151261748372));
#12743=CARTESIAN_POINT('',(-38.,-58.,0.59151261748372));
#12744=CARTESIAN_POINT('',(-37.2,-58.,0.59151261748372));
#12745=CARTESIAN_POINT('',(-38.,-58.,0.59151261748372));
#12746=CARTESIAN_POINT('',(-37.2,-58.,29.761146838346));
#12747=CARTESIAN_POINT('Origin',(-37.2,-58.,35.));
#12748=CARTESIAN_POINT('',(-37.2,-44.0814744784042,27.9081570273092));
#12749=CARTESIAN_POINT('Origin',(37.2,-58.,35.));
#12750=CARTESIAN_POINT('',(37.2,-44.0814744784042,27.9081570273092));
#12751=CARTESIAN_POINT('Origin',(-37.2,40.787336917517,34.373266010886));
#12752=CARTESIAN_POINT('',(-38.,58.,0.5915126174837));
#12753=CARTESIAN_POINT('',(38.,58.,0.5915126174837));
#12754=CARTESIAN_POINT('Origin',(-37.2,-40.468,35.));
#12755=CARTESIAN_POINT('',(-38.,-40.468,35.));
#12756=CARTESIAN_POINT('',(38.,-40.468,35.));
#12757=CARTESIAN_POINT('Origin',(38.,-58.,35.));
#12758=CARTESIAN_POINT('Origin',(-38.,-58.,35.));
#12759=CARTESIAN_POINT('Origin',(0.,-48.175,13.5));
#12760=CARTESIAN_POINT('Origin',(0.,51.025,13.5));
#12761=CARTESIAN_POINT('Origin',(0.,51.0435,-19.85));
#12762=CARTESIAN_POINT('Origin',(0.,51.025,-0.85));
#12763=CARTESIAN_POINT('Origin',(0.,49.6,33.75));
#12764=CARTESIAN_POINT('',(0.5,49.1,33.75));
#12765=CARTESIAN_POINT('',(0.,49.1,33.75));
#12766=CARTESIAN_POINT('',(0.5,47.6,33.75));
#12767=CARTESIAN_POINT('',(0.5,49.6,33.75));
#12768=CARTESIAN_POINT('',(-0.5,47.6,33.75));
#12769=CARTESIAN_POINT('',(0.,47.6,33.75));
#12770=CARTESIAN_POINT('',(-0.5,49.1,33.75));
#12771=CARTESIAN_POINT('',(-0.5,49.6,33.75));
#12772=CARTESIAN_POINT('',(0.,49.1,33.75));
#12773=CARTESIAN_POINT('Origin',(0.,-48.1565,-19.85));
#12774=CARTESIAN_POINT('Origin',(0.,-48.175,-0.85));
#12775=CARTESIAN_POINT('Origin',(0.,-49.6,33.75));
#12776=CARTESIAN_POINT('',(0.5,-50.1,33.75));
#12777=CARTESIAN_POINT('',(0.,-50.1,33.75));
#12778=CARTESIAN_POINT('',(0.5,-51.6,33.75));
#12779=CARTESIAN_POINT('',(0.5,-49.6,33.75));
#12780=CARTESIAN_POINT('',(-0.5,-51.6,33.75));
#12781=CARTESIAN_POINT('',(0.,-51.6,33.75));
#12782=CARTESIAN_POINT('',(-0.5,-50.1,33.75));
#12783=CARTESIAN_POINT('',(-0.5,-49.6,33.75));
#12784=CARTESIAN_POINT('',(0.,-50.1,33.75));
#12785=CARTESIAN_POINT('Origin',(-0.5,51.6,32.85));
#12786=CARTESIAN_POINT('',(-0.5,50.1,32.85));
#12787=CARTESIAN_POINT('',(-0.5,50.1,32.85));
#12788=CARTESIAN_POINT('',(-0.5,51.6,32.85));
#12789=CARTESIAN_POINT('',(-0.5,51.6,32.85));
#12790=CARTESIAN_POINT('',(-0.5,51.6,32.85));
#12791=CARTESIAN_POINT('Origin',(0.5,51.6,32.85));
#12792=CARTESIAN_POINT('',(0.5,51.6,32.85));
#12793=CARTESIAN_POINT('',(0.5,51.6,32.85));
#12794=CARTESIAN_POINT('',(0.5,51.6,32.85));
#12795=CARTESIAN_POINT('Origin',(0.5,50.1,32.85));
#12796=CARTESIAN_POINT('',(0.5,50.1,32.85));
#12797=CARTESIAN_POINT('',(0.5,50.1,32.85));
#12798=CARTESIAN_POINT('',(0.5,50.1,32.85));
#12799=CARTESIAN_POINT('Origin',(0.5,47.6,32.85));
#12800=CARTESIAN_POINT('',(0.5,49.1,32.85));
#12801=CARTESIAN_POINT('',(0.5,49.1,32.85));
#12802=CARTESIAN_POINT('',(0.5,47.6,32.85));
#12803=CARTESIAN_POINT('',(0.5,47.6,32.85));
#12804=CARTESIAN_POINT('',(0.5,47.6,32.85));
#12805=CARTESIAN_POINT('Origin',(-0.5,47.6,32.85));
#12806=CARTESIAN_POINT('',(-0.5,47.6,32.85));
#12807=CARTESIAN_POINT('',(-0.5,47.6,32.85));
#12808=CARTESIAN_POINT('',(-0.5,47.6,32.85));
#12809=CARTESIAN_POINT('Origin',(-0.5,49.1,32.85));
#12810=CARTESIAN_POINT('',(-0.5,49.1,32.85));
#12811=CARTESIAN_POINT('',(-0.5,49.1,32.85));
#12812=CARTESIAN_POINT('',(-0.5,49.1,32.85));
#12813=CARTESIAN_POINT('Origin',(-0.5,50.1,32.85));
#12814=CARTESIAN_POINT('',(-0.5,50.1,32.85));
#12815=CARTESIAN_POINT('Origin',(4.,50.1,32.85));
#12816=CARTESIAN_POINT('',(4.,50.1,32.85));
#12817=CARTESIAN_POINT('Origin',(0.5,49.1,32.85));
#12818=CARTESIAN_POINT('',(0.5,49.1,32.85));
#12819=CARTESIAN_POINT('Origin',(-4.,49.1,32.85));
#12820=CARTESIAN_POINT('',(-4.,49.1,32.85));
#12821=CARTESIAN_POINT('Origin',(-4.,50.1,32.85));
#12822=CARTESIAN_POINT('Origin',(-0.5,-47.6,32.85));
#12823=CARTESIAN_POINT('',(-0.5,-49.1,32.85));
#12824=CARTESIAN_POINT('',(-0.5,-49.1,32.85));
#12825=CARTESIAN_POINT('',(-0.5,-47.6,32.85));
#12826=CARTESIAN_POINT('',(-0.5,-47.6,32.85));
#12827=CARTESIAN_POINT('',(-0.5,-47.6,32.85));
#12828=CARTESIAN_POINT('Origin',(0.5,-47.6,32.85));
#12829=CARTESIAN_POINT('',(0.5,-47.6,32.85));
#12830=CARTESIAN_POINT('',(0.5,-47.6,32.85));
#12831=CARTESIAN_POINT('',(0.5,-47.6,32.85));
#12832=CARTESIAN_POINT('Origin',(0.5,-49.1,32.85));
#12833=CARTESIAN_POINT('',(0.5,-49.1,32.85));
#12834=CARTESIAN_POINT('',(0.5,-49.1,32.85));
#12835=CARTESIAN_POINT('',(0.5,-49.1,32.85));
#12836=CARTESIAN_POINT('Origin',(0.5,-51.6,32.85));
#12837=CARTESIAN_POINT('',(0.5,-50.1,32.85));
#12838=CARTESIAN_POINT('',(0.5,-50.1,32.85));
#12839=CARTESIAN_POINT('',(0.5,-51.6,32.85));
#12840=CARTESIAN_POINT('',(0.5,-51.6,32.85));
#12841=CARTESIAN_POINT('',(0.5,-51.6,32.85));
#12842=CARTESIAN_POINT('Origin',(-0.5,-51.6,32.85));
#12843=CARTESIAN_POINT('',(-0.5,-51.6,32.85));
#12844=CARTESIAN_POINT('',(-0.5,-51.6,32.85));
#12845=CARTESIAN_POINT('',(-0.5,-51.6,32.85));
#12846=CARTESIAN_POINT('Origin',(-0.5,-50.1,32.85));
#12847=CARTESIAN_POINT('',(-0.5,-50.1,32.85));
#12848=CARTESIAN_POINT('',(-0.5,-50.1,32.85));
#12849=CARTESIAN_POINT('',(-0.5,-50.1,32.85));
#12850=CARTESIAN_POINT('Origin',(-0.5,-49.1,32.85));
#12851=CARTESIAN_POINT('',(-0.5,-49.1,32.85));
#12852=CARTESIAN_POINT('Origin',(4.,-49.1,32.85));
#12853=CARTESIAN_POINT('',(4.,-49.1,32.85));
#12854=CARTESIAN_POINT('Origin',(0.5,-50.1,32.85));
#12855=CARTESIAN_POINT('',(0.5,-50.1,32.85));
#12856=CARTESIAN_POINT('Origin',(-4.,-50.1,32.85));
#12857=CARTESIAN_POINT('',(-4.,-50.1,32.85));
#12858=CARTESIAN_POINT('Origin',(-4.,-49.1,32.85));
#12859=CARTESIAN_POINT('Origin',(22.5,22.5,45.));
#12860=CARTESIAN_POINT('',(-22.5,22.5,45.));
#12861=CARTESIAN_POINT('',(22.5,22.5,45.));
#12862=CARTESIAN_POINT('Origin',(-22.5,22.5,45.));
#12863=CARTESIAN_POINT('',(-22.5,-22.5,45.));
#12864=CARTESIAN_POINT('Origin',(-22.5,-22.5,45.));
#12865=CARTESIAN_POINT('',(22.5,-22.5,45.));
#12866=CARTESIAN_POINT('Origin',(22.5,-22.5,45.));
#12867=CARTESIAN_POINT('Origin',(25.,25.,32.8));
#12868=CARTESIAN_POINT('',(25.,25.,32.8));
#12869=CARTESIAN_POINT('',(-25.,25.,32.8));
#12870=CARTESIAN_POINT('Origin',(25.,-25.,32.8));
#12871=CARTESIAN_POINT('',(25.,-25.,32.8));
#12872=CARTESIAN_POINT('Origin',(-25.,-25.,32.8));
#12873=CARTESIAN_POINT('',(-25.,-25.,32.8));
#12874=CARTESIAN_POINT('Origin',(-25.,25.,32.8));
#12875=CARTESIAN_POINT('Origin',(0.,10.,30.2));
#12876=CARTESIAN_POINT('Origin',(0.,5.75,37.5));
#12877=CARTESIAN_POINT('Origin',(0.,4.65,36.));
#12878=CARTESIAN_POINT('',(0.,0.,0.));
#12879=CARTESIAN_POINT('Origin',(19.5,-37.,3.5));
#12880=CARTESIAN_POINT('',(25.1,-37.,3.5));
#12881=CARTESIAN_POINT('Origin',(19.5,-37.,3.5));
#12882=CARTESIAN_POINT('',(25.1,-37.,0.7));
#12883=CARTESIAN_POINT('',(25.1,-37.,3.5));
#12884=CARTESIAN_POINT('Origin',(19.5,-37.,0.7));
#12885=CARTESIAN_POINT('Origin',(-19.5,37.,3.5));
#12886=CARTESIAN_POINT('',(-13.9,37.,3.5));
#12887=CARTESIAN_POINT('Origin',(-19.5,37.,3.5));
#12888=CARTESIAN_POINT('',(-13.9,37.,0.7));
#12889=CARTESIAN_POINT('',(-13.9,37.,3.5));
#12890=CARTESIAN_POINT('Origin',(-19.5,37.,0.7));
#12891=CARTESIAN_POINT('Origin',(19.5,-37.,1.8));
#12892=CARTESIAN_POINT('',(28.5,-37.,0.7));
#12893=CARTESIAN_POINT('Origin',(19.5,-37.,0.7));
#12894=CARTESIAN_POINT('',(28.5,-37.,0.8));
#12895=CARTESIAN_POINT('',(28.5,-37.,1.8));
#12896=CARTESIAN_POINT('Origin',(19.5,-37.,0.8));
#12897=CARTESIAN_POINT('Origin',(-19.5,37.,1.8));
#12898=CARTESIAN_POINT('',(-9.2,34.9603921945629,1.8));
#12899=CARTESIAN_POINT('',(-9.00583495460454,37.35,1.8));
#12900=CARTESIAN_POINT('Origin',(-19.5,37.,1.8));
#12901=CARTESIAN_POINT('',(-9.00583495460454,37.35,0.8));
#12902=CARTESIAN_POINT('',(-9.00583495460454,37.35,1.8));
#12903=CARTESIAN_POINT('',(-9.2,34.9603921945629,0.8));
#12904=CARTESIAN_POINT('Origin',(-19.5,37.,0.8));
#12905=CARTESIAN_POINT('',(-9.2,34.9603921945629,1.8));
#12906=CARTESIAN_POINT('Origin',(-19.5,37.,1.8));
#12907=CARTESIAN_POINT('',(-10.5,37.,0.7));
#12908=CARTESIAN_POINT('Origin',(-19.5,37.,0.7));
#12909=CARTESIAN_POINT('',(-10.5,37.,0.8));
#12910=CARTESIAN_POINT('',(-10.5,37.,1.8));
#12911=CARTESIAN_POINT('Origin',(-19.5,37.,0.8));
#12912=CARTESIAN_POINT('Origin',(0.,-25.,8.5309401076759));
#12913=CARTESIAN_POINT('',(0.75,-22.772894254868,8.3));
#12914=CARTESIAN_POINT('',(0.75,-27.227105745132,8.3));
#12915=CARTESIAN_POINT('Origin',(0.,-25.,8.3));
#12916=CARTESIAN_POINT('',(0.75,-22.3542486889354,8.5309401076759));
#12917=CARTESIAN_POINT('Ctrl Pts',(0.75,-22.772894254868,8.3));
#12918=CARTESIAN_POINT('Ctrl Pts',(0.75,-22.6330969692435,8.37649113190909));
#12919=CARTESIAN_POINT('Ctrl Pts',(0.75,-22.4935732347291,8.4535503770983));
#12920=CARTESIAN_POINT('Ctrl Pts',(0.75,-22.3542486889354,8.5309401076759));
#12921=CARTESIAN_POINT('',(0.75,-27.6457513110646,8.5309401076759));
#12922=CARTESIAN_POINT('Origin',(0.,-25.,8.5309401076759));
#12923=CARTESIAN_POINT('Ctrl Pts',(0.75,-27.6457513110646,8.5309401076759));
#12924=CARTESIAN_POINT('Ctrl Pts',(0.75,-27.5064253324152,8.45354958119895));
#12925=CARTESIAN_POINT('Ctrl Pts',(0.75,-27.3669155945868,8.37649800630291));
#12926=CARTESIAN_POINT('Ctrl Pts',(0.75,-27.227105745132,8.3));
#12927=CARTESIAN_POINT('Origin',(0.,-25.,5.49999999999998));
#12928=CARTESIAN_POINT('',(2.92171431429142,-25.,4.1));
#12929=CARTESIAN_POINT('Origin',(0.,-25.,4.1));
#12930=CARTESIAN_POINT('',(2.35,-25.,5.5));
#12931=CARTESIAN_POINT('Origin',(4.34999999999998,-25.,5.49999999999998));
#12932=CARTESIAN_POINT('',(0.659180531436964,-27.2556553431264,5.5));
#12933=CARTESIAN_POINT('Origin',(0.,-25.,5.5));
#12934=CARTESIAN_POINT('',(0.600966259180672,-27.75,4.21802217790153));
#12935=CARTESIAN_POINT('Ctrl Pts',(0.659180531436963,-27.2556553431264,
5.49999999999998));
#12936=CARTESIAN_POINT('Ctrl Pts',(0.648042347898242,-27.2589103057104,
5.25471815206691));
#12937=CARTESIAN_POINT('Ctrl Pts',(0.634985267768827,-27.3219943015959,
4.96717891987348));
#12938=CARTESIAN_POINT('Ctrl Pts',(0.616688442219628,-27.4971067946763,
4.5642515335169));
#12939=CARTESIAN_POINT('Ctrl Pts',(0.608052878293086,-27.6150487899768,
4.37408164894974));
#12940=CARTESIAN_POINT('Ctrl Pts',(0.600966259180672,-27.75,4.21802217790153));
#12941=CARTESIAN_POINT('',(-0.600966259180672,-27.75,4.21802217790153));
#12942=CARTESIAN_POINT('Ctrl Pts',(-0.600966259180671,-27.75,4.21802217790153));
#12943=CARTESIAN_POINT('Ctrl Pts',(-0.399388657638602,-27.75,4.26955520726355));
#12944=CARTESIAN_POINT('Ctrl Pts',(-0.197853200401015,-27.75,4.29999999999998));
#12945=CARTESIAN_POINT('Ctrl Pts',(0.197853200401015,-27.75,4.29999999999998));
#12946=CARTESIAN_POINT('Ctrl Pts',(0.399388657638602,-27.75,4.26955520726355));
#12947=CARTESIAN_POINT('Ctrl Pts',(0.600966259180671,-27.75,4.21802217790153));
#12948=CARTESIAN_POINT('',(-0.659180531436964,-27.2556553431264,5.5));
#12949=CARTESIAN_POINT('Ctrl Pts',(-0.600966259180672,-27.75,4.21802217790153));
#12950=CARTESIAN_POINT('Ctrl Pts',(-0.608052878293086,-27.6150487899768,
4.37408164894974));
#12951=CARTESIAN_POINT('Ctrl Pts',(-0.616688442219627,-27.4971067946763,
4.5642515335169));
#12952=CARTESIAN_POINT('Ctrl Pts',(-0.634985267768827,-27.3219943015959,
4.96717891987348));
#12953=CARTESIAN_POINT('Ctrl Pts',(-0.648042347898242,-27.2589103057104,
5.25471815206691));
#12954=CARTESIAN_POINT('Ctrl Pts',(-0.659180531436963,-27.2556553431264,
5.49999999999998));
#12955=CARTESIAN_POINT('',(-0.659180531436964,-22.7443446568737,5.5));
#12956=CARTESIAN_POINT('Origin',(0.,-25.,5.5));
#12957=CARTESIAN_POINT('',(-0.600966259180672,-22.25,4.21802217790153));
#12958=CARTESIAN_POINT('Ctrl Pts',(-0.659180531436963,-22.7443446568736,
5.49999999999998));
#12959=CARTESIAN_POINT('Ctrl Pts',(-0.648042347898242,-22.7410896942896,
5.25471815206691));
#12960=CARTESIAN_POINT('Ctrl Pts',(-0.634985267768827,-22.6780056984041,
4.96717891987348));
#12961=CARTESIAN_POINT('Ctrl Pts',(-0.616688442219627,-22.5028932053237,
4.5642515335169));
#12962=CARTESIAN_POINT('Ctrl Pts',(-0.608052878293086,-22.3849512100232,
4.37408164894974));
#12963=CARTESIAN_POINT('Ctrl Pts',(-0.600966259180672,-22.25,4.21802217790153));
#12964=CARTESIAN_POINT('',(0.600966259180672,-22.25,4.21802217790153));
#12965=CARTESIAN_POINT('Ctrl Pts',(-0.600966259180673,-22.25,4.21802217790154));
#12966=CARTESIAN_POINT('Ctrl Pts',(-0.399388657638604,-22.25,4.26955520726356));
#12967=CARTESIAN_POINT('Ctrl Pts',(-0.197853200401016,-22.25,4.3));
#12968=CARTESIAN_POINT('Ctrl Pts',(0.197853200401017,-22.25,4.3));
#12969=CARTESIAN_POINT('Ctrl Pts',(0.399388657638605,-22.25,4.26955520726356));
#12970=CARTESIAN_POINT('Ctrl Pts',(0.600966259180675,-22.25,4.21802217790154));
#12971=CARTESIAN_POINT('',(0.659180531436964,-22.7443446568737,5.5));
#12972=CARTESIAN_POINT('Ctrl Pts',(0.600966259180672,-22.25,4.21802217790153));
#12973=CARTESIAN_POINT('Ctrl Pts',(0.608052878293086,-22.3849512100232,
4.37408164894974));
#12974=CARTESIAN_POINT('Ctrl Pts',(0.616688442219628,-22.5028932053237,
4.5642515335169));
#12975=CARTESIAN_POINT('Ctrl Pts',(0.634985267768827,-22.6780056984041,
4.96717891987348));
#12976=CARTESIAN_POINT('Ctrl Pts',(0.648042347898242,-22.7410896942896,
5.25471815206691));
#12977=CARTESIAN_POINT('Ctrl Pts',(0.659180531436963,-22.7443446568736,
5.49999999999998));
#12978=CARTESIAN_POINT('Origin',(0.,-25.,5.5));
#12979=CARTESIAN_POINT('Origin',(0.,25.,8.5309401076759));
#12980=CARTESIAN_POINT('',(0.75,27.227105745132,8.3));
#12981=CARTESIAN_POINT('',(0.75,22.772894254868,8.3));
#12982=CARTESIAN_POINT('Origin',(0.,25.,8.3));
#12983=CARTESIAN_POINT('',(0.75,27.6457513110646,8.5309401076759));
#12984=CARTESIAN_POINT('Ctrl Pts',(0.75,27.227105745132,8.3));
#12985=CARTESIAN_POINT('Ctrl Pts',(0.75,27.3669030307565,8.37649113190909));
#12986=CARTESIAN_POINT('Ctrl Pts',(0.75,27.5064267652709,8.4535503770983));
#12987=CARTESIAN_POINT('Ctrl Pts',(0.75,27.6457513110646,8.5309401076759));
#12988=CARTESIAN_POINT('',(0.75,22.3542486889354,8.5309401076759));
#12989=CARTESIAN_POINT('Origin',(0.,25.,8.5309401076759));
#12990=CARTESIAN_POINT('Ctrl Pts',(0.75,22.3542486889354,8.5309401076759));
#12991=CARTESIAN_POINT('Ctrl Pts',(0.75,22.4935746675848,8.45354958119895));
#12992=CARTESIAN_POINT('Ctrl Pts',(0.75,22.6330844054132,8.37649800630291));
#12993=CARTESIAN_POINT('Ctrl Pts',(0.75,22.772894254868,8.3));
#12994=CARTESIAN_POINT('Origin',(0.,25.,5.49999999999998));
#12995=CARTESIAN_POINT('',(2.92171431429142,25.,4.1));
#12996=CARTESIAN_POINT('Origin',(0.,25.,4.1));
#12997=CARTESIAN_POINT('',(2.35,25.,5.5));
#12998=CARTESIAN_POINT('Origin',(4.34999999999998,25.,5.49999999999998));
#12999=CARTESIAN_POINT('',(0.659180531436964,22.7443446568737,5.5));
#13000=CARTESIAN_POINT('Origin',(0.,25.,5.5));
#13001=CARTESIAN_POINT('',(0.600966259180672,22.25,4.21802217790153));
#13002=CARTESIAN_POINT('Ctrl Pts',(0.659180531436963,22.7443446568736,5.49999999999998));
#13003=CARTESIAN_POINT('Ctrl Pts',(0.648042347898242,22.7410896942896,5.25471815206691));
#13004=CARTESIAN_POINT('Ctrl Pts',(0.634985267768827,22.6780056984041,4.96717891987348));
#13005=CARTESIAN_POINT('Ctrl Pts',(0.616688442219628,22.5028932053237,4.5642515335169));
#13006=CARTESIAN_POINT('Ctrl Pts',(0.608052878293086,22.3849512100232,4.37408164894974));
#13007=CARTESIAN_POINT('Ctrl Pts',(0.600966259180672,22.25,4.21802217790153));
#13008=CARTESIAN_POINT('',(-0.600966259180672,22.25,4.21802217790153));
#13009=CARTESIAN_POINT('Ctrl Pts',(-0.600966259180673,22.25,4.21802217790154));
#13010=CARTESIAN_POINT('Ctrl Pts',(-0.399388657638604,22.25,4.26955520726356));
#13011=CARTESIAN_POINT('Ctrl Pts',(-0.197853200401016,22.25,4.3));
#13012=CARTESIAN_POINT('Ctrl Pts',(0.197853200401017,22.25,4.3));
#13013=CARTESIAN_POINT('Ctrl Pts',(0.399388657638605,22.25,4.26955520726356));
#13014=CARTESIAN_POINT('Ctrl Pts',(0.600966259180675,22.25,4.21802217790154));
#13015=CARTESIAN_POINT('',(-0.659180531436964,22.7443446568737,5.5));
#13016=CARTESIAN_POINT('Ctrl Pts',(-0.600966259180672,22.25,4.21802217790153));
#13017=CARTESIAN_POINT('Ctrl Pts',(-0.608052878293086,22.3849512100232,
4.37408164894974));
#13018=CARTESIAN_POINT('Ctrl Pts',(-0.616688442219628,22.5028932053237,
4.5642515335169));
#13019=CARTESIAN_POINT('Ctrl Pts',(-0.634985267768827,22.6780056984041,
4.96717891987348));
#13020=CARTESIAN_POINT('Ctrl Pts',(-0.648042347898242,22.7410896942896,
5.25471815206691));
#13021=CARTESIAN_POINT('Ctrl Pts',(-0.659180531436963,22.7443446568736,
5.49999999999998));
#13022=CARTESIAN_POINT('',(-0.659180531436964,27.2556553431264,5.5));
#13023=CARTESIAN_POINT('Origin',(0.,25.,5.5));
#13024=CARTESIAN_POINT('',(-0.600966259180672,27.75,4.21802217790153));
#13025=CARTESIAN_POINT('Ctrl Pts',(-0.659180531436963,27.2556553431264,
5.49999999999998));
#13026=CARTESIAN_POINT('Ctrl Pts',(-0.648042347898242,27.2589103057104,
5.25471815206691));
#13027=CARTESIAN_POINT('Ctrl Pts',(-0.634985267768827,27.3219943015959,
4.96717891987348));
#13028=CARTESIAN_POINT('Ctrl Pts',(-0.616688442219627,27.4971067946763,
4.5642515335169));
#13029=CARTESIAN_POINT('Ctrl Pts',(-0.608052878293086,27.6150487899768,
4.37408164894974));
#13030=CARTESIAN_POINT('Ctrl Pts',(-0.600966259180672,27.75,4.21802217790153));
#13031=CARTESIAN_POINT('',(0.600966259180672,27.75,4.21802217790153));
#13032=CARTESIAN_POINT('Ctrl Pts',(-0.600966259180671,27.75,4.21802217790153));
#13033=CARTESIAN_POINT('Ctrl Pts',(-0.399388657638602,27.75,4.26955520726355));
#13034=CARTESIAN_POINT('Ctrl Pts',(-0.197853200401015,27.75,4.29999999999998));
#13035=CARTESIAN_POINT('Ctrl Pts',(0.197853200401015,27.75,4.29999999999998));
#13036=CARTESIAN_POINT('Ctrl Pts',(0.399388657638602,27.75,4.26955520726355));
#13037=CARTESIAN_POINT('Ctrl Pts',(0.600966259180671,27.75,4.21802217790153));
#13038=CARTESIAN_POINT('',(0.659180531436964,27.2556553431264,5.5));
#13039=CARTESIAN_POINT('Ctrl Pts',(0.600966259180672,27.75,4.21802217790153));
#13040=CARTESIAN_POINT('Ctrl Pts',(0.608052878293086,27.6150487899768,4.37408164894974));
#13041=CARTESIAN_POINT('Ctrl Pts',(0.616688442219628,27.4971067946763,4.5642515335169));
#13042=CARTESIAN_POINT('Ctrl Pts',(0.634985267768827,27.3219943015959,4.96717891987348));
#13043=CARTESIAN_POINT('Ctrl Pts',(0.648042347898242,27.2589103057104,5.25471815206691));
#13044=CARTESIAN_POINT('Ctrl Pts',(0.659180531436963,27.2556553431264,5.49999999999998));
#13045=CARTESIAN_POINT('Origin',(0.,25.,5.5));
#13046=CARTESIAN_POINT('Origin',(-30.55,0.,12.));
#13047=CARTESIAN_POINT('',(-28.8,2.14306111918916E-16,10.267949192431));
#13048=CARTESIAN_POINT('',(-32.3,-2.14313189850786E-16,10.267949192431));
#13049=CARTESIAN_POINT('Origin',(-30.55,0.,10.267949192431));
#13050=CARTESIAN_POINT('',(-33.3,-3.36777869765522E-16,12.));
#13051=CARTESIAN_POINT('',(-33.3,-3.36777869765522E-16,12.));
#13052=CARTESIAN_POINT('Origin',(-30.55,0.,12.));
#13053=CARTESIAN_POINT('Origin',(-30.55,0.,10.267949192431));
#13054=CARTESIAN_POINT('Origin',(-30.55,0.,12.));
#13055=CARTESIAN_POINT('',(-28.8,-2.14313189850786E-16,3.5));
#13056=CARTESIAN_POINT('',(-28.8,-2.14313189850786E-16,12.));
#13057=CARTESIAN_POINT('Origin',(-30.55,0.,3.5));
#13058=CARTESIAN_POINT('Origin',(30.55,0.,12.));
#13059=CARTESIAN_POINT('',(32.3,2.14306111918915E-16,10.267949192431));
#13060=CARTESIAN_POINT('',(28.8,-2.14313189850786E-16,10.267949192431));
#13061=CARTESIAN_POINT('Origin',(30.55,0.,10.267949192431));
#13062=CARTESIAN_POINT('',(27.8,-3.36777869765522E-16,12.));
#13063=CARTESIAN_POINT('',(27.8,-3.36777869765522E-16,12.));
#13064=CARTESIAN_POINT('Origin',(30.55,0.,12.));
#13065=CARTESIAN_POINT('Origin',(30.55,0.,10.267949192431));
#13066=CARTESIAN_POINT('Origin',(30.55,0.,12.));
#13067=CARTESIAN_POINT('',(32.3,-2.14313189850786E-16,3.5));
#13068=CARTESIAN_POINT('',(32.3,-2.14313189850786E-16,12.));
#13069=CARTESIAN_POINT('Origin',(30.55,0.,3.5));
#13070=CARTESIAN_POINT('Origin',(-30.5,0.,10.));
#13071=CARTESIAN_POINT('',(-34.6,-5.02105187650415E-16,12.));
#13072=CARTESIAN_POINT('Origin',(-30.5,0.,12.));
#13073=CARTESIAN_POINT('',(-34.6,-5.02105187650415E-16,10.));
#13074=CARTESIAN_POINT('',(-34.6,-5.02105187650415E-16,10.));
#13075=CARTESIAN_POINT('Origin',(-30.5,0.,10.));
#13076=CARTESIAN_POINT('Origin',(30.5,0.,10.));
#13077=CARTESIAN_POINT('',(26.4,-5.02105187650415E-16,12.));
#13078=CARTESIAN_POINT('Origin',(30.5,0.,12.));
#13079=CARTESIAN_POINT('',(26.4,-5.02105187650415E-16,10.));
#13080=CARTESIAN_POINT('',(26.4,-5.02105187650415E-16,10.));
#13081=CARTESIAN_POINT('Origin',(30.5,0.,10.));
#13082=CARTESIAN_POINT('Origin',(0.,-49.6655,23.5));
#13083=CARTESIAN_POINT('',(-1.6,-49.6655,23.5));
#13084=CARTESIAN_POINT('Origin',(0.,-49.6655,23.5));
#13085=CARTESIAN_POINT('',(-1.6,-49.6655,35.5));
#13086=CARTESIAN_POINT('',(-1.6,-49.6655,23.5));
#13087=CARTESIAN_POINT('Origin',(0.,-49.6655,35.5));
#13088=CARTESIAN_POINT('Origin',(0.,-49.6655,23.5));
#13089=CARTESIAN_POINT('',(-1.75,-49.6655,35.5));
#13090=CARTESIAN_POINT('Origin',(0.,-49.6655,35.5));
#13091=CARTESIAN_POINT('',(-1.75,-49.6655,38.5));
#13092=CARTESIAN_POINT('',(-1.75,-49.6655,23.5));
#13093=CARTESIAN_POINT('Origin',(0.,-49.6655,38.5));
#13094=CARTESIAN_POINT('Origin',(0.,-49.6655,38.5));
#13095=CARTESIAN_POINT('',(-1.924977327052,-49.6655,40.5));
#13096=CARTESIAN_POINT('',(-1.75,-49.6655,38.5));
#13097=CARTESIAN_POINT('Origin',(0.,-49.6655,40.5));
#13098=CARTESIAN_POINT('Origin',(0.,49.6655,23.5));
#13099=CARTESIAN_POINT('',(-1.6,49.6655,23.5));
#13100=CARTESIAN_POINT('Origin',(0.,49.6655,23.5));
#13101=CARTESIAN_POINT('',(-1.6,49.6655,35.5));
#13102=CARTESIAN_POINT('',(-1.6,49.6655,23.5));
#13103=CARTESIAN_POINT('Origin',(0.,49.6655,35.5));
#13104=CARTESIAN_POINT('Origin',(0.,49.6655,23.5));
#13105=CARTESIAN_POINT('',(-1.75,49.6655,35.5));
#13106=CARTESIAN_POINT('Origin',(0.,49.6655,35.5));
#13107=CARTESIAN_POINT('',(-1.75,49.6655,38.5));
#13108=CARTESIAN_POINT('',(-1.75,49.6655,23.5));
#13109=CARTESIAN_POINT('Origin',(0.,49.6655,38.5));
#13110=CARTESIAN_POINT('Origin',(0.,49.6655,38.5));
#13111=CARTESIAN_POINT('',(-1.924977327052,49.6655,40.5));
#13112=CARTESIAN_POINT('',(-1.75,49.6655,38.5));
#13113=CARTESIAN_POINT('Origin',(0.,49.6655,40.5));
#13114=CARTESIAN_POINT('Origin',(0.,-49.6,35.5));
#13115=CARTESIAN_POINT('',(3.000003847459,-49.6,35.5));
#13116=CARTESIAN_POINT('Origin',(0.,-49.6,35.5));
#13117=CARTESIAN_POINT('',(2.82540000000001,-49.6,40.5));
#13118=CARTESIAN_POINT('',(3.000003847459,-49.6,35.5));
#13119=CARTESIAN_POINT('Origin',(0.,-49.6,40.5));
#13120=CARTESIAN_POINT('Origin',(0.,49.6,35.5));
#13121=CARTESIAN_POINT('',(3.00000384745899,49.6,35.5));
#13122=CARTESIAN_POINT('Origin',(0.,49.6,35.5));
#13123=CARTESIAN_POINT('',(2.8254,49.6,40.5));
#13124=CARTESIAN_POINT('',(3.00000384745899,49.6,35.5));
#13125=CARTESIAN_POINT('Origin',(0.,49.6,40.5));
#13126=CARTESIAN_POINT('Origin',(0.,49.6,54.1));
#13127=CARTESIAN_POINT('',(-5.,49.6,34.7123689224453));
#13128=CARTESIAN_POINT('',(-5.,49.6,4.1));
#13129=CARTESIAN_POINT('',(-5.,49.6,54.1));
#13130=CARTESIAN_POINT('',(5.,49.6,4.1));
#13131=CARTESIAN_POINT('Origin',(0.,49.6,4.1));
#13132=CARTESIAN_POINT('',(5.,49.6,34.7123689224453));
#13133=CARTESIAN_POINT('',(5.,49.6,54.1));
#13134=CARTESIAN_POINT('',(5.,49.6,35.5));
#13135=CARTESIAN_POINT('',(5.,49.6,54.1));
#13136=CARTESIAN_POINT('Origin',(0.,49.6,35.5));
#13137=CARTESIAN_POINT('Ctrl Pts',(5.,49.6,34.7123689224455));
#13138=CARTESIAN_POINT('Ctrl Pts',(5.,50.228027351781,34.6670406395783));
#13139=CARTESIAN_POINT('Ctrl Pts',(4.87446094085744,50.897951474587,34.6177340793368));
#13140=CARTESIAN_POINT('Ctrl Pts',(4.36364988765301,52.1305349522086,34.5253192395672));
#13141=CARTESIAN_POINT('Ctrl Pts',(3.97837097516577,52.6931951291742,34.4822601728524));
#13142=CARTESIAN_POINT('Ctrl Pts',(3.09008048479096,53.5804883266783,34.413625331784));
#13143=CARTESIAN_POINT('Ctrl Pts',(2.52834705071719,53.9647872992662,34.3834450624257));
#13144=CARTESIAN_POINT('Ctrl Pts',(1.29718064075632,54.4745491423712,34.3432054441786));
#13145=CARTESIAN_POINT('Ctrl Pts',(0.627741039664648,54.6,34.3331966351069));
#13146=CARTESIAN_POINT('Ctrl Pts',(0.,54.6,34.3331966351069));
#13147=CARTESIAN_POINT('Ctrl Pts',(-0.627741039664647,54.6,34.3331966351069));
#13148=CARTESIAN_POINT('Ctrl Pts',(-1.29718064075632,54.4745491423712,34.3432054441786));
#13149=CARTESIAN_POINT('Ctrl Pts',(-2.52834705071719,53.9647872992662,34.3834450624257));
#13150=CARTESIAN_POINT('Ctrl Pts',(-3.09008048479096,53.5804883266783,34.413625331784));
#13151=CARTESIAN_POINT('Ctrl Pts',(-3.97837097516577,52.6931951291742,34.4822601728524));
#13152=CARTESIAN_POINT('Ctrl Pts',(-4.36364988765301,52.1305349522086,34.5253192395672));
#13153=CARTESIAN_POINT('Ctrl Pts',(-4.87446094085744,50.897951474587,34.6177340793368));
#13154=CARTESIAN_POINT('Ctrl Pts',(-5.,50.228027351781,34.6670406395783));
#13155=CARTESIAN_POINT('Ctrl Pts',(-5.,49.6,34.7123689224455));
#13156=CARTESIAN_POINT('Origin',(0.,-49.6,54.1));
#13157=CARTESIAN_POINT('',(-5.,-49.6,34.7123689224462));
#13158=CARTESIAN_POINT('',(5.,-49.6,34.7123689224462));
#13159=CARTESIAN_POINT('Ctrl Pts',(-5.,-49.6,34.7123689224463));
#13160=CARTESIAN_POINT('Ctrl Pts',(-5.,-50.2280273517809,34.6670406395792));
#13161=CARTESIAN_POINT('Ctrl Pts',(-4.87446094085744,-50.897951474587,34.6177340793378));
#13162=CARTESIAN_POINT('Ctrl Pts',(-4.36364988765301,-52.1305349522086,
34.5253192395682));
#13163=CARTESIAN_POINT('Ctrl Pts',(-3.97837097516577,-52.6931951291742,
34.4822601728534));
#13164=CARTESIAN_POINT('Ctrl Pts',(-3.09008048479096,-53.5804883266783,
34.413625331785));
#13165=CARTESIAN_POINT('Ctrl Pts',(-2.52834705071719,-53.9647872992662,
34.3834450624267));
#13166=CARTESIAN_POINT('Ctrl Pts',(-1.29718064075631,-54.4745491423712,
34.3432054441796));
#13167=CARTESIAN_POINT('Ctrl Pts',(-0.627741039664648,-54.6,34.3331966351077));
#13168=CARTESIAN_POINT('Ctrl Pts',(0.627741039664648,-54.6,34.3331966351077));
#13169=CARTESIAN_POINT('Ctrl Pts',(1.29718064075631,-54.4745491423712,34.3432054441796));
#13170=CARTESIAN_POINT('Ctrl Pts',(2.52834705071719,-53.9647872992662,34.3834450624267));
#13171=CARTESIAN_POINT('Ctrl Pts',(3.09008048479096,-53.5804883266783,34.413625331785));
#13172=CARTESIAN_POINT('Ctrl Pts',(3.97837097516577,-52.6931951291742,34.4822601728534));
#13173=CARTESIAN_POINT('Ctrl Pts',(4.363649887653,-52.1305349522086,34.5253192395682));
#13174=CARTESIAN_POINT('Ctrl Pts',(4.87446094085744,-50.897951474587,34.6177340793378));
#13175=CARTESIAN_POINT('Ctrl Pts',(5.,-50.228027351781,34.6670406395792));
#13176=CARTESIAN_POINT('Ctrl Pts',(5.,-49.6,34.7123689224463));
#13177=CARTESIAN_POINT('',(5.,-49.6,35.5));
#13178=CARTESIAN_POINT('',(5.,-49.6,54.1));
#13179=CARTESIAN_POINT('Origin',(0.,-49.6,35.5));
#13180=CARTESIAN_POINT('',(5.,-49.6,4.1));
#13181=CARTESIAN_POINT('',(5.,-49.6,54.1));
#13182=CARTESIAN_POINT('',(-5.,-49.6,4.1));
#13183=CARTESIAN_POINT('Origin',(0.,-49.6,4.1));
#13184=CARTESIAN_POINT('',(-5.,-49.6,54.1));
#13185=CARTESIAN_POINT('Origin',(-19.5,-56.3,17.5));
#13186=CARTESIAN_POINT('',(-19.5,-56.3,20.));
#13187=CARTESIAN_POINT('Origin',(-19.5,-56.3,17.5));
#13188=CARTESIAN_POINT('',(-19.5,-57.2,26.500032831326));
#13189=CARTESIAN_POINT('',(-19.5,-56.3,20.));
#13190=CARTESIAN_POINT('Origin',(-19.5,-57.2,17.5));
#13191=CARTESIAN_POINT('Origin',(-19.5,-57.2,17.5));
#13192=CARTESIAN_POINT('',(-19.5,-56.5,7.399954811567));
#13193=CARTESIAN_POINT('Origin',(-19.5,-56.5,17.5));
#13194=CARTESIAN_POINT('',(-19.5,-57.2,7.8041));
#13195=CARTESIAN_POINT('',(-19.5,-57.2,7.8041));
#13196=CARTESIAN_POINT('Origin',(-19.5,-57.2,17.5));
#13197=CARTESIAN_POINT('Origin',(-19.5,-56.5,17.5));
#13198=CARTESIAN_POINT('',(-19.5,-56.5,28.));
#13199=CARTESIAN_POINT('Origin',(-19.5,-56.5,17.5));
#13200=CARTESIAN_POINT('',(-19.5,-59.4,28.101270231526));
#13201=CARTESIAN_POINT('',(-19.5,-56.5,28.));
#13202=CARTESIAN_POINT('Origin',(-19.5,-59.4,17.5));
#13203=CARTESIAN_POINT('Origin',(19.5,-56.3,17.5));
#13204=CARTESIAN_POINT('',(19.5,-56.3,20.));
#13205=CARTESIAN_POINT('Origin',(19.5,-56.3,17.5));
#13206=CARTESIAN_POINT('',(19.5,-57.2,26.500032831326));
#13207=CARTESIAN_POINT('',(19.5,-56.3,20.));
#13208=CARTESIAN_POINT('Origin',(19.5,-57.2,17.5));
#13209=CARTESIAN_POINT('Origin',(19.5,-57.2,17.5));
#13210=CARTESIAN_POINT('',(19.5,-56.5,7.3999548115673));
#13211=CARTESIAN_POINT('Origin',(19.5,-56.5,17.5));
#13212=CARTESIAN_POINT('',(19.5,-57.2,7.8041));
#13213=CARTESIAN_POINT('',(19.5,-57.2,7.8041));
#13214=CARTESIAN_POINT('Origin',(19.5,-57.2,17.5));
#13215=CARTESIAN_POINT('Origin',(19.5,-56.5,17.5));
#13216=CARTESIAN_POINT('',(19.5,-56.5,28.));
#13217=CARTESIAN_POINT('Origin',(19.5,-56.5,17.5));
#13218=CARTESIAN_POINT('',(19.5,-59.4,28.1012702315261));
#13219=CARTESIAN_POINT('',(19.5,-56.5,28.));
#13220=CARTESIAN_POINT('Origin',(19.5,-59.4,17.5));
#13221=CARTESIAN_POINT('Origin',(19.5,59.4,17.5));
#13222=CARTESIAN_POINT('',(19.5,56.5,7.));
#13223=CARTESIAN_POINT('Origin',(19.5,56.5,17.5));
#13224=CARTESIAN_POINT('',(19.5,59.4,6.8987297684739));
#13225=CARTESIAN_POINT('',(19.5,59.4,6.8987297684739));
#13226=CARTESIAN_POINT('Origin',(19.5,59.4,17.5));
#13227=CARTESIAN_POINT('Origin',(19.5,56.5,17.5));
#13228=CARTESIAN_POINT('',(19.5,56.5,27.6000451884327));
#13229=CARTESIAN_POINT('Origin',(19.5,56.5,17.5));
#13230=CARTESIAN_POINT('',(19.5,57.2,27.1959));
#13231=CARTESIAN_POINT('',(19.5,56.5,27.6000451884327));
#13232=CARTESIAN_POINT('Origin',(19.5,57.2,17.5));
#13233=CARTESIAN_POINT('Origin',(19.5,57.2,17.5));
#13234=CARTESIAN_POINT('',(19.5,56.3,15.));
#13235=CARTESIAN_POINT('Origin',(19.5,56.3,17.5));
#13236=CARTESIAN_POINT('',(19.5,57.2,8.499967168674));
#13237=CARTESIAN_POINT('',(19.5,57.2,8.499967168674));
#13238=CARTESIAN_POINT('Origin',(19.5,57.2,17.5));
#13239=CARTESIAN_POINT('Origin',(-19.5,59.4,17.5));
#13240=CARTESIAN_POINT('',(-19.5,56.5,7.));
#13241=CARTESIAN_POINT('Origin',(-19.5,56.5,17.5));
#13242=CARTESIAN_POINT('',(-19.5,59.4,6.898729768474));
#13243=CARTESIAN_POINT('',(-19.5,59.4,6.898729768474));
#13244=CARTESIAN_POINT('Origin',(-19.5,59.4,17.5));
#13245=CARTESIAN_POINT('Origin',(-19.5,56.5,17.5));
#13246=CARTESIAN_POINT('',(-19.5,56.5,27.600045188433));
#13247=CARTESIAN_POINT('Origin',(-19.5,56.5,17.5));
#13248=CARTESIAN_POINT('',(-19.5,57.2,27.1959));
#13249=CARTESIAN_POINT('',(-19.5,56.5,27.600045188433));
#13250=CARTESIAN_POINT('Origin',(-19.5,57.2,17.5));
#13251=CARTESIAN_POINT('Origin',(-19.5,57.2,17.5));
#13252=CARTESIAN_POINT('',(-19.5,56.3,15.));
#13253=CARTESIAN_POINT('Origin',(-19.5,56.3,17.5));
#13254=CARTESIAN_POINT('',(-19.5,57.2,8.499967168674));
#13255=CARTESIAN_POINT('',(-19.5,57.2,8.499967168674));
#13256=CARTESIAN_POINT('Origin',(-19.5,57.2,17.5));
#13257=CARTESIAN_POINT('Origin',(-0.499999999999998,63.45,3.5));
#13258=CARTESIAN_POINT('',(-0.5,65.7,3.5));
#13259=CARTESIAN_POINT('',(-0.5,61.2,3.5));
#13260=CARTESIAN_POINT('Origin',(-0.499999999999998,63.45,3.5));
#13261=CARTESIAN_POINT('',(-0.5,61.2,0.));
#13262=CARTESIAN_POINT('',(-0.5,61.2,3.5));
#13263=CARTESIAN_POINT('',(-0.5,65.7,0.));
#13264=CARTESIAN_POINT('Origin',(-0.499999999999998,63.45,0.));
#13265=CARTESIAN_POINT('',(-0.5,65.7,3.5));
#13266=CARTESIAN_POINT('Origin',(40.,0.,-652.500000000015));
#13267=CARTESIAN_POINT('',(-40.,60.,34.886354243376));
#13268=CARTESIAN_POINT('',(-40.,-60.,34.886354243376));
#13269=CARTESIAN_POINT('Origin',(-40.,0.,-652.500000000015));
#13270=CARTESIAN_POINT('',(40.,-60.,34.886354243376));
#13271=CARTESIAN_POINT('',(40.,-60.,34.886354243376));
#13272=CARTESIAN_POINT('',(40.,60.,34.886354243376));
#13273=CARTESIAN_POINT('Origin',(40.,0.,-652.500000000015));
#13274=CARTESIAN_POINT('',(40.,60.,34.886354243376));
#13275=CARTESIAN_POINT('',(-37.,55.7,35.2481443086561));
#13276=CARTESIAN_POINT('',(-37.,-55.7,35.2481443086561));
#13277=CARTESIAN_POINT('Origin',(-37.,0.,-652.500000000015));
#13278=CARTESIAN_POINT('',(37.,55.7,35.2481443086561));
#13279=CARTESIAN_POINT('',(40.,55.7,35.2481443086561));
#13280=CARTESIAN_POINT('',(37.,-55.7,35.2481443086561));
#13281=CARTESIAN_POINT('Origin',(37.,0.,-652.500000000015));
#13282=CARTESIAN_POINT('',(40.,-55.7,35.2481443086561));
#13283=CARTESIAN_POINT('Origin',(0.,-25.,11.5));
#13284=CARTESIAN_POINT('',(-0.75,-27.227105745132,8.3));
#13285=CARTESIAN_POINT('',(-0.75,-22.772894254868,8.3));
#13286=CARTESIAN_POINT('Origin',(0.,-25.,8.3));
#13287=CARTESIAN_POINT('',(-0.75,-22.772894254868,7.5));
#13288=CARTESIAN_POINT('',(-0.75,-22.772894254868,11.5));
#13289=CARTESIAN_POINT('Origin',(-0.0631758722626267,-1014.30800864952,
-7.62504176936151));
#13290=CARTESIAN_POINT('',(-0.75,-27.227105745132,7.5));
#13291=CARTESIAN_POINT('Origin',(-0.0631758724490094,964.308008619809,-7.6250417683006));
#13292=CARTESIAN_POINT('',(-0.75,-27.227105745132,11.5));
#13293=CARTESIAN_POINT('Origin',(0.,-25.,11.5));
#13294=CARTESIAN_POINT('',(-0.75,-27.6457513110646,9.2690598923241));
#13295=CARTESIAN_POINT('',(-0.75,-22.3542486889354,9.2690598923241));
#13296=CARTESIAN_POINT('Origin',(0.,-25.,9.2690598923241));
#13297=CARTESIAN_POINT('',(-0.75,-22.3542486889354,8.5309401076759));
#13298=CARTESIAN_POINT('',(-0.75,-22.3542486889354,11.5));
#13299=CARTESIAN_POINT('',(-0.75,-27.6457513110646,8.5309401076759));
#13300=CARTESIAN_POINT('Origin',(0.,-25.,8.5309401076759));
#13301=CARTESIAN_POINT('',(-0.75,-27.6457513110646,11.5));
#13302=CARTESIAN_POINT('Origin',(0.,-25.,9.5));
#13303=CARTESIAN_POINT('',(-0.75,-27.227105745132,9.5));
#13304=CARTESIAN_POINT('',(-0.75,-22.772894254868,9.5));
#13305=CARTESIAN_POINT('Origin',(0.,-25.,9.5));
#13306=CARTESIAN_POINT('Ctrl Pts',(-0.75,-22.772894254868,9.5));
#13307=CARTESIAN_POINT('Ctrl Pts',(-0.75,-22.6330969692435,9.42350886809091));
#13308=CARTESIAN_POINT('Ctrl Pts',(-0.75,-22.4935732347291,9.3464496229017));
#13309=CARTESIAN_POINT('Ctrl Pts',(-0.75,-22.3542486889354,9.2690598923241));
#13310=CARTESIAN_POINT('Ctrl Pts',(-0.75,-27.6457513110646,9.2690598923241));
#13311=CARTESIAN_POINT('Ctrl Pts',(-0.75,-27.5064253324152,9.34645041880106));
#13312=CARTESIAN_POINT('Ctrl Pts',(-0.75,-27.3669155945868,9.42350199369709));
#13313=CARTESIAN_POINT('Ctrl Pts',(-0.75,-27.227105745132,9.5));
#13314=CARTESIAN_POINT('Origin',(0.,-25.,11.5));
#13315=CARTESIAN_POINT('',(-0.75,-26.6518064868639,11.5));
#13316=CARTESIAN_POINT('',(-0.75,-23.3481935131361,11.5));
#13317=CARTESIAN_POINT('Origin',(0.,-25.,11.5));
#13318=CARTESIAN_POINT('Ctrl Pts',(-0.75,-23.3481935131361,11.5));
#13319=CARTESIAN_POINT('Ctrl Pts',(-0.75,-23.0975629065684,10.6483145850848));
#13320=CARTESIAN_POINT('Ctrl Pts',(-0.75,-22.772894254868,9.50000000000012));
#13321=CARTESIAN_POINT('Ctrl Pts',(-0.75,-27.227105745132,9.50000000000012));
#13322=CARTESIAN_POINT('Ctrl Pts',(-0.75,-26.9024370934316,10.6483145850848));
#13323=CARTESIAN_POINT('Ctrl Pts',(-0.75,-26.6518064868639,11.5));
#13324=CARTESIAN_POINT('Origin',(0.,25.,11.5));
#13325=CARTESIAN_POINT('',(-0.75,22.772894254868,8.3));
#13326=CARTESIAN_POINT('',(-0.75,27.227105745132,8.3));
#13327=CARTESIAN_POINT('Origin',(0.,25.,8.3));
#13328=CARTESIAN_POINT('',(-0.75,27.227105745132,7.5));
#13329=CARTESIAN_POINT('',(-0.75,27.227105745132,11.5));
#13330=CARTESIAN_POINT('Origin',(-0.0631758722704154,-964.308008636423,
-7.62504176929318));
#13331=CARTESIAN_POINT('',(-0.75,22.772894254868,7.5));
#13332=CARTESIAN_POINT('Origin',(-0.0631758723917803,1014.30800864159,-7.62504176953952));
#13333=CARTESIAN_POINT('',(-0.75,22.772894254868,11.5));
#13334=CARTESIAN_POINT('Origin',(0.,25.,11.5));
#13335=CARTESIAN_POINT('',(-0.75,22.3542486889354,9.2690598923241));
#13336=CARTESIAN_POINT('',(-0.75,27.6457513110646,9.2690598923241));
#13337=CARTESIAN_POINT('Origin',(0.,25.,9.2690598923241));
#13338=CARTESIAN_POINT('',(-0.75,27.6457513110646,8.5309401076759));
#13339=CARTESIAN_POINT('',(-0.75,27.6457513110646,11.5));
#13340=CARTESIAN_POINT('',(-0.75,22.3542486889354,8.5309401076759));
#13341=CARTESIAN_POINT('Origin',(0.,25.,8.5309401076759));
#13342=CARTESIAN_POINT('',(-0.75,22.3542486889354,11.5));
#13343=CARTESIAN_POINT('Origin',(0.,25.,9.5));
#13344=CARTESIAN_POINT('',(-0.75,22.772894254868,9.5));
#13345=CARTESIAN_POINT('',(-0.75,27.227105745132,9.5));
#13346=CARTESIAN_POINT('Origin',(0.,25.,9.5));
#13347=CARTESIAN_POINT('Ctrl Pts',(-0.75,27.227105745132,9.5));
#13348=CARTESIAN_POINT('Ctrl Pts',(-0.75,27.3669030307565,9.42350886809091));
#13349=CARTESIAN_POINT('Ctrl Pts',(-0.75,27.5064267652709,9.3464496229017));
#13350=CARTESIAN_POINT('Ctrl Pts',(-0.75,27.6457513110646,9.2690598923241));
#13351=CARTESIAN_POINT('Ctrl Pts',(-0.75,22.3542486889354,9.2690598923241));
#13352=CARTESIAN_POINT('Ctrl Pts',(-0.75,22.4935746675848,9.34645041880106));
#13353=CARTESIAN_POINT('Ctrl Pts',(-0.75,22.6330844054132,9.42350199369709));
#13354=CARTESIAN_POINT('Ctrl Pts',(-0.75,22.772894254868,9.5));
#13355=CARTESIAN_POINT('Origin',(0.,25.,11.5));
#13356=CARTESIAN_POINT('',(-0.75,23.3481935131361,11.5));
#13357=CARTESIAN_POINT('',(-0.75,26.6518064868639,11.5));
#13358=CARTESIAN_POINT('Origin',(0.,25.,11.5));
#13359=CARTESIAN_POINT('Ctrl Pts',(-0.75,26.6518064868639,11.5));
#13360=CARTESIAN_POINT('Ctrl Pts',(-0.75,26.9024370934316,10.6483145850848));
#13361=CARTESIAN_POINT('Ctrl Pts',(-0.75,27.227105745132,9.50000000000012));
#13362=CARTESIAN_POINT('Ctrl Pts',(-0.75,22.772894254868,9.50000000000013));
#13363=CARTESIAN_POINT('Ctrl Pts',(-0.75,23.0975629065684,10.6483145850848));
#13364=CARTESIAN_POINT('Ctrl Pts',(-0.75,23.3481935131361,11.5));
#13365=CARTESIAN_POINT('Origin',(19.5,-37.,0.7));
#13366=CARTESIAN_POINT('Origin',(-19.5,37.,0.7));
#13367=CARTESIAN_POINT('Origin',(0.,-64.7,1.8));
#13368=CARTESIAN_POINT('',(9.00583495460454,-37.35,1.8));
#13369=CARTESIAN_POINT('',(-37.,-37.35,1.8));
#13370=CARTESIAN_POINT('',(9.2,-37.35,1.8));
#13371=CARTESIAN_POINT('',(9.2,-34.9603921945629,1.8));
#13372=CARTESIAN_POINT('Origin',(19.5,-37.,1.8));
#13373=CARTESIAN_POINT('',(9.2,-22.95,1.8));
#13374=CARTESIAN_POINT('',(9.2,-22.95,1.8));
#13375=CARTESIAN_POINT('',(-37.,-22.95,1.8));
#13376=CARTESIAN_POINT('',(-37.,-22.95,1.8));
#13377=CARTESIAN_POINT('',(-37.,-0.75,1.8));
#13378=CARTESIAN_POINT('',(-37.,-0.75,1.8));
#13379=CARTESIAN_POINT('',(-6.2551978385979,-0.750000000000004,1.8));
#13380=CARTESIAN_POINT('',(-6.2551978385979,-0.75,1.8));
#13381=CARTESIAN_POINT('',(6.2551978385979,-0.75,1.8));
#13382=CARTESIAN_POINT('Origin',(0.,-1.47451495458029E-14,1.8));
#13383=CARTESIAN_POINT('',(37.,-0.75000000000001,1.8));
#13384=CARTESIAN_POINT('',(37.,-0.75000000000001,1.8));
#13385=CARTESIAN_POINT('',(37.,-58.0816,1.8));
#13386=CARTESIAN_POINT('',(37.,-58.0816,1.8));
#13387=CARTESIAN_POINT('',(5.5,-65.93543208956,1.8));
#13388=CARTESIAN_POINT('',(5.5,-65.93543208956,1.8));
#13389=CARTESIAN_POINT('',(5.5,-64.7,1.8));
#13390=CARTESIAN_POINT('',(5.5,-64.7,1.8));
#13391=CARTESIAN_POINT('',(-5.5,-64.7,1.8));
#13392=CARTESIAN_POINT('Origin',(0.,-64.7,1.8));
#13393=CARTESIAN_POINT('',(-5.5,-65.93543208956,1.8));
#13394=CARTESIAN_POINT('',(-5.5,-65.93543208956,1.8));
#13395=CARTESIAN_POINT('',(-37.,-58.0816,1.8));
#13396=CARTESIAN_POINT('',(-37.,-58.0816,1.8));
#13397=CARTESIAN_POINT('',(-37.,-37.35,1.8));
#13398=CARTESIAN_POINT('',(3.5,-49.6,1.8));
#13399=CARTESIAN_POINT('',(-3.5,-49.6,1.8));
#13400=CARTESIAN_POINT('Origin',(0.,-49.6,1.8));
#13401=CARTESIAN_POINT('',(-3.5,-57.6,1.8));
#13402=CARTESIAN_POINT('',(-3.5,-49.6,1.8));
#13403=CARTESIAN_POINT('',(3.5,-57.6,1.8));
#13404=CARTESIAN_POINT('',(-3.5,-57.6,1.8));
#13405=CARTESIAN_POINT('',(3.5,-57.6,1.8));
#13406=CARTESIAN_POINT('Origin',(9.2,-22.95,1.8));
#13407=CARTESIAN_POINT('',(9.2,-34.9603921945629,0.8));
#13408=CARTESIAN_POINT('',(9.2,-34.9603921945629,1.8));
#13409=CARTESIAN_POINT('',(9.2,-37.35,0.8));
#13410=CARTESIAN_POINT('',(9.2,-22.95,0.8));
#13411=CARTESIAN_POINT('',(9.2,-37.35,0.5));
#13412=CARTESIAN_POINT('',(9.2,-37.35,1.8));
#13413=CARTESIAN_POINT('',(9.2,-22.95,0.5));
#13414=CARTESIAN_POINT('',(9.2,-64.7,0.5));
#13415=CARTESIAN_POINT('',(9.2,-22.95,1.8));
#13416=CARTESIAN_POINT('Origin',(9.2,-37.35,1.8));
#13417=CARTESIAN_POINT('',(9.00583495460454,-37.35,0.8));
#13418=CARTESIAN_POINT('',(9.2,-37.35,0.8));
#13419=CARTESIAN_POINT('',(9.00583495460454,-37.35,1.8));
#13420=CARTESIAN_POINT('',(-37.,-37.35,0.5));
#13421=CARTESIAN_POINT('',(-37.,-37.35,1.8));
#13422=CARTESIAN_POINT('',(0.,-37.35,0.5));
#13423=CARTESIAN_POINT('Origin',(0.,1.37693675905659E-14,1.8));
#13424=CARTESIAN_POINT('',(37.,37.35,1.8));
#13425=CARTESIAN_POINT('',(-9.2,37.35,1.8));
#13426=CARTESIAN_POINT('',(-9.2,22.95,1.8));
#13427=CARTESIAN_POINT('',(-9.2,22.95,1.8));
#13428=CARTESIAN_POINT('',(37.,22.95,1.8));
#13429=CARTESIAN_POINT('',(37.,22.95,1.8));
#13430=CARTESIAN_POINT('',(37.,0.75,1.8));
#13431=CARTESIAN_POINT('',(37.,0.75,1.8));
#13432=CARTESIAN_POINT('',(6.2551978385979,0.75,1.8));
#13433=CARTESIAN_POINT('',(6.2551978385979,0.75,1.8));
#13434=CARTESIAN_POINT('',(-6.2551978385979,0.75,1.8));
#13435=CARTESIAN_POINT('Origin',(0.,1.37693675905659E-14,1.8));
#13436=CARTESIAN_POINT('',(-37.,0.75000000000001,1.8));
#13437=CARTESIAN_POINT('',(-37.,0.75000000000001,1.8));
#13438=CARTESIAN_POINT('',(-37.,58.0816,1.8));
#13439=CARTESIAN_POINT('',(-37.,58.0816,1.8));
#13440=CARTESIAN_POINT('',(-5.5,65.93543208956,1.8));
#13441=CARTESIAN_POINT('',(-5.5,65.93543208956,1.8));
#13442=CARTESIAN_POINT('',(-5.5,64.7,1.8));
#13443=CARTESIAN_POINT('',(-5.5,64.7,1.8));
#13444=CARTESIAN_POINT('',(5.5,64.7,1.8));
#13445=CARTESIAN_POINT('Origin',(0.,64.7,1.8));
#13446=CARTESIAN_POINT('',(5.5,65.93543208956,1.8));
#13447=CARTESIAN_POINT('',(5.5,65.93543208956,1.8));
#13448=CARTESIAN_POINT('',(37.,58.0816,1.8));
#13449=CARTESIAN_POINT('',(37.,58.0816,1.8));
#13450=CARTESIAN_POINT('',(37.,37.35,1.8));
#13451=CARTESIAN_POINT('',(3.5,49.6,1.8));
#13452=CARTESIAN_POINT('',(3.5,57.6,1.8));
#13453=CARTESIAN_POINT('',(3.5,49.6,1.8));
#13454=CARTESIAN_POINT('',(-3.5,57.6,1.8));
#13455=CARTESIAN_POINT('',(3.5,57.6,1.8));
#13456=CARTESIAN_POINT('',(-3.5,49.6,1.8));
#13457=CARTESIAN_POINT('',(-3.5,57.6,1.8));
#13458=CARTESIAN_POINT('Origin',(0.,49.6,1.8));
#13459=CARTESIAN_POINT('Origin',(-9.2,22.95,1.8));
#13460=CARTESIAN_POINT('',(-9.2,37.35,0.8));
#13461=CARTESIAN_POINT('',(-9.2,22.95,0.8));
#13462=CARTESIAN_POINT('',(-9.2,37.35,0.5));
#13463=CARTESIAN_POINT('',(-9.2,37.35,1.8));
#13464=CARTESIAN_POINT('',(-9.2,22.95,0.5));
#13465=CARTESIAN_POINT('',(-9.2,-64.7,0.5));
#13466=CARTESIAN_POINT('',(-9.2,22.95,1.8));
#13467=CARTESIAN_POINT('Origin',(-9.2,37.35,1.8));
#13468=CARTESIAN_POINT('',(-9.2,37.35,0.8));
#13469=CARTESIAN_POINT('',(37.,37.35,0.5));
#13470=CARTESIAN_POINT('',(37.,37.35,1.8));
#13471=CARTESIAN_POINT('',(0.,37.35,0.5));
#13472=CARTESIAN_POINT('Origin',(1.8141016151378,25.,11.5));
#13473=CARTESIAN_POINT('',(-0.75,22.25,11.5));
#13474=CARTESIAN_POINT('Origin',(0.,25.,8.5309401076759));
#13475=CARTESIAN_POINT('Ctrl Pts',(-0.75,27.6457513110646,8.5309401076759));
#13476=CARTESIAN_POINT('Ctrl Pts',(-0.75,27.5064253324152,8.45354958119895));
#13477=CARTESIAN_POINT('Ctrl Pts',(-0.75,27.3669155945868,8.37649800630291));
#13478=CARTESIAN_POINT('Ctrl Pts',(-0.75,27.227105745132,8.3));
#13479=CARTESIAN_POINT('Ctrl Pts',(-0.75,22.772894254868,8.3));
#13480=CARTESIAN_POINT('Ctrl Pts',(-0.75,22.6330969692435,8.37649113190909));
#13481=CARTESIAN_POINT('Ctrl Pts',(-0.75,22.4935732347291,8.4535503770983));
#13482=CARTESIAN_POINT('Ctrl Pts',(-0.75,22.3542486889354,8.5309401076759));
#13483=CARTESIAN_POINT('Origin',(1.8141016151378,-25.,11.5));
#13484=CARTESIAN_POINT('',(-0.75,-27.75,11.5));
#13485=CARTESIAN_POINT('Origin',(0.,-25.,8.5309401076759));
#13486=CARTESIAN_POINT('Ctrl Pts',(-0.75,-22.3542486889354,8.5309401076759));
#13487=CARTESIAN_POINT('Ctrl Pts',(-0.75,-22.4935746675848,8.45354958119895));
#13488=CARTESIAN_POINT('Ctrl Pts',(-0.75,-22.6330844054132,8.37649800630291));
#13489=CARTESIAN_POINT('Ctrl Pts',(-0.75,-22.772894254868,8.3));
#13490=CARTESIAN_POINT('Ctrl Pts',(-0.75,-27.227105745132,8.3));
#13491=CARTESIAN_POINT('Ctrl Pts',(-0.75,-27.3669030307565,8.37649113190909));
#13492=CARTESIAN_POINT('Ctrl Pts',(-0.75,-27.5064267652709,8.4535503770983));
#13493=CARTESIAN_POINT('Ctrl Pts',(-0.75,-27.6457513110646,8.5309401076759));
#13494=CARTESIAN_POINT('Origin',(0.,-49.6,4.1));
#13495=CARTESIAN_POINT('',(34.8831,-11.,4.1));
#13496=CARTESIAN_POINT('',(37.,-11.,4.1));
#13497=CARTESIAN_POINT('',(34.8831,-11.,4.1));
#13498=CARTESIAN_POINT('',(34.8831,-15.5,4.1));
#13499=CARTESIAN_POINT('',(34.8831,-15.5,4.1));
#13500=CARTESIAN_POINT('',(27.9169,-15.5,4.1));
#13501=CARTESIAN_POINT('',(27.9169,-15.5,4.1));
#13502=CARTESIAN_POINT('',(27.9169,-11.,4.1));
#13503=CARTESIAN_POINT('',(27.9169,-11.,4.1));
#13504=CARTESIAN_POINT('',(25.7,-11.,4.1));
#13505=CARTESIAN_POINT('',(25.7,-11.,4.1));
#13506=CARTESIAN_POINT('',(25.7,-15.5,4.1));
#13507=CARTESIAN_POINT('',(25.7,-15.5,4.1));
#13508=CARTESIAN_POINT('',(24.5,-15.5,4.1));
#13509=CARTESIAN_POINT('',(24.5,-15.5,4.1));
#13510=CARTESIAN_POINT('',(24.5,15.5,4.1));
#13511=CARTESIAN_POINT('',(24.5,15.5,4.1));
#13512=CARTESIAN_POINT('',(25.7,15.5,4.1));
#13513=CARTESIAN_POINT('',(25.7,15.5,4.1));
#13514=CARTESIAN_POINT('',(25.7,11.,4.1));
#13515=CARTESIAN_POINT('',(25.7,11.,4.1));
#13516=CARTESIAN_POINT('',(27.9169,11.,4.1));
#13517=CARTESIAN_POINT('',(27.9169,11.,4.1));
#13518=CARTESIAN_POINT('',(27.9169,15.5,4.1));
#13519=CARTESIAN_POINT('',(27.9169,15.5,4.1));
#13520=CARTESIAN_POINT('',(34.8831,15.5,4.1));
#13521=CARTESIAN_POINT('',(34.8831,15.5,4.1));
#13522=CARTESIAN_POINT('',(34.8831,11.,4.1));
#13523=CARTESIAN_POINT('',(34.8831,11.,4.1));
#13524=CARTESIAN_POINT('',(37.,11.,4.1));
#13525=CARTESIAN_POINT('',(37.,11.,4.1));
#13526=CARTESIAN_POINT('',(37.,55.7,4.1));
#13527=CARTESIAN_POINT('',(37.,-55.7,4.1));
#13528=CARTESIAN_POINT('',(5.,55.7,4.1));
#13529=CARTESIAN_POINT('',(37.,55.7,4.1));
#13530=CARTESIAN_POINT('',(5.,55.7,4.1));
#13531=CARTESIAN_POINT('',(-5.,55.7,4.1));
#13532=CARTESIAN_POINT('',(-5.,49.6,4.1));
#13533=CARTESIAN_POINT('',(-37.,55.7,4.1));
#13534=CARTESIAN_POINT('',(-5.,55.7,4.1));
#13535=CARTESIAN_POINT('',(-37.,11.,4.1));
#13536=CARTESIAN_POINT('',(-37.,55.7,4.1));
#13537=CARTESIAN_POINT('',(-34.8831,11.,4.1));
#13538=CARTESIAN_POINT('',(-34.8831,11.,4.1));
#13539=CARTESIAN_POINT('',(-34.8831,15.5,4.1));
#13540=CARTESIAN_POINT('',(-34.8831,15.5,4.1));
#13541=CARTESIAN_POINT('',(-27.9169,15.5,4.1));
#13542=CARTESIAN_POINT('',(-27.9169,15.5,4.1));
#13543=CARTESIAN_POINT('',(-27.9169,11.,4.1));
#13544=CARTESIAN_POINT('',(-27.9169,11.,4.1));
#13545=CARTESIAN_POINT('',(-25.7,11.,4.1));
#13546=CARTESIAN_POINT('',(-25.7,11.,4.1));
#13547=CARTESIAN_POINT('',(-25.7,15.5,4.1));
#13548=CARTESIAN_POINT('',(-25.7,15.5,4.1));
#13549=CARTESIAN_POINT('',(-24.5,15.5,4.1));
#13550=CARTESIAN_POINT('',(-24.5,15.5,4.1));
#13551=CARTESIAN_POINT('',(-24.5,-15.5,4.1));
#13552=CARTESIAN_POINT('',(-24.5,-15.5,4.1));
#13553=CARTESIAN_POINT('',(-25.7,-15.5,4.1));
#13554=CARTESIAN_POINT('',(-25.7,-15.5,4.1));
#13555=CARTESIAN_POINT('',(-25.7,-11.,4.1));
#13556=CARTESIAN_POINT('',(-25.7,-11.,4.1));
#13557=CARTESIAN_POINT('',(-27.9169,-11.,4.1));
#13558=CARTESIAN_POINT('',(-27.9169,-11.,4.1));
#13559=CARTESIAN_POINT('',(-27.9169,-15.5,4.1));
#13560=CARTESIAN_POINT('',(-27.9169,-15.5,4.1));
#13561=CARTESIAN_POINT('',(-34.8831,-15.5,4.1));
#13562=CARTESIAN_POINT('',(-34.8831,-15.5,4.1));
#13563=CARTESIAN_POINT('',(-34.8831,-11.,4.1));
#13564=CARTESIAN_POINT('',(-34.8831,-11.,4.1));
#13565=CARTESIAN_POINT('',(-37.,-11.,4.1));
#13566=CARTESIAN_POINT('',(-37.,-11.,4.1));
#13567=CARTESIAN_POINT('',(-37.,-55.7,4.1));
#13568=CARTESIAN_POINT('',(-37.,55.7,4.1));
#13569=CARTESIAN_POINT('',(-5.,-55.7,4.1));
#13570=CARTESIAN_POINT('',(-37.,-55.7,4.1));
#13571=CARTESIAN_POINT('',(-5.,-55.7,4.1));
#13572=CARTESIAN_POINT('',(5.,-55.7,4.1));
#13573=CARTESIAN_POINT('',(5.,-49.6,4.1));
#13574=CARTESIAN_POINT('',(37.,-55.7,4.1));
#13575=CARTESIAN_POINT('',(5.,-55.7,4.1));
#13576=CARTESIAN_POINT('',(37.,-55.7,4.1));
#13577=CARTESIAN_POINT('Origin',(-30.5,0.,12.));
#13578=CARTESIAN_POINT('Origin',(30.5,0.,12.));
#13579=CARTESIAN_POINT('Origin',(37.,-55.7,54.1));
#13580=CARTESIAN_POINT('',(37.,-11.,12.));
#13581=CARTESIAN_POINT('',(37.,11.,12.));
#13582=CARTESIAN_POINT('',(37.,-11.,12.));
#13583=CARTESIAN_POINT('',(37.,-11.,12.));
#13584=CARTESIAN_POINT('',(37.,-55.7,54.1));
#13585=CARTESIAN_POINT('',(37.,55.7,54.1));
#13586=CARTESIAN_POINT('',(37.,11.,12.));
#13587=CARTESIAN_POINT('Origin',(-37.,55.7,54.1));
#13588=CARTESIAN_POINT('',(-37.,-11.,12.));
#13589=CARTESIAN_POINT('',(-37.,-11.,12.));
#13590=CARTESIAN_POINT('',(-37.,11.,12.));
#13591=CARTESIAN_POINT('',(-37.,11.,12.));
#13592=CARTESIAN_POINT('',(-37.,11.,12.));
#13593=CARTESIAN_POINT('',(-37.,55.7,54.1));
#13594=CARTESIAN_POINT('',(-37.,-55.7,54.1));
#13595=CARTESIAN_POINT('Origin',(0.,-49.6,23.5));
#13596=CARTESIAN_POINT('',(-3.5,-49.6,23.5));
#13597=CARTESIAN_POINT('',(-3.5,-57.6,23.5));
#13598=CARTESIAN_POINT('',(-3.5,-49.6,23.5));
#13599=CARTESIAN_POINT('',(3.5,-49.6,23.5));
#13600=CARTESIAN_POINT('Origin',(0.,-49.6,23.5));
#13601=CARTESIAN_POINT('',(3.5,-57.6,23.5));
#13602=CARTESIAN_POINT('',(3.5,-57.6,23.5));
#13603=CARTESIAN_POINT('',(-3.5,-57.6,23.5));
#13604=CARTESIAN_POINT('Origin',(0.,-49.6,40.5));
#13605=CARTESIAN_POINT('Origin',(0.,49.6,23.5));
#13606=CARTESIAN_POINT('',(3.5,57.6,23.5));
#13607=CARTESIAN_POINT('',(-3.5,57.6,23.5));
#13608=CARTESIAN_POINT('',(3.5,57.6,23.5));
#13609=CARTESIAN_POINT('',(3.5,49.6,23.5));
#13610=CARTESIAN_POINT('',(3.5,49.6,23.5));
#13611=CARTESIAN_POINT('',(-3.5,49.6,23.5));
#13612=CARTESIAN_POINT('Origin',(0.,49.6,23.5));
#13613=CARTESIAN_POINT('',(-3.5,57.6,23.5));
#13614=CARTESIAN_POINT('Origin',(0.,49.6,40.5));
#13615=CARTESIAN_POINT('Origin',(-10.,-6.15974834234943E-12,-652.50000000006));
#13616=CARTESIAN_POINT('',(-5.,-55.7,34.244865288413));
#13617=CARTESIAN_POINT('Origin',(-5.,-6.15974834234943E-12,-652.50000000006));
#13618=CARTESIAN_POINT('',(5.,-55.7,34.244865288413));
#13619=CARTESIAN_POINT('',(-10.,-55.7,34.244865288413));
#13620=CARTESIAN_POINT('Origin',(5.,-6.15974834234943E-12,-652.50000000006));
#13621=CARTESIAN_POINT('Origin',(-10.,-6.15974834234943E-12,-652.50000000006));
#13622=CARTESIAN_POINT('',(5.,55.7000000000003,34.244865288412));
#13623=CARTESIAN_POINT('Origin',(5.,-6.15974834234943E-12,-652.50000000006));
#13624=CARTESIAN_POINT('',(-5.,55.7,34.244865288412));
#13625=CARTESIAN_POINT('',(-10.,55.7000000000003,34.244865288412));
#13626=CARTESIAN_POINT('Origin',(-5.,-6.15974834234943E-12,-652.50000000006));
#13627=CARTESIAN_POINT('Origin',(37.1,-60.,33.6864));
#13628=CARTESIAN_POINT('',(35.8316,-60.5,33.6864));
#13629=CARTESIAN_POINT('',(35.3316,-60.,33.6864));
#13630=CARTESIAN_POINT('Origin',(35.331599999999,-60.500000000001,33.6864));
#13631=CARTESIAN_POINT('',(35.8316,-61.2558,33.6864));
#13632=CARTESIAN_POINT('',(35.8316,-60.,33.6864));
#13633=CARTESIAN_POINT('',(35.3316,-61.7558,33.6864));
#13634=CARTESIAN_POINT('Origin',(35.3315999999991,-61.2557999999991,33.6864));
#13635=CARTESIAN_POINT('',(30.6685,-61.7558,33.6864));
#13636=CARTESIAN_POINT('',(37.1,-61.7558,33.6864));
#13637=CARTESIAN_POINT('',(30.1685,-61.2558,33.6864));
#13638=CARTESIAN_POINT('Origin',(30.6685000000009,-61.2557999999991,33.6864));
#13639=CARTESIAN_POINT('',(30.1685,-60.5,33.6864));
#13640=CARTESIAN_POINT('',(30.1685,-60.,33.6864));
#13641=CARTESIAN_POINT('',(30.6685,-60.,33.6864));
#13642=CARTESIAN_POINT('Origin',(30.6685000000009,-60.500000000001,33.6864));
#13643=CARTESIAN_POINT('',(28.9,-60.,33.6864));
#13644=CARTESIAN_POINT('',(37.1,-60.,33.6864));
#13645=CARTESIAN_POINT('',(28.9,-63.1,33.6864));
#13646=CARTESIAN_POINT('',(28.9,-60.,33.6864));
#13647=CARTESIAN_POINT('',(37.1,-63.1,33.6864));
#13648=CARTESIAN_POINT('',(37.1,-63.1,33.6864));
#13649=CARTESIAN_POINT('',(37.1,-60.,33.6864));
#13650=CARTESIAN_POINT('',(37.1,-60.,33.6864));
#13651=CARTESIAN_POINT('',(37.1,-60.,33.6864));
#13652=CARTESIAN_POINT('Origin',(37.1,-63.1,31.6864));
#13653=CARTESIAN_POINT('',(35.3316,-60.,29.896614165512));
#13654=CARTESIAN_POINT('',(35.8316,-60.5,30.1852893001068));
#13655=CARTESIAN_POINT('Origin',(35.3315999999992,-60.5000000000008,30.1852893001073));
#13656=CARTESIAN_POINT('',(37.1,-60.,29.896614165512));
#13657=CARTESIAN_POINT('',(37.1,-60.,29.896614165512));
#13658=CARTESIAN_POINT('',(37.1,-63.1,31.6864));
#13659=CARTESIAN_POINT('',(37.1,-63.1,31.6864));
#13660=CARTESIAN_POINT('',(28.9,-63.1,31.6864));
#13661=CARTESIAN_POINT('',(37.1,-63.1,31.6864));
#13662=CARTESIAN_POINT('',(28.9,-60.,29.896614165512));
#13663=CARTESIAN_POINT('',(28.9,-63.1,31.6864));
#13664=CARTESIAN_POINT('',(30.6685,-60.,29.896614165512));
#13665=CARTESIAN_POINT('',(37.1,-60.,29.896614165512));
#13666=CARTESIAN_POINT('',(30.1685,-60.5,30.1852893001068));
#13667=CARTESIAN_POINT('Origin',(30.6685000000014,-60.5000000000013,30.1852893001076));
#13668=CARTESIAN_POINT('',(30.1685,-61.2558,30.6216506335604));
#13669=CARTESIAN_POINT('',(30.1685,-63.1,31.6864));
#13670=CARTESIAN_POINT('',(30.6685,-61.7558,30.9103257681552));
#13671=CARTESIAN_POINT('Origin',(30.6685000000009,-61.2557999999989,30.6216506335598));
#13672=CARTESIAN_POINT('',(35.3316,-61.7558,30.9103257681552));
#13673=CARTESIAN_POINT('',(37.1,-61.7558,30.9103257681552));
#13674=CARTESIAN_POINT('',(35.8316,-61.2558,30.6216506335604));
#13675=CARTESIAN_POINT('Origin',(35.3315999999997,-61.2557999999997,30.6216506335602));
#13676=CARTESIAN_POINT('',(35.8316,-63.1,31.6864));
#13677=CARTESIAN_POINT('Origin',(-28.9,-60.,33.6864));
#13678=CARTESIAN_POINT('',(-30.1685,-60.5,33.6864));
#13679=CARTESIAN_POINT('',(-30.6685,-60.,33.6864));
#13680=CARTESIAN_POINT('Origin',(-30.6685000000009,-60.500000000001,33.6864));
#13681=CARTESIAN_POINT('',(-30.1685,-61.2558,33.6864));
#13682=CARTESIAN_POINT('',(-30.1685,-60.,33.6864));
#13683=CARTESIAN_POINT('',(-30.6685,-61.7558,33.6864));
#13684=CARTESIAN_POINT('Origin',(-30.6685000000009,-61.2557999999991,33.6864));
#13685=CARTESIAN_POINT('',(-35.3316,-61.7558,33.6864));
#13686=CARTESIAN_POINT('',(-28.9,-61.7558,33.6864));
#13687=CARTESIAN_POINT('',(-35.8316,-61.2558,33.6864));
#13688=CARTESIAN_POINT('Origin',(-35.3315999999991,-61.2557999999991,33.6864));
#13689=CARTESIAN_POINT('',(-35.8316,-60.5,33.6864));
#13690=CARTESIAN_POINT('',(-35.8316,-60.,33.6864));
#13691=CARTESIAN_POINT('',(-35.3316,-60.,33.6864));
#13692=CARTESIAN_POINT('Origin',(-35.331599999999,-60.500000000001,33.6864));
#13693=CARTESIAN_POINT('',(-37.1,-60.,33.6864));
#13694=CARTESIAN_POINT('',(-28.9,-60.,33.6864));
#13695=CARTESIAN_POINT('',(-37.1,-63.1,33.6864));
#13696=CARTESIAN_POINT('',(-37.1,-60.,33.6864));
#13697=CARTESIAN_POINT('',(-28.9,-63.1,33.6864));
#13698=CARTESIAN_POINT('',(-28.9,-63.1,33.6864));
#13699=CARTESIAN_POINT('',(-28.9,-60.,33.6864));
#13700=CARTESIAN_POINT('',(-28.9,-60.,33.6864));
#13701=CARTESIAN_POINT('',(-28.9,-60.,33.6864));
#13702=CARTESIAN_POINT('Origin',(-28.9,-63.1,31.6864));
#13703=CARTESIAN_POINT('',(-30.6685,-60.,29.896614165512));
#13704=CARTESIAN_POINT('',(-30.1685,-60.5,30.1852893001068));
#13705=CARTESIAN_POINT('Origin',(-30.6685000000021,-60.500000000002,30.185289300108));
#13706=CARTESIAN_POINT('',(-28.9,-60.,29.896614165512));
#13707=CARTESIAN_POINT('',(-28.9,-60.,29.896614165512));
#13708=CARTESIAN_POINT('',(-28.9,-63.1,31.6864));
#13709=CARTESIAN_POINT('',(-28.9,-63.1,31.6864));
#13710=CARTESIAN_POINT('',(-37.1,-63.1,31.6864));
#13711=CARTESIAN_POINT('',(-28.9,-63.1,31.6864));
#13712=CARTESIAN_POINT('',(-37.1,-60.,29.896614165512));
#13713=CARTESIAN_POINT('',(-37.1,-63.1,31.6864));
#13714=CARTESIAN_POINT('',(-35.3316,-60.,29.896614165512));
#13715=CARTESIAN_POINT('',(-28.9,-60.,29.896614165512));
#13716=CARTESIAN_POINT('',(-35.8316,-60.5,30.1852893001068));
#13717=CARTESIAN_POINT('Origin',(-35.3315999999995,-60.5000000000006,30.1852893001072));
#13718=CARTESIAN_POINT('',(-35.8316,-61.2558,30.6216506335604));
#13719=CARTESIAN_POINT('',(-35.8316,-63.1,31.6864));
#13720=CARTESIAN_POINT('',(-35.3316,-61.7558,30.9103257681552));
#13721=CARTESIAN_POINT('Origin',(-35.3315999999994,-61.2557999999994,30.6216506335601));
#13722=CARTESIAN_POINT('',(-30.6685,-61.7558,30.9103257681552));
#13723=CARTESIAN_POINT('',(-28.9,-61.7558,30.9103257681552));
#13724=CARTESIAN_POINT('',(-30.1685,-61.2558,30.6216506335604));
#13725=CARTESIAN_POINT('Origin',(-30.6685000000008,-61.2557999999992,30.6216506335599));
#13726=CARTESIAN_POINT('',(-30.1685,-63.1,31.6864));
#13727=CARTESIAN_POINT('Origin',(-28.9,63.1,33.6864));
#13728=CARTESIAN_POINT('',(-35.8316,60.5,33.6864));
#13729=CARTESIAN_POINT('',(-35.3316,60.,33.6864));
#13730=CARTESIAN_POINT('Origin',(-35.331599999999,60.500000000001,33.6864));
#13731=CARTESIAN_POINT('',(-35.8316,61.2558,33.6864));
#13732=CARTESIAN_POINT('',(-35.8316,63.1,33.6864));
#13733=CARTESIAN_POINT('',(-35.3316,61.7558,33.6864));
#13734=CARTESIAN_POINT('Origin',(-35.3315999999991,61.2557999999991,33.6864));
#13735=CARTESIAN_POINT('',(-30.6685,61.7558,33.6864));
#13736=CARTESIAN_POINT('',(-28.9,61.7558,33.6864));
#13737=CARTESIAN_POINT('',(-30.1685,61.2558,33.6864));
#13738=CARTESIAN_POINT('Origin',(-30.6685000000009,61.2557999999991,33.6864));
#13739=CARTESIAN_POINT('',(-30.1685,60.5,33.6864));
#13740=CARTESIAN_POINT('',(-30.1685,63.1,33.6864));
#13741=CARTESIAN_POINT('',(-30.6685,60.,33.6864));
#13742=CARTESIAN_POINT('Origin',(-30.6685000000009,60.500000000001,33.6864));
#13743=CARTESIAN_POINT('',(-28.9,60.,33.6864));
#13744=CARTESIAN_POINT('',(-28.9,60.,33.6864));
#13745=CARTESIAN_POINT('',(-28.9,63.1,33.6864));
#13746=CARTESIAN_POINT('',(-28.9,63.1,33.6864));
#13747=CARTESIAN_POINT('',(-37.1,63.1,33.6864));
#13748=CARTESIAN_POINT('',(-28.9,63.1,33.6864));
#13749=CARTESIAN_POINT('',(-37.1,60.,33.6864));
#13750=CARTESIAN_POINT('',(-37.1,63.1,33.6864));
#13751=CARTESIAN_POINT('',(-28.9,60.,33.6864));
#13752=CARTESIAN_POINT('Origin',(-28.9,60.,29.896614165512));
#13753=CARTESIAN_POINT('',(-35.3316,60.,29.896614165512));
#13754=CARTESIAN_POINT('',(-35.8316,60.5,30.1852893001068));
#13755=CARTESIAN_POINT('Origin',(-35.3315999999985,60.5000000000014,30.1852893001077));
#13756=CARTESIAN_POINT('',(-37.1,60.,29.896614165512));
#13757=CARTESIAN_POINT('',(-28.9,60.,29.896614165512));
#13758=CARTESIAN_POINT('',(-37.1,63.1,31.6864));
#13759=CARTESIAN_POINT('',(-37.1,60.,29.896614165512));
#13760=CARTESIAN_POINT('',(-28.9,63.1,31.6864));
#13761=CARTESIAN_POINT('',(-28.9,63.1,31.6864));
#13762=CARTESIAN_POINT('',(-28.9,60.,29.896614165512));
#13763=CARTESIAN_POINT('',(-28.9,60.,29.896614165512));
#13764=CARTESIAN_POINT('',(-30.6685,60.,29.896614165512));
#13765=CARTESIAN_POINT('',(-28.9,60.,29.896614165512));
#13766=CARTESIAN_POINT('',(-30.1685,60.5,30.1852893001068));
#13767=CARTESIAN_POINT('Origin',(-30.6685000000013,60.5000000000012,30.1852893001075));
#13768=CARTESIAN_POINT('',(-30.1685,61.2558,30.6216506335604));
#13769=CARTESIAN_POINT('',(-30.1685,60.,29.896614165512));
#13770=CARTESIAN_POINT('',(-30.6685,61.7558,30.9103257681552));
#13771=CARTESIAN_POINT('Origin',(-30.6685000000009,61.2557999999991,30.6216506335599));
#13772=CARTESIAN_POINT('',(-35.3316,61.7558,30.9103257681552));
#13773=CARTESIAN_POINT('',(-28.9,61.7558,30.9103257681552));
#13774=CARTESIAN_POINT('',(-35.8316,61.2558,30.6216506335604));
#13775=CARTESIAN_POINT('Origin',(-35.3315999999997,61.2557999999998,30.6216506335602));
#13776=CARTESIAN_POINT('',(-35.8316,60.,29.896614165512));
#13777=CARTESIAN_POINT('Origin',(-20.3154497036824,-59.4,17.5000000000016));
#13778=CARTESIAN_POINT('',(37.,-59.4,3.5));
#13779=CARTESIAN_POINT('',(-37.,-59.4,3.5));
#13780=CARTESIAN_POINT('',(37.,-59.4,3.5));
#13781=CARTESIAN_POINT('',(34.102758245852,-59.4,19.931074487337));
#13782=CARTESIAN_POINT('',(34.102758245852,-59.4,19.931074487337));
#13783=CARTESIAN_POINT('',(20.315449703681,-59.4,31.5));
#13784=CARTESIAN_POINT('Origin',(20.3154497036824,-59.4,17.5000000000015));
#13785=CARTESIAN_POINT('',(-20.315449703681,-59.4,31.5));
#13786=CARTESIAN_POINT('',(-20.315449703681,-59.4,31.5));
#13787=CARTESIAN_POINT('',(-34.102758245852,-59.4,19.931074487337));
#13788=CARTESIAN_POINT('Origin',(-20.3154497036824,-59.4,17.5000000000016));
#13789=CARTESIAN_POINT('',(-37.,-59.4,3.5));
#13790=CARTESIAN_POINT('Origin',(-20.3154497036824,59.4,17.5000000000016));
#13791=CARTESIAN_POINT('',(37.,59.4,3.5));
#13792=CARTESIAN_POINT('',(-37.,59.4,3.5));
#13793=CARTESIAN_POINT('',(37.,59.4,3.5));
#13794=CARTESIAN_POINT('',(-34.102758245852,59.4,19.931074487337));
#13795=CARTESIAN_POINT('',(-37.,59.4,3.5));
#13796=CARTESIAN_POINT('',(-20.315449703681,59.4,31.5));
#13797=CARTESIAN_POINT('Origin',(-20.3154497036824,59.4,17.5000000000016));
#13798=CARTESIAN_POINT('',(20.315449703681,59.4,31.5));
#13799=CARTESIAN_POINT('',(-20.315449703681,59.4,31.5));
#13800=CARTESIAN_POINT('',(34.102758245852,59.4,19.931074487337));
#13801=CARTESIAN_POINT('Origin',(20.3154497036824,59.4,17.5000000000015));
#13802=CARTESIAN_POINT('',(34.102758245852,59.4,19.931074487337));
#13803=CARTESIAN_POINT('Origin',(0.,-64.7,0.5));
#13804=CARTESIAN_POINT('',(-37.,-58.0816,0.5));
#13805=CARTESIAN_POINT('',(-37.,-64.7,0.5));
#13806=CARTESIAN_POINT('',(-5.5,-65.93543208956,0.5));
#13807=CARTESIAN_POINT('',(-0.611894236538714,-67.15417373725,0.5));
#13808=CARTESIAN_POINT('',(-5.5,-67.4798400852956,0.5));
#13809=CARTESIAN_POINT('',(-5.5,-70.,0.5));
#13810=CARTESIAN_POINT('',(-35.5,-60.,0.5));
#13811=CARTESIAN_POINT('',(-35.5,-60.,0.5));
#13812=CARTESIAN_POINT('',(-40.,-60.,0.5));
#13813=CARTESIAN_POINT('',(40.,-60.,0.5));
#13814=CARTESIAN_POINT('',(-40.,-57.,0.499999999999945));
#13815=CARTESIAN_POINT('',(-40.,0.,0.499999999999945));
#13816=CARTESIAN_POINT('',(-38.5,-57.,0.5));
#13817=CARTESIAN_POINT('',(-41.5,-57.,0.50000000000001));
#13818=CARTESIAN_POINT('',(-38.5,57.,0.5));
#13819=CARTESIAN_POINT('',(-38.5,48.4826090535328,0.5));
#13820=CARTESIAN_POINT('',(-40.,57.,0.499999999999945));
#13821=CARTESIAN_POINT('',(-41.5,57.,0.50000000000001));
#13822=CARTESIAN_POINT('',(-40.,60.,0.5));
#13823=CARTESIAN_POINT('',(-40.,0.,0.499999999999945));
#13824=CARTESIAN_POINT('',(-35.5,60.,0.5));
#13825=CARTESIAN_POINT('',(40.,60.,0.5));
#13826=CARTESIAN_POINT('',(-5.5,67.4798400852952,0.5));
#13827=CARTESIAN_POINT('',(-0.96768758239867,68.609872488637,0.5));
#13828=CARTESIAN_POINT('',(-5.5,65.93543208956,0.5));
#13829=CARTESIAN_POINT('',(-5.5,64.7,0.5));
#13830=CARTESIAN_POINT('',(-37.,58.0816,0.5));
#13831=CARTESIAN_POINT('',(-30.9867043487852,59.580882995223,0.5));
#13832=CARTESIAN_POINT('',(-37.,0.75000000000001,0.5));
#13833=CARTESIAN_POINT('',(-37.,-64.7,0.5));
#13834=CARTESIAN_POINT('',(-6.2551978385979,0.75,0.5));
#13835=CARTESIAN_POINT('',(2.12342070933869E-14,0.750000000000001,0.5));
#13836=CARTESIAN_POINT('',(6.2551978385979,0.75,0.5));
#13837=CARTESIAN_POINT('Origin',(0.,1.37693675905659E-14,0.5));
#13838=CARTESIAN_POINT('',(37.,0.75,0.5));
#13839=CARTESIAN_POINT('',(0.,0.750000000000001,0.5));
#13840=CARTESIAN_POINT('',(37.,22.95,0.5));
#13841=CARTESIAN_POINT('',(37.,-64.7,0.5));
#13842=CARTESIAN_POINT('',(0.,22.95,0.5));
#13843=CARTESIAN_POINT('',(37.,58.0816,0.5));
#13844=CARTESIAN_POINT('',(37.,-64.7,0.5));
#13845=CARTESIAN_POINT('',(5.5,65.93543208956,0.5));
#13846=CARTESIAN_POINT('',(30.9867043487852,59.580882995223,0.5));
#13847=CARTESIAN_POINT('',(5.49999999999999,67.4798400852952,0.5));
#13848=CARTESIAN_POINT('',(5.5,70.,0.5));
#13849=CARTESIAN_POINT('',(35.5,60.,0.5));
#13850=CARTESIAN_POINT('',(35.5,60.,0.5));
#13851=CARTESIAN_POINT('',(40.,60.,0.5));
#13852=CARTESIAN_POINT('',(40.,60.,0.5));
#13853=CARTESIAN_POINT('',(40.,57.,0.5));
#13854=CARTESIAN_POINT('',(40.,0.,0.499999999999945));
#13855=CARTESIAN_POINT('',(38.5,57.,0.5));
#13856=CARTESIAN_POINT('',(38.5,57.,0.50000000000001));
#13857=CARTESIAN_POINT('',(38.5,-57.,0.5));
#13858=CARTESIAN_POINT('',(38.5,48.4826090535328,0.5));
#13859=CARTESIAN_POINT('',(40.,-57.,0.5));
#13860=CARTESIAN_POINT('',(38.5,-57.,0.50000000000001));
#13861=CARTESIAN_POINT('',(40.,-60.,0.5));
#13862=CARTESIAN_POINT('',(40.,0.,0.499999999999945));
#13863=CARTESIAN_POINT('',(35.5,-60.,0.5));
#13864=CARTESIAN_POINT('',(40.,-60.,0.5));
#13865=CARTESIAN_POINT('',(5.5,-67.4798400852956,0.5));
#13866=CARTESIAN_POINT('',(2.25,-68.290156094536,0.5));
#13867=CARTESIAN_POINT('',(5.5,-65.93543208956,0.5));
#13868=CARTESIAN_POINT('',(5.5,-64.7,0.5));
#13869=CARTESIAN_POINT('',(37.,-58.0816,0.5));
#13870=CARTESIAN_POINT('',(0.611894236538714,-67.15417373725,0.5));
#13871=CARTESIAN_POINT('',(37.,-0.75000000000001,0.5));
#13872=CARTESIAN_POINT('',(37.,-64.7,0.5));
#13873=CARTESIAN_POINT('',(6.2551978385979,-0.75,0.5));
#13874=CARTESIAN_POINT('',(2.07475560522856E-14,-0.750000000000001,0.5));
#13875=CARTESIAN_POINT('',(-6.2551978385979,-0.750000000000004,0.5));
#13876=CARTESIAN_POINT('Origin',(0.,-1.47451495458029E-14,0.5));
#13877=CARTESIAN_POINT('',(-37.,-0.75,0.5));
#13878=CARTESIAN_POINT('',(0.,-0.750000000000001,0.5));
#13879=CARTESIAN_POINT('',(-37.,-22.95,0.5));
#13880=CARTESIAN_POINT('',(-37.,-64.7,0.5));
#13881=CARTESIAN_POINT('',(0.,-22.95,0.5));
#13882=CARTESIAN_POINT('',(-37.,-24.,0.5));
#13883=CARTESIAN_POINT('',(8.,-24.,0.5));
#13884=CARTESIAN_POINT('',(0.,-24.,0.5));
#13885=CARTESIAN_POINT('',(-37.,-36.,0.5));
#13886=CARTESIAN_POINT('',(-37.,-64.7,0.5));
#13887=CARTESIAN_POINT('',(8.,-36.,0.5));
#13888=CARTESIAN_POINT('',(0.,-36.,0.5));
#13889=CARTESIAN_POINT('',(8.,-64.7,0.5));
#13890=CARTESIAN_POINT('',(-8.,24.,0.5));
#13891=CARTESIAN_POINT('',(-8.,36.,0.5));
#13892=CARTESIAN_POINT('',(-8.,-64.7,0.5));
#13893=CARTESIAN_POINT('',(37.,24.,0.5));
#13894=CARTESIAN_POINT('',(0.,24.,0.5));
#13895=CARTESIAN_POINT('',(37.,36.,0.5));
#13896=CARTESIAN_POINT('',(37.,-64.7,0.5));
#13897=CARTESIAN_POINT('',(0.,36.,0.5));
#13898=CARTESIAN_POINT('Origin',(40.,-60.,34.886354243376));
#13899=CARTESIAN_POINT('',(-40.,-60.,34.886354243376));
#13900=CARTESIAN_POINT('',(-35.5,-60.,3.5));
#13901=CARTESIAN_POINT('',(-35.5,-60.,3.5));
#13902=CARTESIAN_POINT('',(-37.,-60.,3.5));
#13903=CARTESIAN_POINT('',(40.,-60.,3.5));
#13904=CARTESIAN_POINT('',(-34.102758245852,-60.,19.931074487337));
#13905=CARTESIAN_POINT('',(-29.3107832118627,-60.,47.1077153776626));
#13906=CARTESIAN_POINT('',(-20.315449703681,-60.,31.5));
#13907=CARTESIAN_POINT('Origin',(-20.3154497036824,-60.,17.5000000000016));
#13908=CARTESIAN_POINT('',(20.315449703681,-60.,31.5));
#13909=CARTESIAN_POINT('',(40.,-60.,31.5));
#13910=CARTESIAN_POINT('',(34.102758245852,-60.,19.931074487337));
#13911=CARTESIAN_POINT('Origin',(20.3154497036824,-60.,17.5000000000015));
#13912=CARTESIAN_POINT('',(37.,-60.,3.5));
#13913=CARTESIAN_POINT('',(31.7230783804263,-60.,33.426909644636));
#13914=CARTESIAN_POINT('',(35.5,-60.,3.5));
#13915=CARTESIAN_POINT('',(40.,-60.,3.5));
#13916=CARTESIAN_POINT('',(35.5,-60.,3.5));
#13917=CARTESIAN_POINT('',(40.,-60.,34.886354243376));
#13918=CARTESIAN_POINT('',(30.6685,-60.,67.5));
#13919=CARTESIAN_POINT('',(28.9,-60.,29.896614165512));
#13920=CARTESIAN_POINT('',(-30.6685,-60.,67.5));
#13921=CARTESIAN_POINT('',(-28.9,-60.,29.896614165512));
#13922=CARTESIAN_POINT('',(-35.3316,-60.,67.5));
#13923=CARTESIAN_POINT('',(-37.1,-60.,29.896614165512));
#13924=CARTESIAN_POINT('',(35.3316,-60.,67.5));
#13925=CARTESIAN_POINT('',(37.1,-60.,29.896614165512));
#13926=CARTESIAN_POINT('Origin',(40.,60.,0.));
#13927=CARTESIAN_POINT('',(-40.,60.,0.));
#13928=CARTESIAN_POINT('',(40.,60.,0.));
#13929=CARTESIAN_POINT('',(35.5,60.,3.5));
#13930=CARTESIAN_POINT('',(35.5,60.,3.5));
#13931=CARTESIAN_POINT('',(37.,60.,3.5));
#13932=CARTESIAN_POINT('',(37.,60.,3.5));
#13933=CARTESIAN_POINT('',(34.102758245852,60.,19.931074487337));
#13934=CARTESIAN_POINT('',(34.102758245852,60.,19.931074487337));
#13935=CARTESIAN_POINT('',(20.315449703681,60.,31.5));
#13936=CARTESIAN_POINT('Origin',(20.3154497036824,60.,17.5000000000015));
#13937=CARTESIAN_POINT('',(-20.315449703681,60.,31.5));
#13938=CARTESIAN_POINT('',(-20.315449703681,60.,31.5));
#13939=CARTESIAN_POINT('',(-34.102758245852,60.,19.931074487337));
#13940=CARTESIAN_POINT('Origin',(-20.3154497036824,60.,17.5000000000016));
#13941=CARTESIAN_POINT('',(-37.,60.,3.5));
#13942=CARTESIAN_POINT('',(-37.,60.,3.5));
#13943=CARTESIAN_POINT('',(-35.5,60.,3.5));
#13944=CARTESIAN_POINT('',(37.,60.,3.5));
#13945=CARTESIAN_POINT('',(-35.5,60.,3.5));
#13946=CARTESIAN_POINT('',(-30.6685,60.,67.5));
#13947=CARTESIAN_POINT('',(-28.9,60.,33.6864));
#13948=CARTESIAN_POINT('',(-35.3316,60.,67.5));
#13949=CARTESIAN_POINT('',(-37.1,60.,33.6864));
#13950=CARTESIAN_POINT('Origin',(40.,-60.,0.));
#13951=CARTESIAN_POINT('',(-5.5,-67.4798400852956,0.));
#13952=CARTESIAN_POINT('',(-5.5,-64.7,0.));
#13953=CARTESIAN_POINT('',(-5.5,-70.,0.));
#13954=CARTESIAN_POINT('',(5.5,-64.7,0.));
#13955=CARTESIAN_POINT('Origin',(0.,-64.7,0.));
#13956=CARTESIAN_POINT('',(5.5,-67.4798400852956,0.));
#13957=CARTESIAN_POINT('',(5.5,-64.7,0.));
#13958=CARTESIAN_POINT('',(2.25,-68.290156094536,0.));
#13959=CARTESIAN_POINT('',(2.25,-68.290156094536,0.));
#13960=CARTESIAN_POINT('',(2.25,-62.95,0.));
#13961=CARTESIAN_POINT('',(2.25,-62.95,0.));
#13962=CARTESIAN_POINT('',(-2.25,-62.95,0.));
#13963=CARTESIAN_POINT('Origin',(0.,-62.95,0.));
#13964=CARTESIAN_POINT('',(-2.25,-68.290156094536,0.));
#13965=CARTESIAN_POINT('',(-2.25,-68.290156094536,0.));
#13966=CARTESIAN_POINT('',(-35.5,-60.,0.));
#13967=CARTESIAN_POINT('Origin',(40.,-60.,0.));
#13968=CARTESIAN_POINT('',(5.49999999999999,67.4798400852952,0.));
#13969=CARTESIAN_POINT('',(5.5,64.7,0.));
#13970=CARTESIAN_POINT('',(5.5,70.,0.));
#13971=CARTESIAN_POINT('',(-5.5,64.7,0.));
#13972=CARTESIAN_POINT('Origin',(0.,64.7,0.));
#13973=CARTESIAN_POINT('',(-5.5,67.4798400852952,0.));
#13974=CARTESIAN_POINT('',(-5.5,64.7,0.));
#13975=CARTESIAN_POINT('',(-0.96768758239867,68.609872488637,0.));
#13976=CARTESIAN_POINT('',(-0.96768758239867,68.609872488637,0.));
#13977=CARTESIAN_POINT('',(0.96768758239867,68.609872488637,0.));
#13978=CARTESIAN_POINT('Origin',(0.,64.7286895835326,0.));
#13979=CARTESIAN_POINT('',(35.5,60.,0.));
#13980=CARTESIAN_POINT('',(0.5,65.7,0.));
#13981=CARTESIAN_POINT('',(0.5,65.7,0.));
#13982=CARTESIAN_POINT('',(0.499999999999999,61.2,0.));
#13983=CARTESIAN_POINT('',(-0.5,61.2,0.));
#13984=CARTESIAN_POINT('Origin',(0.499999999999998,63.45,0.));
#13985=CARTESIAN_POINT('Origin',(40.,0.,-652.500000000015));
#13986=CARTESIAN_POINT('',(40.,-52.421840065581,26.464035203371));
#13987=CARTESIAN_POINT('',(40.,-166.950816488238,-623.062066601829));
#13988=CARTESIAN_POINT('',(40.,-48.7678008714947,29.7592627426601));
#13989=CARTESIAN_POINT('Origin',(40.,-48.4826090535326,25.7694424927034));
#13990=CARTESIAN_POINT('',(40.,48.7678008714939,29.7592627426601));
#13991=CARTESIAN_POINT('Origin',(40.,-4.9960036108132E-13,-652.500000000034));
#13992=CARTESIAN_POINT('',(40.,52.421840065581,26.464035203371));
#13993=CARTESIAN_POINT('Origin',(40.,48.4826090535328,25.7694424927035));
#13994=CARTESIAN_POINT('',(40.,166.950816488238,-623.062066601829));
#13995=CARTESIAN_POINT('Origin',(-40.,0.,-652.500000000015));
#13996=CARTESIAN_POINT('',(-40.,52.421840065581,26.464035203371));
#13997=CARTESIAN_POINT('',(-40.,166.950816488238,-623.062066601829));
#13998=CARTESIAN_POINT('',(-40.,48.7678008714939,29.7592627426601));
#13999=CARTESIAN_POINT('Origin',(-40.,48.4826090535328,25.7694424927035));
#14000=CARTESIAN_POINT('',(-40.,-48.7678008714947,29.7592627426601));
#14001=CARTESIAN_POINT('Origin',(-40.,-4.9960036108132E-13,-652.500000000034));
#14002=CARTESIAN_POINT('',(-40.,-52.421840065581,26.464035203371));
#14003=CARTESIAN_POINT('Origin',(-40.,-48.4826090535326,25.7694424927034));
#14004=CARTESIAN_POINT('',(-40.,-166.950816488238,-623.062066601829));
#14005=CARTESIAN_POINT('Origin',(38.5,48.4826090535328,25.7694424927035));
#14006=CARTESIAN_POINT('',(38.5,-52.421840065581,26.464035203371));
#14007=CARTESIAN_POINT('',(38.5,-52.421840065581,26.464035203371));
#14008=CARTESIAN_POINT('',(38.5,52.421840065581,26.464035203371));
#14009=CARTESIAN_POINT('',(38.5,57.,0.50000000000001));
#14010=CARTESIAN_POINT('',(38.5,48.7678008714939,29.7592627426601));
#14011=CARTESIAN_POINT('Origin',(38.5,48.4826090535328,25.7694424927035));
#14012=CARTESIAN_POINT('',(38.5,-48.7678008714947,29.7592627426601));
#14013=CARTESIAN_POINT('Origin',(38.5,-4.9960036108132E-13,-652.500000000034));
#14014=CARTESIAN_POINT('Origin',(38.5,-48.4826090535326,25.7694424927034));
#14015=CARTESIAN_POINT('Origin',(-38.5,48.4826090535328,25.7694424927035));
#14016=CARTESIAN_POINT('',(-38.5,-52.421840065581,26.464035203371));
#14017=CARTESIAN_POINT('',(-38.5,-52.421840065581,26.464035203371));
#14018=CARTESIAN_POINT('',(-38.5,-48.7678008714947,29.7592627426601));
#14019=CARTESIAN_POINT('Origin',(-38.5,-48.4826090535326,25.7694424927034));
#14020=CARTESIAN_POINT('',(-38.5,48.7678008714939,29.7592627426601));
#14021=CARTESIAN_POINT('Origin',(-38.5,-4.9960036108132E-13,-652.500000000034));
#14022=CARTESIAN_POINT('',(-38.5,52.421840065581,26.464035203371));
#14023=CARTESIAN_POINT('Origin',(-38.5,48.4826090535328,25.7694424927035));
#14024=CARTESIAN_POINT('',(-38.5,57.,0.50000000000001));
#14025=CARTESIAN_POINT('Origin',(35.5,60.,3.5));
#14026=CARTESIAN_POINT('',(5.5,67.4798400852952,3.5));
#14027=CARTESIAN_POINT('',(0.96768758239867,68.609872488637,3.5));
#14028=CARTESIAN_POINT('',(0.96768758239867,68.609872488637,3.5));
#14029=CARTESIAN_POINT('',(35.5,60.,3.5));
#14030=CARTESIAN_POINT('Origin',(-0.96768758239867,68.609872488637,3.5));
#14031=CARTESIAN_POINT('',(-5.5,67.4798400852952,3.5));
#14032=CARTESIAN_POINT('',(-0.96768758239867,68.609872488637,3.5));
#14033=CARTESIAN_POINT('',(-0.96768758239867,68.609872488637,3.5));
#14034=CARTESIAN_POINT('',(-0.96768758239867,68.609872488637,3.5));
#14035=CARTESIAN_POINT('Origin',(-35.5,-60.,3.5));
#14036=CARTESIAN_POINT('',(-5.5,-67.4798400852956,3.5));
#14037=CARTESIAN_POINT('',(-2.25,-68.290156094536,3.5));
#14038=CARTESIAN_POINT('',(-2.25,-68.290156094536,3.5));
#14039=CARTESIAN_POINT('',(-35.5,-60.,3.5));
#14040=CARTESIAN_POINT('Origin',(2.25,-68.290156094536,3.5));
#14041=CARTESIAN_POINT('',(5.5,-67.4798400852956,3.5));
#14042=CARTESIAN_POINT('',(2.25,-68.290156094536,3.5));
#14043=CARTESIAN_POINT('',(2.25,-68.290156094536,3.5));
#14044=CARTESIAN_POINT('',(2.25,-68.290156094536,3.5));
#14045=CARTESIAN_POINT('Origin',(38.5,48.4826090535328,25.7694424927035));
#14046=CARTESIAN_POINT('',(38.5,48.7678008714939,29.7592627426601));
#14047=CARTESIAN_POINT('',(38.5,52.421840065581,26.464035203371));
#14048=CARTESIAN_POINT('Origin',(38.5,57.,0.50000000000001));
#14049=CARTESIAN_POINT('Origin',(38.5,-52.421840065581,26.464035203371));
#14050=CARTESIAN_POINT('',(38.5,-52.421840065581,26.464035203371));
#14051=CARTESIAN_POINT('Origin',(38.5,-48.4826090535326,25.7694424927034));
#14052=CARTESIAN_POINT('',(38.5,-48.7678008714947,29.7592627426601));
#14053=CARTESIAN_POINT('Origin',(38.5,-4.9960036108132E-13,-652.500000000034));
#14054=CARTESIAN_POINT('Origin',(-41.5,48.4826090535328,25.7694424927035));
#14055=CARTESIAN_POINT('',(-41.5,52.421840065581,26.464035203371));
#14056=CARTESIAN_POINT('',(-41.5,48.7678008714939,29.7592627426601));
#14057=CARTESIAN_POINT('Origin',(-41.5,57.,0.50000000000001));
#14058=CARTESIAN_POINT('Origin',(-41.5,-52.421840065581,26.464035203371));
#14059=CARTESIAN_POINT('',(-41.5,-52.421840065581,26.464035203371));
#14060=CARTESIAN_POINT('Origin',(-41.5,-48.4826090535326,25.7694424927034));
#14061=CARTESIAN_POINT('',(-41.5,-48.7678008714947,29.7592627426601));
#14062=CARTESIAN_POINT('Origin',(-41.5,-4.9960036108132E-13,-652.500000000034));
#14063=CARTESIAN_POINT('Origin',(0.499999999999998,63.45,3.5));
#14064=CARTESIAN_POINT('',(0.499999999999999,61.2,3.5));
#14065=CARTESIAN_POINT('',(0.499999999999999,61.2,3.5));
#14066=CARTESIAN_POINT('',(0.5,65.7,3.5));
#14067=CARTESIAN_POINT('Origin',(0.499999999999998,63.45,3.5));
#14068=CARTESIAN_POINT('',(0.5,65.7,3.5));
#14069=CARTESIAN_POINT('Origin',(-0.5,61.2,3.5));
#14070=CARTESIAN_POINT('',(-0.5,61.2,3.5));
#14071=CARTESIAN_POINT('Origin',(0.5,65.7,3.5));
#14072=CARTESIAN_POINT('',(0.5,65.7,3.5));
#14073=CARTESIAN_POINT('Origin',(0.,64.7286895835326,3.5));
#14074=CARTESIAN_POINT('Origin',(0.,64.7286895835326,3.5));
#14075=CARTESIAN_POINT('Origin',(0.,-62.95,3.5));
#14076=CARTESIAN_POINT('',(-37.,59.4,3.5));
#14077=CARTESIAN_POINT('',(37.,59.4,3.5));
#14078=CARTESIAN_POINT('Origin',(0.,-62.95,3.5));
#14079=CARTESIAN_POINT('',(-2.25,-62.95,3.5));
#14080=CARTESIAN_POINT('',(-2.25,-68.290156094536,3.5));
#14081=CARTESIAN_POINT('',(2.25,-62.95,3.5));
#14082=CARTESIAN_POINT('Origin',(0.,-62.95,3.5));
#14083=CARTESIAN_POINT('',(2.25,-62.95,3.5));
#14084=CARTESIAN_POINT('',(37.,-60.6,3.5));
#14085=CARTESIAN_POINT('',(-37.,-60.6,3.5));
#14086=CARTESIAN_POINT('Origin',(-2.25,-68.290156094536,3.5));
#14087=CARTESIAN_POINT('',(-2.25,-62.95,3.5));
#14088=CARTESIAN_POINT('Origin',(0.,-62.95,3.5));
#14089=CARTESIAN_POINT('',(2.25,-62.95,3.5));
#14090=CARTESIAN_POINT('Origin',(2.25,-62.95,3.5));
#14091=CARTESIAN_POINT('Origin',(5.5,70.,0.5));
#14092=CARTESIAN_POINT('',(5.5,64.7,0.5));
#14093=CARTESIAN_POINT('',(5.5,65.93543208956,1.8));
#14094=CARTESIAN_POINT('Origin',(-5.5,64.7,0.5));
#14095=CARTESIAN_POINT('',(-5.5,65.93543208956,1.8));
#14096=CARTESIAN_POINT('',(-5.5,64.7,0.5));
#14097=CARTESIAN_POINT('Origin',(-5.5,-70.,0.5));
#14098=CARTESIAN_POINT('',(-5.5,-64.7,0.5));
#14099=CARTESIAN_POINT('',(-5.5,-65.93543208956,1.8));
#14100=CARTESIAN_POINT('Origin',(5.5,-64.7,0.5));
#14101=CARTESIAN_POINT('',(5.5,-64.7,0.5));
#14102=CARTESIAN_POINT('',(5.5,-65.93543208956,1.8));
#14103=CARTESIAN_POINT('Origin',(0.,-64.7,0.5));
#14104=CARTESIAN_POINT('Origin',(0.,64.7,0.5));
#14105=CARTESIAN_POINT('Origin',(-37.,58.0816,1.8));
#14106=CARTESIAN_POINT('',(-37.,58.0816,1.8));
#14107=CARTESIAN_POINT('',(-37.,0.75000000000001,1.8));
#14108=CARTESIAN_POINT('Origin',(-37.,0.75000000000001,1.8));
#14109=CARTESIAN_POINT('',(-6.2551978385979,0.75,1.8));
#14110=CARTESIAN_POINT('Origin',(0.,1.37693675905659E-14,1.8));
#14111=CARTESIAN_POINT('',(6.2551978385979,0.75,1.8));
#14112=CARTESIAN_POINT('Origin',(6.2551978385979,0.75,1.8));
#14113=CARTESIAN_POINT('',(37.,0.75,1.8));
#14114=CARTESIAN_POINT('Origin',(37.,0.75,1.8));
#14115=CARTESIAN_POINT('',(37.,22.95,1.8));
#14116=CARTESIAN_POINT('Origin',(37.,22.95,1.8));
#14117=CARTESIAN_POINT('Origin',(37.,37.35,1.8));
#14118=CARTESIAN_POINT('',(37.,58.0816,1.8));
#14119=CARTESIAN_POINT('Origin',(37.,58.0816,1.8));
#14120=CARTESIAN_POINT('Origin',(-5.5,65.93543208956,1.8));
#14121=CARTESIAN_POINT('Origin',(-37.,-37.35,1.8));
#14122=CARTESIAN_POINT('',(-37.,-58.0816,1.8));
#14123=CARTESIAN_POINT('Origin',(-37.,-58.0816,1.8));
#14124=CARTESIAN_POINT('Origin',(5.5,-65.93543208956,1.8));
#14125=CARTESIAN_POINT('',(37.,-58.0816,1.8));
#14126=CARTESIAN_POINT('Origin',(37.,-58.0816,1.8));
#14127=CARTESIAN_POINT('',(37.,-0.75000000000001,1.8));
#14128=CARTESIAN_POINT('Origin',(37.,-0.75000000000001,1.8));
#14129=CARTESIAN_POINT('',(6.2551978385979,-0.75,1.8));
#14130=CARTESIAN_POINT('Origin',(0.,-1.47451495458029E-14,1.8));
#14131=CARTESIAN_POINT('',(-6.2551978385979,-0.750000000000004,1.8));
#14132=CARTESIAN_POINT('Origin',(-6.2551978385979,-0.75,1.8));
#14133=CARTESIAN_POINT('',(-37.,-0.75,1.8));
#14134=CARTESIAN_POINT('Origin',(-37.,-0.75,1.8));
#14135=CARTESIAN_POINT('',(-37.,-22.95,1.8));
#14136=CARTESIAN_POINT('Origin',(-37.,-22.95,1.8));
#14137=CARTESIAN_POINT('Origin',(3.5,57.6,23.5));
#14138=CARTESIAN_POINT('',(3.5,57.6,23.5));
#14139=CARTESIAN_POINT('',(-3.5,57.6,23.5));
#14140=CARTESIAN_POINT('Origin',(-3.5,57.6,23.5));
#14141=CARTESIAN_POINT('',(-3.5,49.6,23.5));
#14142=CARTESIAN_POINT('Origin',(0.,49.6,23.5));
#14143=CARTESIAN_POINT('',(3.5,49.6,23.5));
#14144=CARTESIAN_POINT('Origin',(3.5,49.6,23.5));
#14145=CARTESIAN_POINT('Origin',(-3.5,-49.6,23.5));
#14146=CARTESIAN_POINT('',(-3.5,-49.6,23.5));
#14147=CARTESIAN_POINT('',(-3.5,-57.6,23.5));
#14148=CARTESIAN_POINT('Origin',(-3.5,-57.6,23.5));
#14149=CARTESIAN_POINT('',(3.5,-57.6,23.5));
#14150=CARTESIAN_POINT('Origin',(3.5,-57.6,23.5));
#14151=CARTESIAN_POINT('',(3.5,-49.6,23.5));
#14152=CARTESIAN_POINT('Origin',(0.,-49.6,23.5));
#14153=CARTESIAN_POINT('Origin',(34.102758245852,59.4,19.931074487337));
#14154=CARTESIAN_POINT('',(34.102758245852,59.4,19.931074487337));
#14155=CARTESIAN_POINT('Origin',(20.3154497036824,59.4,17.5000000000015));
#14156=CARTESIAN_POINT('',(20.315449703681,59.4,31.5));
#14157=CARTESIAN_POINT('Origin',(-20.315449703681,59.4,31.5));
#14158=CARTESIAN_POINT('',(-20.315449703681,59.4,31.5));
#14159=CARTESIAN_POINT('Origin',(-20.3154497036824,59.4,17.5000000000016));
#14160=CARTESIAN_POINT('',(-34.102758245852,59.4,19.931074487337));
#14161=CARTESIAN_POINT('Origin',(-37.,59.4,3.5));
#14162=CARTESIAN_POINT('Origin',(-19.5,56.3,17.5));
#14163=CARTESIAN_POINT('Origin',(-28.500032831326,57.2,17.5));
#14164=CARTESIAN_POINT('Origin',(-29.600045188433,56.5,17.5));
#14165=CARTESIAN_POINT('Origin',(19.5,56.3,17.5));
#14166=CARTESIAN_POINT('Origin',(10.499967168674,57.2,17.5));
#14167=CARTESIAN_POINT('Origin',(9.3999548115673,56.5,17.5));
#14168=CARTESIAN_POINT('Origin',(34.102758245852,-60.6,19.931074487337));
#14169=CARTESIAN_POINT('',(34.102758245852,-60.6,19.931074487337));
#14170=CARTESIAN_POINT('Origin',(20.3154497036824,-60.6,17.5000000000015));
#14171=CARTESIAN_POINT('',(20.315449703681,-60.6,31.5));
#14172=CARTESIAN_POINT('Origin',(-20.315449703681,-60.6,31.5));
#14173=CARTESIAN_POINT('',(-20.315449703681,-60.6,31.5));
#14174=CARTESIAN_POINT('Origin',(-20.3154497036824,-60.6,17.5000000000016));
#14175=CARTESIAN_POINT('',(-34.102758245852,-60.6,19.931074487337));
#14176=CARTESIAN_POINT('Origin',(-37.,-60.6,3.5));
#14177=CARTESIAN_POINT('Origin',(9.,-56.5,17.5));
#14178=CARTESIAN_POINT('Origin',(9.8041,-57.2,17.5));
#14179=CARTESIAN_POINT('Origin',(17.,-56.3,17.5));
#14180=CARTESIAN_POINT('Origin',(-30.,-56.5,17.5));
#14181=CARTESIAN_POINT('Origin',(-29.1959,-57.2,17.5));
#14182=CARTESIAN_POINT('Origin',(-22.,-56.3,17.5));
#14183=CARTESIAN_POINT('Origin',(-8.,36.,-3.2));
#14184=CARTESIAN_POINT('',(-8.,36.,1.8));
#14185=CARTESIAN_POINT('',(-8.,36.,-3.2));
#14186=CARTESIAN_POINT('',(-8.,24.,1.8));
#14187=CARTESIAN_POINT('',(-8.,36.,1.8));
#14188=CARTESIAN_POINT('',(-8.,24.,-3.2));
#14189=CARTESIAN_POINT('Origin',(37.,36.,-3.2));
#14190=CARTESIAN_POINT('',(37.,36.,1.8));
#14191=CARTESIAN_POINT('',(37.,36.,-3.2));
#14192=CARTESIAN_POINT('',(37.,36.,1.8));
#14193=CARTESIAN_POINT('Origin',(37.,24.,-3.2));
#14194=CARTESIAN_POINT('',(37.,24.,1.8));
#14195=CARTESIAN_POINT('',(37.,24.,-3.2));
#14196=CARTESIAN_POINT('',(37.,24.,1.8));
#14197=CARTESIAN_POINT('Origin',(-8.,24.,-3.2));
#14198=CARTESIAN_POINT('',(-8.,24.,1.8));
#14199=CARTESIAN_POINT('Origin',(-8.,24.,1.8));
#14200=CARTESIAN_POINT('Origin',(8.,-24.,-3.2));
#14201=CARTESIAN_POINT('',(8.,-24.,1.8));
#14202=CARTESIAN_POINT('',(8.,-24.,-3.2));
#14203=CARTESIAN_POINT('',(-37.,-24.,1.8));
#14204=CARTESIAN_POINT('',(8.,-24.,1.8));
#14205=CARTESIAN_POINT('',(-37.,-24.,-3.2));
#14206=CARTESIAN_POINT('Origin',(8.,-36.,-3.2));
#14207=CARTESIAN_POINT('',(8.,-36.,1.8));
#14208=CARTESIAN_POINT('',(8.,-36.,-3.2));
#14209=CARTESIAN_POINT('',(8.,-36.,1.8));
#14210=CARTESIAN_POINT('Origin',(-37.,-36.,-3.2));
#14211=CARTESIAN_POINT('',(-37.,-36.,1.8));
#14212=CARTESIAN_POINT('',(-37.,-36.,-3.2));
#14213=CARTESIAN_POINT('',(-37.,-36.,1.8));
#14214=CARTESIAN_POINT('Origin',(-37.,-24.,-3.2));
#14215=CARTESIAN_POINT('',(-37.,-24.,1.8));
#14216=CARTESIAN_POINT('Origin',(-37.,-24.,1.8));
#14217=CARTESIAN_POINT('Origin',(-28.9,63.1,31.6864));
#14218=CARTESIAN_POINT('',(-37.1,63.1,31.6864));
#14219=CARTESIAN_POINT('',(-28.9,63.1,31.6864));
#14220=CARTESIAN_POINT('Origin',(-28.9,60.,33.6864));
#14221=CARTESIAN_POINT('Origin',(-37.1,60.,33.6864));
#14222=CARTESIAN_POINT('Origin',(-28.9,-63.1,33.6864));
#14223=CARTESIAN_POINT('',(-37.1,-63.1,33.6864));
#14224=CARTESIAN_POINT('',(-28.9,-63.1,33.6864));
#14225=CARTESIAN_POINT('Origin',(-28.9,-63.1,33.6864));
#14226=CARTESIAN_POINT('Origin',(-37.1,-63.1,33.6864));
#14227=CARTESIAN_POINT('Origin',(37.1,-63.1,33.6864));
#14228=CARTESIAN_POINT('',(28.9,-63.1,33.6864));
#14229=CARTESIAN_POINT('',(37.1,-63.1,33.6864));
#14230=CARTESIAN_POINT('Origin',(37.1,-63.1,33.6864));
#14231=CARTESIAN_POINT('Origin',(28.9,-63.1,33.6864));
#14232=CARTESIAN_POINT('Origin',(-35.331599999999,60.500000000001,67.5));
#14233=CARTESIAN_POINT('',(-35.8316,60.5,67.5));
#14234=CARTESIAN_POINT('Origin',(-30.6685000000009,60.500000000001,67.5));
#14235=CARTESIAN_POINT('',(-30.1685,60.5,67.5));
#14236=CARTESIAN_POINT('Origin',(-30.1685,60.5,67.5));
#14237=CARTESIAN_POINT('',(-30.1685,61.2558,67.5));
#14238=CARTESIAN_POINT('Origin',(-30.6685000000009,61.2557999999991,67.5));
#14239=CARTESIAN_POINT('',(-30.6685,61.7558,67.5));
#14240=CARTESIAN_POINT('Origin',(-30.6685,61.7558,67.5));
#14241=CARTESIAN_POINT('',(-35.3316,61.7558,67.5));
#14242=CARTESIAN_POINT('Origin',(-35.3315999999991,61.2557999999991,67.5));
#14243=CARTESIAN_POINT('',(-35.8316,61.2558,67.5));
#14244=CARTESIAN_POINT('Origin',(-35.8316,61.2558,67.5));
#14245=CARTESIAN_POINT('Origin',(-35.3315999999991,-61.2557999999991,67.5));
#14246=CARTESIAN_POINT('',(-35.3316,-61.7558,67.5));
#14247=CARTESIAN_POINT('',(-35.8316,-61.2558,67.5));
#14248=CARTESIAN_POINT('Origin',(-35.3316,-61.7558,67.5));
#14249=CARTESIAN_POINT('',(-30.6685,-61.7558,67.5));
#14250=CARTESIAN_POINT('Origin',(-30.6685000000009,-61.2557999999991,67.5));
#14251=CARTESIAN_POINT('',(-30.1685,-61.2558,67.5));
#14252=CARTESIAN_POINT('Origin',(-30.1685,-61.2558,67.5));
#14253=CARTESIAN_POINT('',(-30.1685,-60.5,67.5));
#14254=CARTESIAN_POINT('Origin',(-30.6685000000009,-60.500000000001,67.5));
#14255=CARTESIAN_POINT('Origin',(-35.331599999999,-60.500000000001,67.5));
#14256=CARTESIAN_POINT('',(-35.8316,-60.5,67.5));
#14257=CARTESIAN_POINT('Origin',(-35.8316,-60.5,67.5));
#14258=CARTESIAN_POINT('Origin',(30.6685000000009,-61.2557999999991,67.5));
#14259=CARTESIAN_POINT('',(30.6685,-61.7558,67.5));
#14260=CARTESIAN_POINT('',(30.1685,-61.2558,67.5));
#14261=CARTESIAN_POINT('Origin',(30.6685,-61.7558,67.5));
#14262=CARTESIAN_POINT('',(35.3316,-61.7558,67.5));
#14263=CARTESIAN_POINT('Origin',(35.3315999999991,-61.2557999999991,67.5));
#14264=CARTESIAN_POINT('',(35.8316,-61.2558,67.5));
#14265=CARTESIAN_POINT('Origin',(35.8316,-61.2558,67.5));
#14266=CARTESIAN_POINT('',(35.8316,-60.5,67.5));
#14267=CARTESIAN_POINT('Origin',(35.331599999999,-60.500000000001,67.5));
#14268=CARTESIAN_POINT('Origin',(30.6685000000009,-60.500000000001,67.5));
#14269=CARTESIAN_POINT('',(30.1685,-60.5,67.5));
#14270=CARTESIAN_POINT('Origin',(30.1685,-60.5,67.5));
#14271=CARTESIAN_POINT('Origin',(-5.,55.7,54.1));
#14272=CARTESIAN_POINT('',(-5.,55.7,54.1));
#14273=CARTESIAN_POINT('',(5.,55.7,54.1));
#14274=CARTESIAN_POINT('Origin',(-37.,-55.7,54.1));
#14275=CARTESIAN_POINT('',(-5.,-55.7,54.1));
#14276=CARTESIAN_POINT('',(5.,-55.7,54.1));
#14277=CARTESIAN_POINT('Origin',(-5.,-55.7,54.1));
#14278=CARTESIAN_POINT('Origin',(5.,-49.6,54.1));
#14279=CARTESIAN_POINT('Origin',(5.,55.7,54.1));
#14280=CARTESIAN_POINT('Origin',(-5.,49.6,54.1));
#14281=CARTESIAN_POINT('Origin',(0.,52.600003847459,35.5));
#14282=CARTESIAN_POINT('Origin',(0.,-46.599996152541,35.5));
#14283=CARTESIAN_POINT('Origin',(0.,51.4155,35.5));
#14284=CARTESIAN_POINT('Origin',(0.,-47.9155,35.5));
#14285=CARTESIAN_POINT('Origin',(-37.,-11.,12.));
#14286=CARTESIAN_POINT('',(-34.8831,-11.,12.));
#14287=CARTESIAN_POINT('',(-34.8831,-11.,12.));
#14288=CARTESIAN_POINT('',(-37.,-11.,12.));
#14289=CARTESIAN_POINT('Origin',(-34.8831,-11.,12.));
#14290=CARTESIAN_POINT('',(-34.8831,-15.5,12.));
#14291=CARTESIAN_POINT('',(-34.8831,-15.5,12.));
#14292=CARTESIAN_POINT('',(-34.8831,-11.,12.));
#14293=CARTESIAN_POINT('Origin',(-34.8831,-15.5,12.));
#14294=CARTESIAN_POINT('',(-27.9169,-15.5,12.));
#14295=CARTESIAN_POINT('',(-27.9169,-15.5,12.));
#14296=CARTESIAN_POINT('',(-34.8831,-15.5,12.));
#14297=CARTESIAN_POINT('Origin',(-27.9169,-15.5,12.));
#14298=CARTESIAN_POINT('',(-27.9169,-11.,12.));
#14299=CARTESIAN_POINT('',(-27.9169,-11.,12.));
#14300=CARTESIAN_POINT('',(-27.9169,-15.5,12.));
#14301=CARTESIAN_POINT('Origin',(-27.9169,-11.,12.));
#14302=CARTESIAN_POINT('',(-25.7,-11.,12.));
#14303=CARTESIAN_POINT('',(-25.7,-11.,12.));
#14304=CARTESIAN_POINT('',(-27.9169,-11.,12.));
#14305=CARTESIAN_POINT('Origin',(-25.7,-11.,12.));
#14306=CARTESIAN_POINT('',(-25.7,-15.5,12.));
#14307=CARTESIAN_POINT('',(-25.7,-15.5,12.));
#14308=CARTESIAN_POINT('',(-25.7,-11.,12.));
#14309=CARTESIAN_POINT('Origin',(-25.7,-15.5,12.));
#14310=CARTESIAN_POINT('',(-24.5,-15.5,12.));
#14311=CARTESIAN_POINT('',(-24.5,-15.5,12.));
#14312=CARTESIAN_POINT('',(-25.7,-15.5,12.));
#14313=CARTESIAN_POINT('Origin',(-24.5,-15.5,12.));
#14314=CARTESIAN_POINT('',(-24.5,15.5,12.));
#14315=CARTESIAN_POINT('',(-24.5,15.5,12.));
#14316=CARTESIAN_POINT('',(-24.5,-15.5,12.));
#14317=CARTESIAN_POINT('Origin',(-24.5,15.5,12.));
#14318=CARTESIAN_POINT('',(-25.7,15.5,12.));
#14319=CARTESIAN_POINT('',(-25.7,15.5,12.));
#14320=CARTESIAN_POINT('',(-24.5,15.5,12.));
#14321=CARTESIAN_POINT('Origin',(-25.7,15.5,12.));
#14322=CARTESIAN_POINT('',(-25.7,11.,12.));
#14323=CARTESIAN_POINT('',(-25.7,11.,12.));
#14324=CARTESIAN_POINT('',(-25.7,15.5,12.));
#14325=CARTESIAN_POINT('Origin',(-25.7,11.,12.));
#14326=CARTESIAN_POINT('',(-27.9169,11.,12.));
#14327=CARTESIAN_POINT('',(-27.9169,11.,12.));
#14328=CARTESIAN_POINT('',(-25.7,11.,12.));
#14329=CARTESIAN_POINT('Origin',(-27.9169,11.,12.));
#14330=CARTESIAN_POINT('',(-27.9169,15.5,12.));
#14331=CARTESIAN_POINT('',(-27.9169,15.5,12.));
#14332=CARTESIAN_POINT('',(-27.9169,11.,12.));
#14333=CARTESIAN_POINT('Origin',(-27.9169,15.5,12.));
#14334=CARTESIAN_POINT('',(-34.8831,15.5,12.));
#14335=CARTESIAN_POINT('',(-34.8831,15.5,12.));
#14336=CARTESIAN_POINT('',(-27.9169,15.5,12.));
#14337=CARTESIAN_POINT('Origin',(-34.8831,15.5,12.));
#14338=CARTESIAN_POINT('',(-34.8831,11.,12.));
#14339=CARTESIAN_POINT('',(-34.8831,11.,12.));
#14340=CARTESIAN_POINT('',(-34.8831,15.5,12.));
#14341=CARTESIAN_POINT('Origin',(-34.8831,11.,12.));
#14342=CARTESIAN_POINT('',(-34.8831,11.,12.));
#14343=CARTESIAN_POINT('Origin',(-37.,-11.,12.));
#14344=CARTESIAN_POINT('',(-26.3,9.6,12.));
#14345=CARTESIAN_POINT('',(-36.5,9.6,12.));
#14346=CARTESIAN_POINT('',(-26.3,9.6,12.));
#14347=CARTESIAN_POINT('',(-26.3,6.2,12.));
#14348=CARTESIAN_POINT('',(-26.3,6.2,12.));
#14349=CARTESIAN_POINT('',(-27.8,6.2,12.));
#14350=CARTESIAN_POINT('',(-27.8,6.2,12.));
#14351=CARTESIAN_POINT('',(-27.8,4.8,12.));
#14352=CARTESIAN_POINT('',(-27.8,4.8,12.));
#14353=CARTESIAN_POINT('',(-26.3,4.8,12.));
#14354=CARTESIAN_POINT('',(-26.3,4.8,12.));
#14355=CARTESIAN_POINT('',(-26.3,3.9392,12.));
#14356=CARTESIAN_POINT('',(-26.3,3.9392,12.));
#14357=CARTESIAN_POINT('',(-25.7,2.8999695154587,12.));
#14358=CARTESIAN_POINT('',(-25.7,2.8999695154587,12.));
#14359=CARTESIAN_POINT('',(-25.7,-2.8999695154587,12.));
#14360=CARTESIAN_POINT('',(-25.7,-2.8999695154587,12.));
#14361=CARTESIAN_POINT('',(-26.3,-3.9392,12.));
#14362=CARTESIAN_POINT('',(-26.3,-3.9392,12.));
#14363=CARTESIAN_POINT('',(-26.3,-4.8,12.));
#14364=CARTESIAN_POINT('',(-26.3,-4.8,12.));
#14365=CARTESIAN_POINT('',(-27.8,-4.8,12.));
#14366=CARTESIAN_POINT('',(-27.8,-4.8,12.));
#14367=CARTESIAN_POINT('',(-27.8,-6.2,12.));
#14368=CARTESIAN_POINT('',(-27.8,-6.2,12.));
#14369=CARTESIAN_POINT('',(-26.3,-6.2,12.));
#14370=CARTESIAN_POINT('',(-26.3,-6.2,12.));
#14371=CARTESIAN_POINT('',(-26.3,-9.6,12.));
#14372=CARTESIAN_POINT('',(-26.3,-9.6,12.));
#14373=CARTESIAN_POINT('',(-36.5,-9.6,12.));
#14374=CARTESIAN_POINT('',(-36.5,-9.6,12.));
#14375=CARTESIAN_POINT('',(-36.5,9.6,12.));
#14376=CARTESIAN_POINT('Origin',(24.5,15.5,12.));
#14377=CARTESIAN_POINT('',(24.5,-15.5,12.));
#14378=CARTESIAN_POINT('',(24.5,-15.5,12.));
#14379=CARTESIAN_POINT('',(24.5,15.5,12.));
#14380=CARTESIAN_POINT('',(24.5,15.5,12.));
#14381=CARTESIAN_POINT('',(24.5,15.5,12.));
#14382=CARTESIAN_POINT('Origin',(24.5,-15.5,12.));
#14383=CARTESIAN_POINT('',(25.7,-15.5,12.));
#14384=CARTESIAN_POINT('',(25.7,-15.5,12.));
#14385=CARTESIAN_POINT('',(24.5,-15.5,12.));
#14386=CARTESIAN_POINT('Origin',(25.7,-15.5,12.));
#14387=CARTESIAN_POINT('',(25.7,-11.,12.));
#14388=CARTESIAN_POINT('',(25.7,-11.,12.));
#14389=CARTESIAN_POINT('',(25.7,-15.5,12.));
#14390=CARTESIAN_POINT('Origin',(25.7,-11.,12.));
#14391=CARTESIAN_POINT('',(27.9169,-11.,12.));
#14392=CARTESIAN_POINT('',(27.9169,-11.,12.));
#14393=CARTESIAN_POINT('',(25.7,-11.,12.));
#14394=CARTESIAN_POINT('Origin',(27.9169,-11.,12.));
#14395=CARTESIAN_POINT('',(27.9169,-15.5,12.));
#14396=CARTESIAN_POINT('',(27.9169,-15.5,12.));
#14397=CARTESIAN_POINT('',(27.9169,-11.,12.));
#14398=CARTESIAN_POINT('Origin',(27.9169,-15.5,12.));
#14399=CARTESIAN_POINT('',(34.8831,-15.5,12.));
#14400=CARTESIAN_POINT('',(34.8831,-15.5,12.));
#14401=CARTESIAN_POINT('',(27.9169,-15.5,12.));
#14402=CARTESIAN_POINT('Origin',(34.8831,-15.5,12.));
#14403=CARTESIAN_POINT('',(34.8831,-11.,12.));
#14404=CARTESIAN_POINT('',(34.8831,-11.,12.));
#14405=CARTESIAN_POINT('',(34.8831,-15.5,12.));
#14406=CARTESIAN_POINT('Origin',(34.8831,-11.,12.));
#14407=CARTESIAN_POINT('',(34.8831,-11.,12.));
#14408=CARTESIAN_POINT('Origin',(37.,11.,12.));
#14409=CARTESIAN_POINT('',(34.8831,11.,12.));
#14410=CARTESIAN_POINT('',(34.8831,11.,12.));
#14411=CARTESIAN_POINT('',(37.,11.,12.));
#14412=CARTESIAN_POINT('Origin',(34.8831,11.,12.));
#14413=CARTESIAN_POINT('',(34.8831,15.5,12.));
#14414=CARTESIAN_POINT('',(34.8831,15.5,12.));
#14415=CARTESIAN_POINT('',(34.8831,11.,12.));
#14416=CARTESIAN_POINT('Origin',(34.8831,15.5,12.));
#14417=CARTESIAN_POINT('',(27.9169,15.5,12.));
#14418=CARTESIAN_POINT('',(27.9169,15.5,12.));
#14419=CARTESIAN_POINT('',(34.8831,15.5,12.));
#14420=CARTESIAN_POINT('Origin',(27.9169,15.5,12.));
#14421=CARTESIAN_POINT('',(27.9169,11.,12.));
#14422=CARTESIAN_POINT('',(27.9169,11.,12.));
#14423=CARTESIAN_POINT('',(27.9169,15.5,12.));
#14424=CARTESIAN_POINT('Origin',(27.9169,11.,12.));
#14425=CARTESIAN_POINT('',(25.7,11.,12.));
#14426=CARTESIAN_POINT('',(25.7,11.,12.));
#14427=CARTESIAN_POINT('',(27.9169,11.,12.));
#14428=CARTESIAN_POINT('Origin',(25.7,11.,12.));
#14429=CARTESIAN_POINT('',(25.7,15.5,12.));
#14430=CARTESIAN_POINT('',(25.7,15.5,12.));
#14431=CARTESIAN_POINT('',(25.7,11.,12.));
#14432=CARTESIAN_POINT('Origin',(25.7,15.5,12.));
#14433=CARTESIAN_POINT('',(25.7,15.5,12.));
#14434=CARTESIAN_POINT('Origin',(24.5,-15.5,12.));
#14435=CARTESIAN_POINT('',(25.7,2.8999695154587,12.));
#14436=CARTESIAN_POINT('',(25.7,-2.8999695154587,12.));
#14437=CARTESIAN_POINT('',(25.7,2.8999695154587,12.));
#14438=CARTESIAN_POINT('',(26.3,3.9392,12.));
#14439=CARTESIAN_POINT('',(26.3,3.9392,12.));
#14440=CARTESIAN_POINT('',(26.3,4.8,12.));
#14441=CARTESIAN_POINT('',(26.3,4.8,12.));
#14442=CARTESIAN_POINT('',(27.8,4.8,12.));
#14443=CARTESIAN_POINT('',(27.8,4.8,12.));
#14444=CARTESIAN_POINT('',(27.8,6.2,12.));
#14445=CARTESIAN_POINT('',(27.8,6.2,12.));
#14446=CARTESIAN_POINT('',(26.3,6.2,12.));
#14447=CARTESIAN_POINT('',(26.3,6.2,12.));
#14448=CARTESIAN_POINT('',(26.3,9.6,12.));
#14449=CARTESIAN_POINT('',(26.3,9.6,12.));
#14450=CARTESIAN_POINT('',(36.5,9.6,12.));
#14451=CARTESIAN_POINT('',(36.5,9.6,12.));
#14452=CARTESIAN_POINT('',(36.5,-9.6,12.));
#14453=CARTESIAN_POINT('',(36.5,-9.6,12.));
#14454=CARTESIAN_POINT('',(26.3,-9.6,12.));
#14455=CARTESIAN_POINT('',(26.3,-9.6,12.));
#14456=CARTESIAN_POINT('',(26.3,-6.2,12.));
#14457=CARTESIAN_POINT('',(26.3,-6.2,12.));
#14458=CARTESIAN_POINT('',(27.8,-6.2,12.));
#14459=CARTESIAN_POINT('',(27.8,-6.2,12.));
#14460=CARTESIAN_POINT('',(27.8,-4.8,12.));
#14461=CARTESIAN_POINT('',(27.8,-4.8,12.));
#14462=CARTESIAN_POINT('',(26.3,-4.8,12.));
#14463=CARTESIAN_POINT('',(26.3,-4.8,12.));
#14464=CARTESIAN_POINT('',(26.3,-3.9392,12.));
#14465=CARTESIAN_POINT('',(26.3,-3.9392,12.));
#14466=CARTESIAN_POINT('',(25.7,-2.8999695154587,12.));
#14467=CARTESIAN_POINT('Origin',(-26.3,9.6,10.));
#14468=CARTESIAN_POINT('',(-36.5,9.6,10.));
#14469=CARTESIAN_POINT('',(-36.5,9.6,10.));
#14470=CARTESIAN_POINT('',(-26.3,9.6,10.));
#14471=CARTESIAN_POINT('',(-26.3,9.6,10.));
#14472=CARTESIAN_POINT('',(-26.3,9.6,10.));
#14473=CARTESIAN_POINT('Origin',(-26.3,6.2,10.));
#14474=CARTESIAN_POINT('',(-26.3,6.2,10.));
#14475=CARTESIAN_POINT('',(-26.3,6.2,10.));
#14476=CARTESIAN_POINT('',(-26.3,6.2,10.));
#14477=CARTESIAN_POINT('Origin',(-27.8,6.2,10.));
#14478=CARTESIAN_POINT('',(-27.8,6.2,10.));
#14479=CARTESIAN_POINT('',(-27.8,6.2,10.));
#14480=CARTESIAN_POINT('',(-27.8,6.2,10.));
#14481=CARTESIAN_POINT('Origin',(-27.8,4.8,10.));
#14482=CARTESIAN_POINT('',(-27.8,4.8,10.));
#14483=CARTESIAN_POINT('',(-27.8,4.8,10.));
#14484=CARTESIAN_POINT('',(-27.8,4.8,10.));
#14485=CARTESIAN_POINT('Origin',(-26.3,4.8,10.));
#14486=CARTESIAN_POINT('',(-26.3,4.8,10.));
#14487=CARTESIAN_POINT('',(-26.3,4.8,10.));
#14488=CARTESIAN_POINT('',(-26.3,4.8,10.));
#14489=CARTESIAN_POINT('Origin',(-26.3,3.9392,10.));
#14490=CARTESIAN_POINT('',(-26.3,3.9392,10.));
#14491=CARTESIAN_POINT('',(-26.3,3.9392,10.));
#14492=CARTESIAN_POINT('',(-26.3,3.9392,10.));
#14493=CARTESIAN_POINT('Origin',(-25.7,2.8999695154587,10.));
#14494=CARTESIAN_POINT('',(-25.7,2.8999695154587,10.));
#14495=CARTESIAN_POINT('',(-25.7,2.8999695154587,10.));
#14496=CARTESIAN_POINT('',(-25.7,2.8999695154587,10.));
#14497=CARTESIAN_POINT('Origin',(-25.7,-2.8999695154587,10.));
#14498=CARTESIAN_POINT('',(-25.7,-2.8999695154587,10.));
#14499=CARTESIAN_POINT('',(-25.7,-2.8999695154587,10.));
#14500=CARTESIAN_POINT('',(-25.7,-2.8999695154587,10.));
#14501=CARTESIAN_POINT('Origin',(-26.3,-3.9392,10.));
#14502=CARTESIAN_POINT('',(-26.3,-3.9392,10.));
#14503=CARTESIAN_POINT('',(-26.3,-3.9392,10.));
#14504=CARTESIAN_POINT('',(-26.3,-3.9392,10.));
#14505=CARTESIAN_POINT('Origin',(-26.3,-4.8,10.));
#14506=CARTESIAN_POINT('',(-26.3,-4.8,10.));
#14507=CARTESIAN_POINT('',(-26.3,-4.8,10.));
#14508=CARTESIAN_POINT('',(-26.3,-4.8,10.));
#14509=CARTESIAN_POINT('Origin',(-27.8,-4.8,10.));
#14510=CARTESIAN_POINT('',(-27.8,-4.8,10.));
#14511=CARTESIAN_POINT('',(-27.8,-4.8,10.));
#14512=CARTESIAN_POINT('',(-27.8,-4.8,10.));
#14513=CARTESIAN_POINT('Origin',(-27.8,-6.2,10.));
#14514=CARTESIAN_POINT('',(-27.8,-6.2,10.));
#14515=CARTESIAN_POINT('',(-27.8,-6.2,10.));
#14516=CARTESIAN_POINT('',(-27.8,-6.2,10.));
#14517=CARTESIAN_POINT('Origin',(-26.3,-6.2,10.));
#14518=CARTESIAN_POINT('',(-26.3,-6.2,10.));
#14519=CARTESIAN_POINT('',(-26.3,-6.2,10.));
#14520=CARTESIAN_POINT('',(-26.3,-6.2,10.));
#14521=CARTESIAN_POINT('Origin',(-26.3,-9.6,10.));
#14522=CARTESIAN_POINT('',(-26.3,-9.6,10.));
#14523=CARTESIAN_POINT('',(-26.3,-9.6,10.));
#14524=CARTESIAN_POINT('',(-26.3,-9.6,10.));
#14525=CARTESIAN_POINT('Origin',(-36.5,-9.6,10.));
#14526=CARTESIAN_POINT('',(-36.5,-9.6,10.));
#14527=CARTESIAN_POINT('',(-36.5,-9.6,10.));
#14528=CARTESIAN_POINT('',(-36.5,-9.6,10.));
#14529=CARTESIAN_POINT('Origin',(-36.5,9.6,10.));
#14530=CARTESIAN_POINT('',(-36.5,9.6,10.));
#14531=CARTESIAN_POINT('Origin',(-36.5,9.6,10.));
#14532=CARTESIAN_POINT('Origin',(25.7,2.8999695154587,10.));
#14533=CARTESIAN_POINT('',(25.7,-2.8999695154587,10.));
#14534=CARTESIAN_POINT('',(25.7,-2.8999695154587,10.));
#14535=CARTESIAN_POINT('',(25.7,2.8999695154587,10.));
#14536=CARTESIAN_POINT('',(25.7,2.8999695154587,10.));
#14537=CARTESIAN_POINT('',(25.7,2.8999695154587,10.));
#14538=CARTESIAN_POINT('Origin',(26.3,3.9392,10.));
#14539=CARTESIAN_POINT('',(26.3,3.9392,10.));
#14540=CARTESIAN_POINT('',(26.3,3.9392,10.));
#14541=CARTESIAN_POINT('',(26.3,3.9392,10.));
#14542=CARTESIAN_POINT('Origin',(26.3,4.8,10.));
#14543=CARTESIAN_POINT('',(26.3,4.8,10.));
#14544=CARTESIAN_POINT('',(26.3,4.8,10.));
#14545=CARTESIAN_POINT('',(26.3,4.8,10.));
#14546=CARTESIAN_POINT('Origin',(27.8,4.8,10.));
#14547=CARTESIAN_POINT('',(27.8,4.8,10.));
#14548=CARTESIAN_POINT('',(27.8,4.8,10.));
#14549=CARTESIAN_POINT('',(27.8,4.8,10.));
#14550=CARTESIAN_POINT('Origin',(27.8,6.2,10.));
#14551=CARTESIAN_POINT('',(27.8,6.2,10.));
#14552=CARTESIAN_POINT('',(27.8,6.2,10.));
#14553=CARTESIAN_POINT('',(27.8,6.2,10.));
#14554=CARTESIAN_POINT('Origin',(26.3,6.2,10.));
#14555=CARTESIAN_POINT('',(26.3,6.2,10.));
#14556=CARTESIAN_POINT('',(26.3,6.2,10.));
#14557=CARTESIAN_POINT('',(26.3,6.2,10.));
#14558=CARTESIAN_POINT('Origin',(26.3,9.6,10.));
#14559=CARTESIAN_POINT('',(26.3,9.6,10.));
#14560=CARTESIAN_POINT('',(26.3,9.6,10.));
#14561=CARTESIAN_POINT('',(26.3,9.6,10.));
#14562=CARTESIAN_POINT('Origin',(36.5,9.6,10.));
#14563=CARTESIAN_POINT('',(36.5,9.6,10.));
#14564=CARTESIAN_POINT('',(36.5,9.6,10.));
#14565=CARTESIAN_POINT('',(36.5,9.6,10.));
#14566=CARTESIAN_POINT('Origin',(36.5,-9.6,10.));
#14567=CARTESIAN_POINT('',(36.5,-9.6,10.));
#14568=CARTESIAN_POINT('',(36.5,-9.6,10.));
#14569=CARTESIAN_POINT('',(36.5,-9.6,10.));
#14570=CARTESIAN_POINT('Origin',(26.3,-9.6,10.));
#14571=CARTESIAN_POINT('',(26.3,-9.6,10.));
#14572=CARTESIAN_POINT('',(26.3,-9.6,10.));
#14573=CARTESIAN_POINT('',(26.3,-9.6,10.));
#14574=CARTESIAN_POINT('Origin',(26.3,-6.2,10.));
#14575=CARTESIAN_POINT('',(26.3,-6.2,10.));
#14576=CARTESIAN_POINT('',(26.3,-6.2,10.));
#14577=CARTESIAN_POINT('',(26.3,-6.2,10.));
#14578=CARTESIAN_POINT('Origin',(27.8,-6.2,10.));
#14579=CARTESIAN_POINT('',(27.8,-6.2,10.));
#14580=CARTESIAN_POINT('',(27.8,-6.2,10.));
#14581=CARTESIAN_POINT('',(27.8,-6.2,10.));
#14582=CARTESIAN_POINT('Origin',(27.8,-4.8,10.));
#14583=CARTESIAN_POINT('',(27.8,-4.8,10.));
#14584=CARTESIAN_POINT('',(27.8,-4.8,10.));
#14585=CARTESIAN_POINT('',(27.8,-4.8,10.));
#14586=CARTESIAN_POINT('Origin',(26.3,-4.8,10.));
#14587=CARTESIAN_POINT('',(26.3,-4.8,10.));
#14588=CARTESIAN_POINT('',(26.3,-4.8,10.));
#14589=CARTESIAN_POINT('',(26.3,-4.8,10.));
#14590=CARTESIAN_POINT('Origin',(26.3,-3.9392,10.));
#14591=CARTESIAN_POINT('',(26.3,-3.9392,10.));
#14592=CARTESIAN_POINT('',(26.3,-3.9392,10.));
#14593=CARTESIAN_POINT('',(26.3,-3.9392,10.));
#14594=CARTESIAN_POINT('Origin',(25.7,-2.8999695154587,10.));
#14595=CARTESIAN_POINT('',(25.7,-2.8999695154587,10.));
#14596=CARTESIAN_POINT('Origin',(25.7,-4.8,10.));
#14597=CARTESIAN_POINT('Origin',(30.55,0.,3.5));
#14598=CARTESIAN_POINT('Origin',(-30.55,0.,3.5));
#14599=CARTESIAN_POINT('Origin',(1.8141016151378,25.,11.5));
#14600=CARTESIAN_POINT('',(0.75,26.6518064868639,11.5));
#14601=CARTESIAN_POINT('',(0.75,23.3481935131361,11.5));
#14602=CARTESIAN_POINT('Origin',(0.,25.,11.5));
#14603=CARTESIAN_POINT('',(0.75,22.25,11.5));
#14604=CARTESIAN_POINT('Origin',(0.,25.,11.5));
#14605=CARTESIAN_POINT('',(0.75,22.772894254868,9.5));
#14606=CARTESIAN_POINT('Ctrl Pts',(0.75,23.3481935131361,11.5));
#14607=CARTESIAN_POINT('Ctrl Pts',(0.75,23.0975629065684,10.6483145850848));
#14608=CARTESIAN_POINT('Ctrl Pts',(0.75,22.772894254868,9.50000000000012));
#14609=CARTESIAN_POINT('',(0.75,27.227105745132,9.5));
#14610=CARTESIAN_POINT('Origin',(0.,25.,9.5));
#14611=CARTESIAN_POINT('Ctrl Pts',(0.75,27.227105745132,9.50000000000012));
#14612=CARTESIAN_POINT('Ctrl Pts',(0.75,26.9024370934316,10.6483145850848));
#14613=CARTESIAN_POINT('Ctrl Pts',(0.75,26.6518064868639,11.5));
#14614=CARTESIAN_POINT('Origin',(0.,25.,9.5));
#14615=CARTESIAN_POINT('',(0.75,27.6457513110646,9.2690598923241));
#14616=CARTESIAN_POINT('',(0.75,22.3542486889354,9.2690598923241));
#14617=CARTESIAN_POINT('Origin',(0.,25.,9.2690598923241));
#14618=CARTESIAN_POINT('Ctrl Pts',(0.75,27.6457513110646,9.2690598923241));
#14619=CARTESIAN_POINT('Ctrl Pts',(0.75,27.5064253324152,9.34645041880106));
#14620=CARTESIAN_POINT('Ctrl Pts',(0.75,27.3669155945868,9.42350199369709));
#14621=CARTESIAN_POINT('Ctrl Pts',(0.75,27.227105745132,9.5));
#14622=CARTESIAN_POINT('Ctrl Pts',(0.75,22.772894254868,9.5));
#14623=CARTESIAN_POINT('Ctrl Pts',(0.75,22.6330969692435,9.42350886809091));
#14624=CARTESIAN_POINT('Ctrl Pts',(0.75,22.4935732347291,9.3464496229017));
#14625=CARTESIAN_POINT('Ctrl Pts',(0.75,22.3542486889354,9.2690598923241));
#14626=CARTESIAN_POINT('Origin',(0.,25.,11.5));
#14627=CARTESIAN_POINT('',(0.75,22.3542486889354,11.5));
#14628=CARTESIAN_POINT('',(0.75,27.6457513110646,11.5));
#14629=CARTESIAN_POINT('Origin',(0.,25.,11.5));
#14630=CARTESIAN_POINT('',(0.75,22.772894254868,7.5));
#14631=CARTESIAN_POINT('',(0.75,22.772894254868,11.5));
#14632=CARTESIAN_POINT('Origin',(0.0631758722626267,1014.30800864952,-7.62504176936151));
#14633=CARTESIAN_POINT('',(0.75,27.227105745132,7.5));
#14634=CARTESIAN_POINT('Origin',(0.0631758724490094,-964.308008619809,-7.6250417683006));
#14635=CARTESIAN_POINT('',(0.75,27.227105745132,11.5));
#14636=CARTESIAN_POINT('Origin',(1.8141016151378,-25.,11.5));
#14637=CARTESIAN_POINT('',(0.75,-23.3481935131361,11.5));
#14638=CARTESIAN_POINT('',(0.75,-26.6518064868639,11.5));
#14639=CARTESIAN_POINT('Origin',(0.,-25.,11.5));
#14640=CARTESIAN_POINT('',(0.75,-27.75,11.5));
#14641=CARTESIAN_POINT('Origin',(0.,-25.,11.5));
#14642=CARTESIAN_POINT('',(0.75,-27.227105745132,9.5));
#14643=CARTESIAN_POINT('Ctrl Pts',(0.75,-26.6518064868639,11.5));
#14644=CARTESIAN_POINT('Ctrl Pts',(0.75,-26.9024370934316,10.6483145850848));
#14645=CARTESIAN_POINT('Ctrl Pts',(0.75,-27.227105745132,9.50000000000012));
#14646=CARTESIAN_POINT('',(0.75,-22.772894254868,9.5));
#14647=CARTESIAN_POINT('Origin',(0.,-25.,9.5));
#14648=CARTESIAN_POINT('Ctrl Pts',(0.75,-22.772894254868,9.50000000000013));
#14649=CARTESIAN_POINT('Ctrl Pts',(0.75,-23.0975629065684,10.6483145850848));
#14650=CARTESIAN_POINT('Ctrl Pts',(0.75,-23.3481935131361,11.5));
#14651=CARTESIAN_POINT('Origin',(0.,-25.,9.5));
#14652=CARTESIAN_POINT('',(0.75,-22.3542486889354,9.2690598923241));
#14653=CARTESIAN_POINT('',(0.75,-27.6457513110646,9.2690598923241));
#14654=CARTESIAN_POINT('Origin',(0.,-25.,9.2690598923241));
#14655=CARTESIAN_POINT('Ctrl Pts',(0.75,-22.3542486889354,9.2690598923241));
#14656=CARTESIAN_POINT('Ctrl Pts',(0.75,-22.4935746675848,9.34645041880106));
#14657=CARTESIAN_POINT('Ctrl Pts',(0.75,-22.6330844054132,9.42350199369709));
#14658=CARTESIAN_POINT('Ctrl Pts',(0.75,-22.772894254868,9.5));
#14659=CARTESIAN_POINT('Ctrl Pts',(0.75,-27.227105745132,9.5));
#14660=CARTESIAN_POINT('Ctrl Pts',(0.75,-27.3669030307565,9.42350886809091));
#14661=CARTESIAN_POINT('Ctrl Pts',(0.75,-27.5064267652709,9.3464496229017));
#14662=CARTESIAN_POINT('Ctrl Pts',(0.75,-27.6457513110646,9.2690598923241));
#14663=CARTESIAN_POINT('Origin',(0.,-25.,11.5));
#14664=CARTESIAN_POINT('',(0.75,-27.6457513110646,11.5));
#14665=CARTESIAN_POINT('',(0.75,-22.3542486889354,11.5));
#14666=CARTESIAN_POINT('Origin',(0.,-25.,11.5));
#14667=CARTESIAN_POINT('',(0.75,-27.227105745132,7.5));
#14668=CARTESIAN_POINT('',(0.75,-27.227105745132,11.5));
#14669=CARTESIAN_POINT('Origin',(0.0631758722704154,964.308008636423,-7.62504176929318));
#14670=CARTESIAN_POINT('',(0.75,-22.772894254868,7.5));
#14671=CARTESIAN_POINT('Origin',(0.0631758723917803,-1014.30800864159,-7.62504176953952));
#14672=CARTESIAN_POINT('',(0.75,-22.772894254868,11.5));
#14673=CARTESIAN_POINT('Origin',(0.,-27.75,4.2103594031804));
#14674=CARTESIAN_POINT('',(0.59938234187443,-27.75,4.1831416103029));
#14675=CARTESIAN_POINT('',(0.75,-27.75,7.5));
#14676=CARTESIAN_POINT('',(-0.59938234187443,-27.75,4.1831416103029));
#14677=CARTESIAN_POINT('Origin',(0.,-27.75,4.2103594031804));
#14678=CARTESIAN_POINT('',(-0.59938234187443,-27.75,4.1831416103029));
#14679=CARTESIAN_POINT('Origin',(0.,-22.25,4.2103594031804));
#14680=CARTESIAN_POINT('',(-0.59938234187443,-22.25,4.1831416103029));
#14681=CARTESIAN_POINT('',(-0.59938234187443,-22.25,4.1831416103029));
#14682=CARTESIAN_POINT('',(0.59938234187443,-22.25,4.1831416103029));
#14683=CARTESIAN_POINT('Origin',(0.,-22.25,4.2103594031804));
#14684=CARTESIAN_POINT('',(0.75,-22.25,7.5));
#14685=CARTESIAN_POINT('Origin',(-0.75,-27.75,7.5));
#14686=CARTESIAN_POINT('',(-0.75,-27.75,7.5));
#14687=CARTESIAN_POINT('Origin',(-0.59938234187443,-27.75,4.1831416103029));
#14688=CARTESIAN_POINT('',(-0.59938234187443,-27.75,4.1831416103029));
#14689=CARTESIAN_POINT('Origin',(0.75,-27.75,7.5));
#14690=CARTESIAN_POINT('',(0.59938234187443,-27.75,4.1831416103029));
#14691=CARTESIAN_POINT('',(0.75,-27.75,7.5));
#14692=CARTESIAN_POINT('Origin',(0.75,-27.75,11.5));
#14693=CARTESIAN_POINT('Origin',(0.,-27.75,4.2103594031804));
#14694=CARTESIAN_POINT('Origin',(0.,22.25,4.2103594031804));
#14695=CARTESIAN_POINT('',(0.59938234187443,22.25,4.1831416103029));
#14696=CARTESIAN_POINT('',(0.75,22.25,7.5));
#14697=CARTESIAN_POINT('',(-0.59938234187443,22.25,4.1831416103029));
#14698=CARTESIAN_POINT('Origin',(0.,22.25,4.2103594031804));
#14699=CARTESIAN_POINT('',(-0.59938234187443,22.25,4.1831416103029));
#14700=CARTESIAN_POINT('Origin',(0.,27.75,4.2103594031804));
#14701=CARTESIAN_POINT('',(-0.59938234187443,27.75,4.1831416103029));
#14702=CARTESIAN_POINT('',(-0.59938234187443,27.75,4.1831416103029));
#14703=CARTESIAN_POINT('',(0.59938234187443,27.75,4.1831416103029));
#14704=CARTESIAN_POINT('Origin',(0.,27.75,4.2103594031804));
#14705=CARTESIAN_POINT('',(0.75,27.75,7.5));
#14706=CARTESIAN_POINT('Origin',(-0.75,22.25,7.5));
#14707=CARTESIAN_POINT('',(-0.75,22.25,7.5));
#14708=CARTESIAN_POINT('Origin',(-0.59938234187443,22.25,4.1831416103029));
#14709=CARTESIAN_POINT('',(-0.59938234187443,22.25,4.1831416103029));
#14710=CARTESIAN_POINT('Origin',(0.75,22.25,7.5));
#14711=CARTESIAN_POINT('',(0.59938234187443,22.25,4.1831416103029));
#14712=CARTESIAN_POINT('',(0.75,22.25,7.5));
#14713=CARTESIAN_POINT('Origin',(0.75,22.25,11.5));
#14714=CARTESIAN_POINT('Origin',(0.,22.25,4.2103594031804));
#14715=CARTESIAN_POINT('Origin',(-10.5,37.,0.8));
#14716=CARTESIAN_POINT('Origin',(28.5,-37.,0.8));
#14717=CARTESIAN_POINT('Origin',(19.5,-37.,0.8));
#14718=CARTESIAN_POINT('Origin',(19.5,-37.,1.8));
#14719=CARTESIAN_POINT('Origin',(-13.9,37.,3.5));
#14720=CARTESIAN_POINT('Origin',(25.1,-37.,3.5));
#14721=CARTESIAN_POINT('',(0.,0.,0.));
#14722=CARTESIAN_POINT('Origin',(0.,0.,29.));
#14723=CARTESIAN_POINT('',(2.5,-3.06161699786838E-16,29.));
#14724=CARTESIAN_POINT('Origin',(0.,0.,29.));
#14725=CARTESIAN_POINT('',(2.5,-3.06161699786838E-16,27.3));
#14726=CARTESIAN_POINT('',(2.5,-3.06161699786838E-16,29.));
#14727=CARTESIAN_POINT('Origin',(0.,0.,27.3));
#14728=CARTESIAN_POINT('Origin',(0.,0.,29.));
#14729=CARTESIAN_POINT('',(1.35,-1.65327317884893E-16,27.3));
#14730=CARTESIAN_POINT('Origin',(0.,0.,27.3));
#14731=CARTESIAN_POINT('',(1.35,-1.65327317884893E-16,24.8));
#14732=CARTESIAN_POINT('',(1.35,-1.65327317884893E-16,29.));
#14733=CARTESIAN_POINT('Origin',(0.,0.,24.8));
#14734=CARTESIAN_POINT('Origin',(0.,0.,29.));
#14735=CARTESIAN_POINT('',(4.75,-5.81707229594993E-16,24.8));
#14736=CARTESIAN_POINT('Origin',(0.,0.,24.8));
#14737=CARTESIAN_POINT('',(4.75,-5.81707229594993E-16,10.672243186434));
#14738=CARTESIAN_POINT('',(4.75,-5.81707229594993E-16,29.));
#14739=CARTESIAN_POINT('Origin',(0.,0.,10.672243186434));
#14740=CARTESIAN_POINT('Origin',(0.,0.,10.672243186434));
#14741=CARTESIAN_POINT('',(5.6,-6.85802207522518E-16,7.5));
#14742=CARTESIAN_POINT('',(4.75,-5.81707229594993E-16,10.672243186434));
#14743=CARTESIAN_POINT('Origin',(0.,0.,7.5));
#14744=CARTESIAN_POINT('Origin',(0.,0.,7.5));
#14745=CARTESIAN_POINT('',(5.9996133917893,-7.34740733637636E-16,7.5));
#14746=CARTESIAN_POINT('Origin',(0.,0.,7.5));
#14747=CARTESIAN_POINT('',(7.125,-8.72560844392489E-16,3.3));
#14748=CARTESIAN_POINT('',(5.9996133917893,-7.34740733637636E-16,7.5));
#14749=CARTESIAN_POINT('Origin',(0.,0.,3.3));
#14750=CARTESIAN_POINT('Origin',(0.,0.,29.));
#14751=CARTESIAN_POINT('',(8.75,-1.07156594925393E-15,3.3));
#14752=CARTESIAN_POINT('Origin',(0.,0.,3.3));
#14753=CARTESIAN_POINT('',(8.75,-1.07156594925393E-15,1.1));
#14754=CARTESIAN_POINT('',(8.75,-1.07156594925393E-15,29.));
#14755=CARTESIAN_POINT('Origin',(0.,0.,1.1));
#14756=CARTESIAN_POINT('Origin',(0.,0.,29.));
#14757=CARTESIAN_POINT('',(9.7,-1.18790739517293E-15,1.1));
#14758=CARTESIAN_POINT('Origin',(0.,0.,1.1));
#14759=CARTESIAN_POINT('',(9.7,-1.18790739517293E-15,3.));
#14760=CARTESIAN_POINT('',(9.7,-1.18790739517293E-15,29.));
#14761=CARTESIAN_POINT('Origin',(0.,0.,3.));
#14762=CARTESIAN_POINT('Origin',(0.,0.,0.));
#14763=CARTESIAN_POINT('',(-29.05,-3.55759895152306E-15,18.5));
#14764=CARTESIAN_POINT('Origin',(0.,0.,18.5));
#14765=CARTESIAN_POINT('',(-29.05,-3.55759895152306E-15,0.));
#14766=CARTESIAN_POINT('',(-29.05,-3.55759895152306E-15,0.));
#14767=CARTESIAN_POINT('Origin',(0.,0.,0.));
#14768=CARTESIAN_POINT('Origin',(0.,0.,0.));
#14769=CARTESIAN_POINT('',(-31.2,-3.82089801333974E-15,12.8));
#14770=CARTESIAN_POINT('Origin',(0.,0.,12.8));
#14771=CARTESIAN_POINT('',(-31.2,-3.82089801333974E-15,18.5));
#14772=CARTESIAN_POINT('',(-31.2,-3.82089801333974E-15,0.));
#14773=CARTESIAN_POINT('Origin',(0.,0.,18.5));
#14774=CARTESIAN_POINT('Origin',(0.,0.,12.8));
#14775=CARTESIAN_POINT('',(-32.4,-3.96785562923742E-15,14.));
#14776=CARTESIAN_POINT('Origin',(0.,0.,14.));
#14777=CARTESIAN_POINT('',(-31.2,-3.82089801333974E-15,12.8));
#14778=CARTESIAN_POINT('Origin',(0.,0.,0.));
#14779=CARTESIAN_POINT('',(30.475563981656,-11.,29.));
#14780=CARTESIAN_POINT('',(30.475563981656,11.,29.));
#14781=CARTESIAN_POINT('Origin',(-2.24126273096203E-12,0.,29.));
#14782=CARTESIAN_POINT('',(30.4755639816559,-11.,19.7));
#14783=CARTESIAN_POINT('',(30.475563981656,-11.,29.));
#14784=CARTESIAN_POINT('',(-32.4,-3.96785562923742E-15,19.7));
#14785=CARTESIAN_POINT('Origin',(0.,0.,19.7));
#14786=CARTESIAN_POINT('',(-32.4,-3.96785562923742E-15,0.));
#14787=CARTESIAN_POINT('',(30.4755639816559,11.,19.7));
#14788=CARTESIAN_POINT('Origin',(0.,0.,19.7));
#14789=CARTESIAN_POINT('',(30.475563981656,11.,29.));
#14790=CARTESIAN_POINT('Origin',(0.,0.,3.));
#14791=CARTESIAN_POINT('',(3.97994974842648,-9.5,3.));
#14792=CARTESIAN_POINT('',(3.9799497484265,9.5,3.));
#14793=CARTESIAN_POINT('Origin',(0.,0.,3.));
#14794=CARTESIAN_POINT('',(4.74835541556624,-9.5,2.5421535802218));
#14795=CARTESIAN_POINT('Ctrl Pts',(3.9799497484638,-9.5,2.99999999997941));
#14796=CARTESIAN_POINT('Ctrl Pts',(4.35826504987138,-9.5,2.79123028937639));
#14797=CARTESIAN_POINT('Ctrl Pts',(4.74835541556624,-9.5,2.5421535802218));
#14798=CARTESIAN_POINT('',(4.74835541556683,9.5,2.54215358022171));
#14799=CARTESIAN_POINT('Origin',(0.,0.,2.5421535802218));
#14800=CARTESIAN_POINT('Ctrl Pts',(4.74835541564393,9.5,2.5421535801722));
#14801=CARTESIAN_POINT('Ctrl Pts',(4.35826504990901,9.5,2.79123028935563));
#14802=CARTESIAN_POINT('Ctrl Pts',(3.97994974846381,9.5,2.9999999999794));
#14803=CARTESIAN_POINT('Origin',(0.,0.,2.5421535802218));
#14804=CARTESIAN_POINT('',(11.6081867662439,-9.5,0.5));
#14805=CARTESIAN_POINT('Ctrl Pts',(4.74835541556624,-9.5,2.5421535802218));
#14806=CARTESIAN_POINT('Ctrl Pts',(7.59198416347195,-9.5,1.94931000092006));
#14807=CARTESIAN_POINT('Ctrl Pts',(11.6081867662439,-9.5,0.499999999999999));
#14808=CARTESIAN_POINT('',(11.6081867662439,9.5,0.500000000000001));
#14809=CARTESIAN_POINT('Origin',(0.,0.,0.5));
#14810=CARTESIAN_POINT('Ctrl Pts',(11.6081867662439,9.5,0.500000000000001));
#14811=CARTESIAN_POINT('Ctrl Pts',(7.59198416347233,9.5,1.94931000091993));
#14812=CARTESIAN_POINT('Ctrl Pts',(4.74835541556682,9.5,2.54215358022168));
#14813=CARTESIAN_POINT('Origin',(0.,0.,29.));
#14814=CARTESIAN_POINT('',(25.2735039122002,-9.5,0.5));
#14815=CARTESIAN_POINT('',(25.2735039122002,9.5,0.5));
#14816=CARTESIAN_POINT('Origin',(0.,0.,0.5));
#14817=CARTESIAN_POINT('',(25.2735039122002,-9.5,0.));
#14818=CARTESIAN_POINT('',(25.2735039122002,-9.5,29.));
#14819=CARTESIAN_POINT('',(25.2735039122002,9.5,0.));
#14820=CARTESIAN_POINT('Origin',(0.,0.,0.));
#14821=CARTESIAN_POINT('',(25.2735039122002,9.5,29.));
#14822=CARTESIAN_POINT('Origin',(0.,29.05,0.));
#14823=CARTESIAN_POINT('',(25.860249418751,-9.50000000000001,0.));
#14824=CARTESIAN_POINT('',(3.9799497484265,-9.5,0.));
#14825=CARTESIAN_POINT('',(25.860249418751,9.5,0.));
#14826=CARTESIAN_POINT('Origin',(-1.38777878078145E-14,0.,0.));
#14827=CARTESIAN_POINT('',(25.860249418751,9.5,0.));
#14828=CARTESIAN_POINT('Origin',(27.,0.,0.5));
#14829=CARTESIAN_POINT('',(27.,-9.5,0.5));
#14830=CARTESIAN_POINT('',(27.,9.5,0.5));
#14831=CARTESIAN_POINT('Origin',(-2.24126273096203E-12,0.,29.));
#14832=CARTESIAN_POINT('',(-2.9699040570499,11.,29.));
#14833=CARTESIAN_POINT('',(-12.2,0.,29.));
#14834=CARTESIAN_POINT('',(-2.9699040570499,11.,29.));
#14835=CARTESIAN_POINT('',(-2.9699040570499,-11.,29.));
#14836=CARTESIAN_POINT('',(-12.2,0.,29.));
#14837=CARTESIAN_POINT('',(-2.9699040570499,-11.,29.));
#14838=CARTESIAN_POINT('',(30.475563981656,11.,29.));
#14839=CARTESIAN_POINT('Origin',(0.,0.,3.2));
#14840=CARTESIAN_POINT('',(-2.9699040570499,-11.,3.2));
#14841=CARTESIAN_POINT('',(23.8962053548565,-11.,3.2));
#14842=CARTESIAN_POINT('',(0.,-11.,3.2));
#14843=CARTESIAN_POINT('',(-12.2,8.67361737988404E-16,3.2));
#14844=CARTESIAN_POINT('',(-7.15925388376826,-6.00732729337447,3.2));
#14845=CARTESIAN_POINT('',(-2.9699040570499,11.,3.2));
#14846=CARTESIAN_POINT('',(-7.15925388376826,6.00732729337447,3.2));
#14847=CARTESIAN_POINT('',(23.8962053548565,11.,3.2));
#14848=CARTESIAN_POINT('',(0.,11.,3.2));
#14849=CARTESIAN_POINT('Origin',(0.,0.,3.2));
#14850=CARTESIAN_POINT('Origin',(0.,0.,19.7));
#14851=CARTESIAN_POINT('',(25.4767050459827,-11.,19.7));
#14852=CARTESIAN_POINT('Ctrl Pts',(23.8962053548565,-11.,3.2));
#14853=CARTESIAN_POINT('Ctrl Pts',(24.425900501682,-11.,8.69972687345314));
#14854=CARTESIAN_POINT('Ctrl Pts',(24.9525566001591,-11.,14.1997454150835));
#14855=CARTESIAN_POINT('Ctrl Pts',(25.4767050459827,-11.,19.7));
#14856=CARTESIAN_POINT('',(25.4767050459827,11.,19.7));
#14857=CARTESIAN_POINT('Ctrl Pts',(25.4767050459827,11.,19.7));
#14858=CARTESIAN_POINT('Ctrl Pts',(24.9525565710718,11.,14.1997451098499));
#14859=CARTESIAN_POINT('Ctrl Pts',(24.4259002918743,11.,8.69972469505839));
#14860=CARTESIAN_POINT('Ctrl Pts',(23.8962053548565,11.,3.2));
#14861=CARTESIAN_POINT('Origin',(0.,0.,19.7));
#14862=CARTESIAN_POINT('Origin',(0.,27.75,19.7));
#14863=CARTESIAN_POINT('',(0.,-11.,19.7));
#14864=CARTESIAN_POINT('',(0.,11.,19.7));
#14865=CARTESIAN_POINT('Origin',(0.,31.2,18.5));
#14866=CARTESIAN_POINT('Origin',(-2.9699040570499,11.,29.));
#14867=CARTESIAN_POINT('',(-2.9699040570499,11.,29.));
#14868=CARTESIAN_POINT('',(-12.2,0.,29.));
#14869=CARTESIAN_POINT('Origin',(-12.2,0.,29.));
#14870=CARTESIAN_POINT('',(-2.9699040570499,-11.,29.));
#14871=CARTESIAN_POINT('Origin',(-2.9699040570499,-11.,29.));
#14872=CARTESIAN_POINT('Origin',(30.475563981656,11.,29.));
#14873=CARTESIAN_POINT('Origin',(10.3,0.,3.));
#14874=CARTESIAN_POINT('Origin',(0.,0.,3.));
#14875=CARTESIAN_POINT('Origin',(9.7,0.,1.1));
#14876=CARTESIAN_POINT('Origin',(8.75,0.,3.3));
#14877=CARTESIAN_POINT('Origin',(5.9996133917893,0.,7.5));
#14878=CARTESIAN_POINT('Origin',(4.75,0.,24.8));
#14879=CARTESIAN_POINT('Origin',(1.35,0.,27.3));
#14880=CARTESIAN_POINT('Origin',(-1.38777878078145E-14,0.,27.5));
#14881=CARTESIAN_POINT('',(3.9799497484265,9.5,27.5));
#14882=CARTESIAN_POINT('',(3.9799497484265,9.5,27.5));
#14883=CARTESIAN_POINT('',(3.9799497484265,-9.5,27.5));
#14884=CARTESIAN_POINT('Origin',(-1.38777878078145E-14,0.,27.5));
#14885=CARTESIAN_POINT('',(3.9799497484265,-9.5,27.5));
#14886=CARTESIAN_POINT('Origin',(3.9799497484265,-9.5,27.5));
#14887=CARTESIAN_POINT('',(25.860249418751,-9.50000000000001,27.5));
#14888=CARTESIAN_POINT('',(3.9799497484265,-9.5,27.5));
#14889=CARTESIAN_POINT('',(25.860249418751,-9.50000000000001,27.5));
#14890=CARTESIAN_POINT('Origin',(-1.38777878078145E-14,0.,27.5));
#14891=CARTESIAN_POINT('',(25.860249418751,9.5,27.5));
#14892=CARTESIAN_POINT('Origin',(-1.38777878078145E-14,0.,27.5));
#14893=CARTESIAN_POINT('',(25.860249418751,9.5,27.5));
#14894=CARTESIAN_POINT('Origin',(25.860249418751,9.5,27.5));
#14895=CARTESIAN_POINT('',(25.860249418751,9.5,27.5));
#14896=CARTESIAN_POINT('Origin',(-1.38777878078145E-14,0.,27.5));
#14897=CARTESIAN_POINT('',(0.,0.,37.5));
#14898=CARTESIAN_POINT('',(0.,0.,0.));
#14899=CARTESIAN_POINT('',(0.,0.,-37.5));
#14900=CARTESIAN_POINT('',(0.,0.,42.7));
#14901=UNCERTAINTY_MEASURE_WITH_UNIT(LENGTH_MEASURE(0.01),#14913,
'DISTANCE_ACCURACY_VALUE',
'Maximum model space distance between geometric entities at asserted c
onnectivities');
#14902=UNCERTAINTY_MEASURE_WITH_UNIT(LENGTH_MEASURE(0.01),#14913,
'DISTANCE_ACCURACY_VALUE',
'Maximum model space distance between geometric entities at asserted c
onnectivities');
#14903=UNCERTAINTY_MEASURE_WITH_UNIT(LENGTH_MEASURE(0.01),#14913,
'DISTANCE_ACCURACY_VALUE',
'Maximum model space distance between geometric entities at asserted c
onnectivities');
#14904=UNCERTAINTY_MEASURE_WITH_UNIT(LENGTH_MEASURE(0.01),#14913,
'DISTANCE_ACCURACY_VALUE',
'Maximum model space distance between geometric entities at asserted c
onnectivities');
#14905=UNCERTAINTY_MEASURE_WITH_UNIT(LENGTH_MEASURE(0.01),#14913,
'DISTANCE_ACCURACY_VALUE',
'Maximum model space distance between geometric entities at asserted c
onnectivities');
#14906=UNCERTAINTY_MEASURE_WITH_UNIT(LENGTH_MEASURE(0.01),#14913,
'DISTANCE_ACCURACY_VALUE',
'Maximum model space distance between geometric entities at asserted c
onnectivities');
#14907=(
GEOMETRIC_REPRESENTATION_CONTEXT(3)
GLOBAL_UNCERTAINTY_ASSIGNED_CONTEXT((#14901))
GLOBAL_UNIT_ASSIGNED_CONTEXT((#14913,#14915,#14916))
REPRESENTATION_CONTEXT('','3D')
);
#14908=(
GEOMETRIC_REPRESENTATION_CONTEXT(3)
GLOBAL_UNCERTAINTY_ASSIGNED_CONTEXT((#14902))
GLOBAL_UNIT_ASSIGNED_CONTEXT((#14913,#14915,#14916))
REPRESENTATION_CONTEXT('','3D')
);
#14909=(
GEOMETRIC_REPRESENTATION_CONTEXT(3)
GLOBAL_UNCERTAINTY_ASSIGNED_CONTEXT((#14903))
GLOBAL_UNIT_ASSIGNED_CONTEXT((#14913,#14915,#14916))
REPRESENTATION_CONTEXT('','3D')
);
#14910=(
GEOMETRIC_REPRESENTATION_CONTEXT(3)
GLOBAL_UNCERTAINTY_ASSIGNED_CONTEXT((#14904))
GLOBAL_UNIT_ASSIGNED_CONTEXT((#14913,#14915,#14916))
REPRESENTATION_CONTEXT('','3D')
);
#14911=(
GEOMETRIC_REPRESENTATION_CONTEXT(3)
GLOBAL_UNCERTAINTY_ASSIGNED_CONTEXT((#14905))
GLOBAL_UNIT_ASSIGNED_CONTEXT((#14913,#14915,#14916))
REPRESENTATION_CONTEXT('','3D')
);
#14912=(
GEOMETRIC_REPRESENTATION_CONTEXT(3)
GLOBAL_UNCERTAINTY_ASSIGNED_CONTEXT((#14906))
GLOBAL_UNIT_ASSIGNED_CONTEXT((#14913,#14915,#14916))
REPRESENTATION_CONTEXT('','3D')
);
#14913=(
LENGTH_UNIT()
NAMED_UNIT(*)
SI_UNIT(.MILLI.,.METRE.)
);
#14914=(
LENGTH_UNIT()
NAMED_UNIT(*)
SI_UNIT($,.METRE.)
);
#14915=(
NAMED_UNIT(*)
PLANE_ANGLE_UNIT()
SI_UNIT($,.RADIAN.)
);
#14916=(
NAMED_UNIT(*)
SI_UNIT($,.STERADIAN.)
SOLID_ANGLE_UNIT()
);
#14917=SHAPE_DEFINITION_REPRESENTATION(#14922,#14931);
#14918=SHAPE_DEFINITION_REPRESENTATION(#14923,#14932);
#14919=SHAPE_DEFINITION_REPRESENTATION(#14924,#14933);
#14920=SHAPE_DEFINITION_REPRESENTATION(#14925,#14934);
#14921=SHAPE_DEFINITION_REPRESENTATION(#14926,#14935);
#14922=PRODUCT_DEFINITION_SHAPE('',$,#14937);
#14923=PRODUCT_DEFINITION_SHAPE('',$,#14938);
#14924=PRODUCT_DEFINITION_SHAPE('',$,#14939);
#14925=PRODUCT_DEFINITION_SHAPE('',$,#14940);
#14926=PRODUCT_DEFINITION_SHAPE('',$,#14941);
#14927=PRODUCT_DEFINITION_SHAPE($,$,#23);
#14928=PRODUCT_DEFINITION_SHAPE($,$,#24);
#14929=PRODUCT_DEFINITION_SHAPE($,$,#25);
#14930=PRODUCT_DEFINITION_SHAPE($,$,#26);
#14931=SHAPE_REPRESENTATION('',(#8826,#9635,#9636,#9637,#9638),#14907);
#14932=SHAPE_REPRESENTATION('',(#8827),#14908);
#14933=SHAPE_REPRESENTATION('',(#8892),#14909);
#14934=SHAPE_REPRESENTATION('',(#9074),#14910);
#14935=SHAPE_REPRESENTATION('',(#9566),#14911);
#14936=PRODUCT_DEFINITION_CONTEXT('part definition',#14953,'design');
#14937=PRODUCT_DEFINITION('bauform1','bauform1 v1',#14942,#14936);
#14938=PRODUCT_DEFINITION('1Z115_87_01','1Z115_87_01',#14943,#14936);
#14939=PRODUCT_DEFINITION('1Z321_100_04','1Z321_100_04',#14944,#14936);
#14940=PRODUCT_DEFINITION('1Z321_100_02','1Z321_100_02',#14945,#14936);
#14941=PRODUCT_DEFINITION('1Z115_87_07','1Z115_87_07',#14946,#14936);
#14942=PRODUCT_DEFINITION_FORMATION('',$,#14955);
#14943=PRODUCT_DEFINITION_FORMATION('',$,#14956);
#14944=PRODUCT_DEFINITION_FORMATION('',$,#14957);
#14945=PRODUCT_DEFINITION_FORMATION('',$,#14958);
#14946=PRODUCT_DEFINITION_FORMATION('',$,#14959);
#14947=PRODUCT_RELATED_PRODUCT_CATEGORY('bauform1 v1','bauform1 v1',(#14955));
#14948=PRODUCT_RELATED_PRODUCT_CATEGORY('1Z115_87_01','1Z115_87_01',(#14956));
#14949=PRODUCT_RELATED_PRODUCT_CATEGORY('1Z321_100_04','1Z321_100_04',(#14957));
#14950=PRODUCT_RELATED_PRODUCT_CATEGORY('1Z321_100_02','1Z321_100_02',(#14958));
#14951=PRODUCT_RELATED_PRODUCT_CATEGORY('1Z115_87_07','1Z115_87_07',(#14959));
#14952=APPLICATION_PROTOCOL_DEFINITION('international standard',
'automotive_design',2009,#14953);
#14953=APPLICATION_CONTEXT(
'Core Data for Automotive Mechanical Design Process');
#14954=PRODUCT_CONTEXT('part definition',#14953,'mechanical');
#14955=PRODUCT('bauform1','bauform1 v1',$,(#14954));
#14956=PRODUCT('1Z115_87_01','1Z115_87_01',$,(#14954));
#14957=PRODUCT('1Z321_100_04','1Z321_100_04',$,(#14954));
#14958=PRODUCT('1Z321_100_02','1Z321_100_02',$,(#14954));
#14959=PRODUCT('1Z115_87_07','1Z115_87_07',$,(#14954));
#14960=PRESENTATION_STYLE_ASSIGNMENT((#14963));
#14961=PRESENTATION_STYLE_ASSIGNMENT((#14964));
#14962=PRESENTATION_STYLE_ASSIGNMENT((#14965));
#14963=SURFACE_STYLE_USAGE(.BOTH.,#14966);
#14964=SURFACE_STYLE_USAGE(.BOTH.,#14967);
#14965=SURFACE_STYLE_USAGE(.BOTH.,#14968);
#14966=SURFACE_SIDE_STYLE('',(#14969));
#14967=SURFACE_SIDE_STYLE('',(#14970));
#14968=SURFACE_SIDE_STYLE('',(#14971));
#14969=SURFACE_STYLE_FILL_AREA(#14972);
#14970=SURFACE_STYLE_FILL_AREA(#14973);
#14971=SURFACE_STYLE_FILL_AREA(#14974);
#14972=FILL_AREA_STYLE('Steel - Satin',(#14975));
#14973=FILL_AREA_STYLE('Opaque(192,192,192)',(#14976));
#14974=FILL_AREA_STYLE('Opaque(203,210,239)',(#14977));
#14975=FILL_AREA_STYLE_COLOUR('Steel - Satin',#14978);
#14976=FILL_AREA_STYLE_COLOUR('Opaque(192,192,192)',#14979);
#14977=FILL_AREA_STYLE_COLOUR('Opaque(203,210,239)',#14980);
#14978=COLOUR_RGB('Steel - Satin',0.627450980392157,0.627450980392157,0.627450980392157);
#14979=COLOUR_RGB('Opaque(192,192,192)',0.752941176470588,0.752941176470588,
0.752941176470588);
#14980=COLOUR_RGB('Opaque(203,210,239)',0.796078431372549,0.823529411764706,
0.937254901960784);
ENDSEC;
END-ISO-10303-21;
